Date,Shift,GarmentType,TargetUnits,EmployeeIDs,DefectsCount,MachineID,Make,Model,Assigned (Yes/No)
2023-10-01,Day,Jacket,409,"E027, E049, E043, E025, E011, E003, E023, E029, E018, E045",8,M001,Singer,B2000,No
2023-10-01,Day,Jacket,409,"E027, E049, E043, E025, E011, E003, E023, E029, E018, E045",8,M002,Juki,B2000,No
2023-10-01,Day,Jacket,409,"E027, E049, E043, E025, E011, E003, E023, E029, E018, E045",8,M003,Singer,B2000,No
2023-10-01,Day,Jacket,409,"E027, E049, E043, E025, E011, E003, E023, E029, E018, E045",8,M004,Singer,J3000,No
2023-10-01,Day,Jacket,409,"E027, E049, E043, E025, E011, E003, E023, E029, E018, E045",8,M005,Brother,S1000,Yes
2023-10-01,Day,Jacket,409,"E027, E049, E043, E025, E011, E003, E023, E029, E018, E045",8,M006,Juki,J3000,No
2023-10-01,Day,Jacket,409,"E027, E049, E043, E025, E011, E003, E023, E029, E018, E045",8,M007,Singer,B2000,No
2023-10-01,Day,Jacket,409,"E027, E049, E043, E025, E011, E003, E023, E029, E018, E045",8,M008,Singer,B2000,No
2023-10-01,Day,Jacket,409,"E027, E049, E043, E025, E011, E003, E023, E029, E018, E045",8,M009,Singer,S1000,No
2023-10-01,Day,Jacket,409,"E027, E049, E043, E025, E011, E003, E023, E029, E018, E045",8,M010,Juki,J3000,Yes
2023-10-01,Day,Jacket,409,"E027, E049, E043, E025, E011, E003, E023, E029, E018, E045",8,M011,Brother,S1000,No
2023-10-01,Day,Jacket,409,"E027, E049, E043, E025, E011, E003, E023, E029, E018, E045",8,M012,Singer,B2000,No
2023-10-01,Day,Jacket,409,"E027, E049, E043, E025, E011, E003, E023, E029, E018, E045",8,M013,Singer,B2000,Yes
2023-10-01,Day,Jacket,409,"E027, E049, E043, E025, E011, E003, E023, E029, E018, E045",8,M014,Brother,J3000,No
2023-10-01,Day,Jacket,409,"E027, E049, E043, E025, E011, E003, E023, E029, E018, E045",8,M015,Singer,B2000,No
2023-10-01,Day,Jacket,409,"E027, E049, E043, E025, E011, E003, E023, E029, E018, E045",8,M016,Singer,J3000,No
2023-10-01,Day,Jacket,409,"E027, E049, E043, E025, E011, E003, E023, E029, E018, E045",8,M017,Singer,J3000,No
2023-10-01,Day,Jacket,409,"E027, E049, E043, E025, E011, E003, E023, E029, E018, E045",8,M018,Juki,S1000,No
2023-10-01,Day,Jacket,409,"E027, E049, E043, E025, E011, E003, E023, E029, E018, E045",8,M019,Singer,J3000,Yes
2023-10-01,Day,Jacket,409,"E027, E049, E043, E025, E011, E003, E023, E029, E018, E045",8,M020,Singer,S1000,No
2023-10-01,Day,Jacket,409,"E027, E049, E043, E025, E011, E003, E023, E029, E018, E045",8,M021,Singer,S1000,No
2023-10-01,Day,Jacket,409,"E027, E049, E043, E025, E011, E003, E023, E029, E018, E045",8,M022,Juki,S1000,No
2023-10-01,Day,Jacket,409,"E027, E049, E043, E025, E011, E003, E023, E029, E018, E045",8,M023,Singer,B2000,No
2023-10-01,Day,Jacket,409,"E027, E049, E043, E025, E011, E003, E023, E029, E018, E045",8,M024,Brother,J3000,No
2023-10-01,Day,Jacket,409,"E027, E049, E043, E025, E011, E003, E023, E029, E018, E045",8,M025,Brother,J3000,Yes
2023-10-01,Day,Jacket,409,"E027, E049, E043, E025, E011, E003, E023, E029, E018, E045",8,M026,Juki,J3000,No
2023-10-01,Day,Jacket,409,"E027, E049, E043, E025, E011, E003, E023, E029, E018, E045",8,M027,Singer,B2000,No
2023-10-01,Day,Jacket,409,"E027, E049, E043, E025, E011, E003, E023, E029, E018, E045",8,M028,Juki,S1000,No
2023-10-01,Day,Jacket,409,"E027, E049, E043, E025, E011, E003, E023, E029, E018, E045",8,M029,Juki,B2000,No
2023-10-01,Day,Jacket,409,"E027, E049, E043, E025, E011, E003, E023, E029, E018, E045",8,M030,Singer,B2000,Yes
2023-10-01,Day,Jacket,409,"E027, E049, E043, E025, E011, E003, E023, E029, E018, E045",8,M031,Brother,S1000,No
2023-10-01,Day,Jacket,409,"E027, E049, E043, E025, E011, E003, E023, E029, E018, E045",8,M032,Juki,B2000,No
2023-10-01,Day,Jacket,409,"E027, E049, E043, E025, E011, E003, E023, E029, E018, E045",8,M033,Singer,J3000,Yes
2023-10-01,Day,Jacket,409,"E027, E049, E043, E025, E011, E003, E023, E029, E018, E045",8,M034,Singer,J3000,Yes
2023-10-01,Day,Jacket,409,"E027, E049, E043, E025, E011, E003, E023, E029, E018, E045",8,M035,Singer,S1000,No
2023-10-01,Day,Jacket,409,"E027, E049, E043, E025, E011, E003, E023, E029, E018, E045",8,M036,Singer,J3000,No
2023-10-01,Day,Jacket,409,"E027, E049, E043, E025, E011, E003, E023, E029, E018, E045",8,M037,Singer,B2000,No
2023-10-01,Day,Jacket,409,"E027, E049, E043, E025, E011, E003, E023, E029, E018, E045",8,M038,Brother,B2000,No
2023-10-01,Day,Jacket,409,"E027, E049, E043, E025, E011, E003, E023, E029, E018, E045",8,M039,Brother,J3000,No
2023-10-01,Day,Jacket,409,"E027, E049, E043, E025, E011, E003, E023, E029, E018, E045",8,M040,Brother,B2000,No
2023-10-01,Day,Jacket,409,"E027, E049, E043, E025, E011, E003, E023, E029, E018, E045",8,M041,Brother,J3000,Yes
2023-10-01,Day,Jacket,409,"E027, E049, E043, E025, E011, E003, E023, E029, E018, E045",8,M042,Brother,S1000,No
2023-10-01,Day,Jacket,409,"E027, E049, E043, E025, E011, E003, E023, E029, E018, E045",8,M043,Singer,J3000,No
2023-10-01,Day,Jacket,409,"E027, E049, E043, E025, E011, E003, E023, E029, E018, E045",8,M044,Singer,J3000,No
2023-10-01,Day,Jacket,409,"E027, E049, E043, E025, E011, E003, E023, E029, E018, E045",8,M045,Juki,S1000,No
2023-10-01,Day,Jacket,409,"E027, E049, E043, E025, E011, E003, E023, E029, E018, E045",8,M046,Singer,J3000,No
2023-10-01,Day,Jacket,409,"E027, E049, E043, E025, E011, E003, E023, E029, E018, E045",8,M047,Brother,J3000,No
2023-10-01,Day,Jacket,409,"E027, E049, E043, E025, E011, E003, E023, E029, E018, E045",8,M048,Juki,B2000,No
2023-10-01,Day,Jacket,409,"E027, E049, E043, E025, E011, E003, E023, E029, E018, E045",8,M049,Brother,B2000,No
2023-10-01,Day,Jacket,409,"E027, E049, E043, E025, E011, E003, E023, E029, E018, E045",8,M050,Brother,B2000,No
2023-10-01,Night,Dress,635,"E026, E002, E004, E041, E032, E042, E024, E003, E016, E032",24,M001,Juki,S1000,No
2023-10-01,Night,Dress,635,"E026, E002, E004, E041, E032, E042, E024, E003, E016, E032",24,M002,Juki,J3000,No
2023-10-01,Night,Dress,635,"E026, E002, E004, E041, E032, E042, E024, E003, E016, E032",24,M003,Singer,S1000,No
2023-10-01,Night,Dress,635,"E026, E002, E004, E041, E032, E042, E024, E003, E016, E032",24,M004,Brother,J3000,No
2023-10-01,Night,Dress,635,"E026, E002, E004, E041, E032, E042, E024, E003, E016, E032",24,M005,Singer,S1000,No
2023-10-01,Night,Dress,635,"E026, E002, E004, E041, E032, E042, E024, E003, E016, E032",24,M006,Brother,B2000,No
2023-10-01,Night,Dress,635,"E026, E002, E004, E041, E032, E042, E024, E003, E016, E032",24,M007,Singer,S1000,No
2023-10-01,Night,Dress,635,"E026, E002, E004, E041, E032, E042, E024, E003, E016, E032",24,M008,Brother,S1000,Yes
2023-10-01,Night,Dress,635,"E026, E002, E004, E041, E032, E042, E024, E003, E016, E032",24,M009,Juki,S1000,No
2023-10-01,Night,Dress,635,"E026, E002, E004, E041, E032, E042, E024, E003, E016, E032",24,M010,Brother,S1000,No
2023-10-01,Night,Dress,635,"E026, E002, E004, E041, E032, E042, E024, E003, E016, E032",24,M011,Singer,B2000,No
2023-10-01,Night,Dress,635,"E026, E002, E004, E041, E032, E042, E024, E003, E016, E032",24,M012,Brother,S1000,No
2023-10-01,Night,Dress,635,"E026, E002, E004, E041, E032, E042, E024, E003, E016, E032",24,M013,Singer,B2000,No
2023-10-01,Night,Dress,635,"E026, E002, E004, E041, E032, E042, E024, E003, E016, E032",24,M014,Brother,S1000,No
2023-10-01,Night,Dress,635,"E026, E002, E004, E041, E032, E042, E024, E003, E016, E032",24,M015,Singer,J3000,No
2023-10-01,Night,Dress,635,"E026, E002, E004, E041, E032, E042, E024, E003, E016, E032",24,M016,Singer,J3000,Yes
2023-10-01,Night,Dress,635,"E026, E002, E004, E041, E032, E042, E024, E003, E016, E032",24,M017,Singer,B2000,No
2023-10-01,Night,Dress,635,"E026, E002, E004, E041, E032, E042, E024, E003, E016, E032",24,M018,Brother,B2000,No
2023-10-01,Night,Dress,635,"E026, E002, E004, E041, E032, E042, E024, E003, E016, E032",24,M019,Singer,B2000,No
2023-10-01,Night,Dress,635,"E026, E002, E004, E041, E032, E042, E024, E003, E016, E032",24,M020,Juki,S1000,No
2023-10-01,Night,Dress,635,"E026, E002, E004, E041, E032, E042, E024, E003, E016, E032",24,M021,Juki,S1000,No
2023-10-01,Night,Dress,635,"E026, E002, E004, E041, E032, E042, E024, E003, E016, E032",24,M022,Brother,S1000,Yes
2023-10-01,Night,Dress,635,"E026, E002, E004, E041, E032, E042, E024, E003, E016, E032",24,M023,Singer,J3000,No
2023-10-01,Night,Dress,635,"E026, E002, E004, E041, E032, E042, E024, E003, E016, E032",24,M024,Singer,J3000,No
2023-10-01,Night,Dress,635,"E026, E002, E004, E041, E032, E042, E024, E003, E016, E032",24,M025,Brother,B2000,No
2023-10-01,Night,Dress,635,"E026, E002, E004, E041, E032, E042, E024, E003, E016, E032",24,M026,Juki,B2000,No
2023-10-01,Night,Dress,635,"E026, E002, E004, E041, E032, E042, E024, E003, E016, E032",24,M027,Singer,S1000,No
2023-10-01,Night,Dress,635,"E026, E002, E004, E041, E032, E042, E024, E003, E016, E032",24,M028,Singer,S1000,Yes
2023-10-01,Night,Dress,635,"E026, E002, E004, E041, E032, E042, E024, E003, E016, E032",24,M029,Juki,B2000,No
2023-10-01,Night,Dress,635,"E026, E002, E004, E041, E032, E042, E024, E003, E016, E032",24,M030,Singer,S1000,Yes
2023-10-01,Night,Dress,635,"E026, E002, E004, E041, E032, E042, E024, E003, E016, E032",24,M031,Brother,B2000,No
2023-10-01,Night,Dress,635,"E026, E002, E004, E041, E032, E042, E024, E003, E016, E032",24,M032,Juki,S1000,Yes
2023-10-01,Night,Dress,635,"E026, E002, E004, E041, E032, E042, E024, E003, E016, E032",24,M033,Brother,J3000,No
2023-10-01,Night,Dress,635,"E026, E002, E004, E041, E032, E042, E024, E003, E016, E032",24,M034,Brother,B2000,Yes
2023-10-01,Night,Dress,635,"E026, E002, E004, E041, E032, E042, E024, E003, E016, E032",24,M035,Singer,B2000,No
2023-10-01,Night,Dress,635,"E026, E002, E004, E041, E032, E042, E024, E003, E016, E032",24,M036,Singer,S1000,No
2023-10-01,Night,Dress,635,"E026, E002, E004, E041, E032, E042, E024, E003, E016, E032",24,M037,Singer,J3000,No
2023-10-01,Night,Dress,635,"E026, E002, E004, E041, E032, E042, E024, E003, E016, E032",24,M038,Brother,J3000,No
2023-10-01,Night,Dress,635,"E026, E002, E004, E041, E032, E042, E024, E003, E016, E032",24,M039,Juki,J3000,No
2023-10-01,Night,Dress,635,"E026, E002, E004, E041, E032, E042, E024, E003, E016, E032",24,M040,Brother,B2000,No
2023-10-01,Night,Dress,635,"E026, E002, E004, E041, E032, E042, E024, E003, E016, E032",24,M041,Brother,B2000,No
2023-10-01,Night,Dress,635,"E026, E002, E004, E041, E032, E042, E024, E003, E016, E032",24,M042,Juki,B2000,No
2023-10-01,Night,Dress,635,"E026, E002, E004, E041, E032, E042, E024, E003, E016, E032",24,M043,Singer,J3000,No
2023-10-01,Night,Dress,635,"E026, E002, E004, E041, E032, E042, E024, E003, E016, E032",24,M044,Singer,B2000,No
2023-10-01,Night,Dress,635,"E026, E002, E004, E041, E032, E042, E024, E003, E016, E032",24,M045,Singer,J3000,No
2023-10-01,Night,Dress,635,"E026, E002, E004, E041, E032, E042, E024, E003, E016, E032",24,M046,Juki,B2000,Yes
2023-10-01,Night,Dress,635,"E026, E002, E004, E041, E032, E042, E024, E003, E016, E032",24,M047,Brother,B2000,Yes
2023-10-01,Night,Dress,635,"E026, E002, E004, E041, E032, E042, E024, E003, E016, E032",24,M048,Juki,B2000,No
2023-10-01,Night,Dress,635,"E026, E002, E004, E041, E032, E042, E024, E003, E016, E032",24,M049,Juki,J3000,No
2023-10-01,Night,Dress,635,"E026, E002, E004, E041, E032, E042, E024, E003, E016, E032",24,M050,Singer,J3000,No
2023-10-02,Day,Jacket,450,"E037, E010, E010, E027, E039, E030, E030, E018, E010, E028",13,M001,Brother,J3000,No
2023-10-02,Day,Jacket,450,"E037, E010, E010, E027, E039, E030, E030, E018, E010, E028",13,M002,Brother,S1000,Yes
2023-10-02,Day,Jacket,450,"E037, E010, E010, E027, E039, E030, E030, E018, E010, E028",13,M003,Juki,S1000,No
2023-10-02,Day,Jacket,450,"E037, E010, E010, E027, E039, E030, E030, E018, E010, E028",13,M004,Juki,J3000,Yes
2023-10-02,Day,Jacket,450,"E037, E010, E010, E027, E039, E030, E030, E018, E010, E028",13,M005,Juki,S1000,No
2023-10-02,Day,Jacket,450,"E037, E010, E010, E027, E039, E030, E030, E018, E010, E028",13,M006,Singer,S1000,Yes
2023-10-02,Day,Jacket,450,"E037, E010, E010, E027, E039, E030, E030, E018, E010, E028",13,M007,Singer,J3000,No
2023-10-02,Day,Jacket,450,"E037, E010, E010, E027, E039, E030, E030, E018, E010, E028",13,M008,Brother,J3000,Yes
2023-10-02,Day,Jacket,450,"E037, E010, E010, E027, E039, E030, E030, E018, E010, E028",13,M009,Juki,B2000,No
2023-10-02,Day,Jacket,450,"E037, E010, E010, E027, E039, E030, E030, E018, E010, E028",13,M010,Singer,B2000,No
2023-10-02,Day,Jacket,450,"E037, E010, E010, E027, E039, E030, E030, E018, E010, E028",13,M011,Brother,S1000,No
2023-10-02,Day,Jacket,450,"E037, E010, E010, E027, E039, E030, E030, E018, E010, E028",13,M012,Brother,S1000,No
2023-10-02,Day,Jacket,450,"E037, E010, E010, E027, E039, E030, E030, E018, E010, E028",13,M013,Juki,S1000,No
2023-10-02,Day,Jacket,450,"E037, E010, E010, E027, E039, E030, E030, E018, E010, E028",13,M014,Singer,B2000,Yes
2023-10-02,Day,Jacket,450,"E037, E010, E010, E027, E039, E030, E030, E018, E010, E028",13,M015,Singer,S1000,No
2023-10-02,Day,Jacket,450,"E037, E010, E010, E027, E039, E030, E030, E018, E010, E028",13,M016,Brother,J3000,Yes
2023-10-02,Day,Jacket,450,"E037, E010, E010, E027, E039, E030, E030, E018, E010, E028",13,M017,Singer,J3000,No
2023-10-02,Day,Jacket,450,"E037, E010, E010, E027, E039, E030, E030, E018, E010, E028",13,M018,Singer,J3000,Yes
2023-10-02,Day,Jacket,450,"E037, E010, E010, E027, E039, E030, E030, E018, E010, E028",13,M019,Juki,B2000,No
2023-10-02,Day,Jacket,450,"E037, E010, E010, E027, E039, E030, E030, E018, E010, E028",13,M020,Brother,S1000,No
2023-10-02,Day,Jacket,450,"E037, E010, E010, E027, E039, E030, E030, E018, E010, E028",13,M021,Juki,J3000,No
2023-10-02,Day,Jacket,450,"E037, E010, E010, E027, E039, E030, E030, E018, E010, E028",13,M022,Singer,J3000,No
2023-10-02,Day,Jacket,450,"E037, E010, E010, E027, E039, E030, E030, E018, E010, E028",13,M023,Singer,S1000,No
2023-10-02,Day,Jacket,450,"E037, E010, E010, E027, E039, E030, E030, E018, E010, E028",13,M024,Brother,J3000,No
2023-10-02,Day,Jacket,450,"E037, E010, E010, E027, E039, E030, E030, E018, E010, E028",13,M025,Singer,B2000,No
2023-10-02,Day,Jacket,450,"E037, E010, E010, E027, E039, E030, E030, E018, E010, E028",13,M026,Singer,S1000,No
2023-10-02,Day,Jacket,450,"E037, E010, E010, E027, E039, E030, E030, E018, E010, E028",13,M027,Juki,B2000,No
2023-10-02,Day,Jacket,450,"E037, E010, E010, E027, E039, E030, E030, E018, E010, E028",13,M028,Singer,J3000,Yes
2023-10-02,Day,Jacket,450,"E037, E010, E010, E027, E039, E030, E030, E018, E010, E028",13,M029,Singer,B2000,No
2023-10-02,Day,Jacket,450,"E037, E010, E010, E027, E039, E030, E030, E018, E010, E028",13,M030,Juki,B2000,No
2023-10-02,Day,Jacket,450,"E037, E010, E010, E027, E039, E030, E030, E018, E010, E028",13,M031,Singer,J3000,No
2023-10-02,Day,Jacket,450,"E037, E010, E010, E027, E039, E030, E030, E018, E010, E028",13,M032,Brother,J3000,Yes
2023-10-02,Day,Jacket,450,"E037, E010, E010, E027, E039, E030, E030, E018, E010, E028",13,M033,Singer,J3000,No
2023-10-02,Day,Jacket,450,"E037, E010, E010, E027, E039, E030, E030, E018, E010, E028",13,M034,Singer,B2000,No
2023-10-02,Day,Jacket,450,"E037, E010, E010, E027, E039, E030, E030, E018, E010, E028",13,M035,Juki,B2000,No
2023-10-02,Day,Jacket,450,"E037, E010, E010, E027, E039, E030, E030, E018, E010, E028",13,M036,Singer,B2000,No
2023-10-02,Day,Jacket,450,"E037, E010, E010, E027, E039, E030, E030, E018, E010, E028",13,M037,Brother,S1000,No
2023-10-02,Day,Jacket,450,"E037, E010, E010, E027, E039, E030, E030, E018, E010, E028",13,M038,Juki,S1000,No
2023-10-02,Day,Jacket,450,"E037, E010, E010, E027, E039, E030, E030, E018, E010, E028",13,M039,Singer,S1000,No
2023-10-02,Day,Jacket,450,"E037, E010, E010, E027, E039, E030, E030, E018, E010, E028",13,M040,Singer,J3000,No
2023-10-02,Day,Jacket,450,"E037, E010, E010, E027, E039, E030, E030, E018, E010, E028",13,M041,Singer,J3000,No
2023-10-02,Day,Jacket,450,"E037, E010, E010, E027, E039, E030, E030, E018, E010, E028",13,M042,Juki,J3000,No
2023-10-02,Day,Jacket,450,"E037, E010, E010, E027, E039, E030, E030, E018, E010, E028",13,M043,Brother,S1000,No
2023-10-02,Day,Jacket,450,"E037, E010, E010, E027, E039, E030, E030, E018, E010, E028",13,M044,Brother,J3000,No
2023-10-02,Day,Jacket,450,"E037, E010, E010, E027, E039, E030, E030, E018, E010, E028",13,M045,Singer,J3000,No
2023-10-02,Day,Jacket,450,"E037, E010, E010, E027, E039, E030, E030, E018, E010, E028",13,M046,Brother,J3000,No
2023-10-02,Day,Jacket,450,"E037, E010, E010, E027, E039, E030, E030, E018, E010, E028",13,M047,Singer,J3000,Yes
2023-10-02,Day,Jacket,450,"E037, E010, E010, E027, E039, E030, E030, E018, E010, E028",13,M048,Juki,S1000,No
2023-10-02,Day,Jacket,450,"E037, E010, E010, E027, E039, E030, E030, E018, E010, E028",13,M049,Brother,B2000,No
2023-10-02,Day,Jacket,450,"E037, E010, E010, E027, E039, E030, E030, E018, E010, E028",13,M050,Brother,B2000,No
2023-10-02,Night,Jeans,683,"E015, E041, E024, E041, E035, E023, E028, E036, E006, E005",20,M001,Brother,J3000,No
2023-10-02,Night,Jeans,683,"E015, E041, E024, E041, E035, E023, E028, E036, E006, E005",20,M002,Singer,B2000,No
2023-10-02,Night,Jeans,683,"E015, E041, E024, E041, E035, E023, E028, E036, E006, E005",20,M003,Brother,J3000,Yes
2023-10-02,Night,Jeans,683,"E015, E041, E024, E041, E035, E023, E028, E036, E006, E005",20,M004,Singer,S1000,No
2023-10-02,Night,Jeans,683,"E015, E041, E024, E041, E035, E023, E028, E036, E006, E005",20,M005,Juki,B2000,No
2023-10-02,Night,Jeans,683,"E015, E041, E024, E041, E035, E023, E028, E036, E006, E005",20,M006,Singer,B2000,No
2023-10-02,Night,Jeans,683,"E015, E041, E024, E041, E035, E023, E028, E036, E006, E005",20,M007,Brother,J3000,Yes
2023-10-02,Night,Jeans,683,"E015, E041, E024, E041, E035, E023, E028, E036, E006, E005",20,M008,Brother,J3000,No
2023-10-02,Night,Jeans,683,"E015, E041, E024, E041, E035, E023, E028, E036, E006, E005",20,M009,Singer,S1000,No
2023-10-02,Night,Jeans,683,"E015, E041, E024, E041, E035, E023, E028, E036, E006, E005",20,M010,Singer,S1000,Yes
2023-10-02,Night,Jeans,683,"E015, E041, E024, E041, E035, E023, E028, E036, E006, E005",20,M011,Singer,B2000,No
2023-10-02,Night,Jeans,683,"E015, E041, E024, E041, E035, E023, E028, E036, E006, E005",20,M012,Juki,B2000,No
2023-10-02,Night,Jeans,683,"E015, E041, E024, E041, E035, E023, E028, E036, E006, E005",20,M013,Singer,J3000,No
2023-10-02,Night,Jeans,683,"E015, E041, E024, E041, E035, E023, E028, E036, E006, E005",20,M014,Juki,J3000,No
2023-10-02,Night,Jeans,683,"E015, E041, E024, E041, E035, E023, E028, E036, E006, E005",20,M015,Singer,S1000,Yes
2023-10-02,Night,Jeans,683,"E015, E041, E024, E041, E035, E023, E028, E036, E006, E005",20,M016,Juki,B2000,No
2023-10-02,Night,Jeans,683,"E015, E041, E024, E041, E035, E023, E028, E036, E006, E005",20,M017,Juki,S1000,Yes
2023-10-02,Night,Jeans,683,"E015, E041, E024, E041, E035, E023, E028, E036, E006, E005",20,M018,Juki,B2000,No
2023-10-02,Night,Jeans,683,"E015, E041, E024, E041, E035, E023, E028, E036, E006, E005",20,M019,Juki,J3000,No
2023-10-02,Night,Jeans,683,"E015, E041, E024, E041, E035, E023, E028, E036, E006, E005",20,M020,Singer,J3000,No
2023-10-02,Night,Jeans,683,"E015, E041, E024, E041, E035, E023, E028, E036, E006, E005",20,M021,Singer,J3000,No
2023-10-02,Night,Jeans,683,"E015, E041, E024, E041, E035, E023, E028, E036, E006, E005",20,M022,Brother,S1000,Yes
2023-10-02,Night,Jeans,683,"E015, E041, E024, E041, E035, E023, E028, E036, E006, E005",20,M023,Brother,B2000,Yes
2023-10-02,Night,Jeans,683,"E015, E041, E024, E041, E035, E023, E028, E036, E006, E005",20,M024,Singer,B2000,No
2023-10-02,Night,Jeans,683,"E015, E041, E024, E041, E035, E023, E028, E036, E006, E005",20,M025,Singer,J3000,No
2023-10-02,Night,Jeans,683,"E015, E041, E024, E041, E035, E023, E028, E036, E006, E005",20,M026,Singer,J3000,No
2023-10-02,Night,Jeans,683,"E015, E041, E024, E041, E035, E023, E028, E036, E006, E005",20,M027,Brother,B2000,No
2023-10-02,Night,Jeans,683,"E015, E041, E024, E041, E035, E023, E028, E036, E006, E005",20,M028,Juki,S1000,No
2023-10-02,Night,Jeans,683,"E015, E041, E024, E041, E035, E023, E028, E036, E006, E005",20,M029,Juki,J3000,No
2023-10-02,Night,Jeans,683,"E015, E041, E024, E041, E035, E023, E028, E036, E006, E005",20,M030,Singer,S1000,Yes
2023-10-02,Night,Jeans,683,"E015, E041, E024, E041, E035, E023, E028, E036, E006, E005",20,M031,Brother,B2000,No
2023-10-02,Night,Jeans,683,"E015, E041, E024, E041, E035, E023, E028, E036, E006, E005",20,M032,Singer,S1000,No
2023-10-02,Night,Jeans,683,"E015, E041, E024, E041, E035, E023, E028, E036, E006, E005",20,M033,Singer,S1000,No
2023-10-02,Night,Jeans,683,"E015, E041, E024, E041, E035, E023, E028, E036, E006, E005",20,M034,Singer,B2000,No
2023-10-02,Night,Jeans,683,"E015, E041, E024, E041, E035, E023, E028, E036, E006, E005",20,M035,Brother,S1000,No
2023-10-02,Night,Jeans,683,"E015, E041, E024, E041, E035, E023, E028, E036, E006, E005",20,M036,Brother,B2000,No
2023-10-02,Night,Jeans,683,"E015, E041, E024, E041, E035, E023, E028, E036, E006, E005",20,M037,Singer,S1000,No
2023-10-02,Night,Jeans,683,"E015, E041, E024, E041, E035, E023, E028, E036, E006, E005",20,M038,Singer,B2000,No
2023-10-02,Night,Jeans,683,"E015, E041, E024, E041, E035, E023, E028, E036, E006, E005",20,M039,Singer,B2000,No
2023-10-02,Night,Jeans,683,"E015, E041, E024, E041, E035, E023, E028, E036, E006, E005",20,M040,Brother,B2000,Yes
2023-10-02,Night,Jeans,683,"E015, E041, E024, E041, E035, E023, E028, E036, E006, E005",20,M041,Singer,J3000,No
2023-10-02,Night,Jeans,683,"E015, E041, E024, E041, E035, E023, E028, E036, E006, E005",20,M042,Juki,S1000,No
2023-10-02,Night,Jeans,683,"E015, E041, E024, E041, E035, E023, E028, E036, E006, E005",20,M043,Juki,S1000,No
2023-10-02,Night,Jeans,683,"E015, E041, E024, E041, E035, E023, E028, E036, E006, E005",20,M044,Singer,J3000,No
2023-10-02,Night,Jeans,683,"E015, E041, E024, E041, E035, E023, E028, E036, E006, E005",20,M045,Singer,J3000,No
2023-10-02,Night,Jeans,683,"E015, E041, E024, E041, E035, E023, E028, E036, E006, E005",20,M046,Brother,B2000,No
2023-10-02,Night,Jeans,683,"E015, E041, E024, E041, E035, E023, E028, E036, E006, E005",20,M047,Singer,J3000,Yes
2023-10-02,Night,Jeans,683,"E015, E041, E024, E041, E035, E023, E028, E036, E006, E005",20,M048,Brother,S1000,No
2023-10-02,Night,Jeans,683,"E015, E041, E024, E041, E035, E023, E028, E036, E006, E005",20,M049,Singer,B2000,No
2023-10-02,Night,Jeans,683,"E015, E041, E024, E041, E035, E023, E028, E036, E006, E005",20,M050,Brother,J3000,No
2023-10-03,Day,Jacket,654,"E013, E030, E028, E042, E012, E019, E037, E044, E001, E043",10,M001,Brother,J3000,No
2023-10-03,Day,Jacket,654,"E013, E030, E028, E042, E012, E019, E037, E044, E001, E043",10,M002,Singer,S1000,No
2023-10-03,Day,Jacket,654,"E013, E030, E028, E042, E012, E019, E037, E044, E001, E043",10,M003,Singer,B2000,No
2023-10-03,Day,Jacket,654,"E013, E030, E028, E042, E012, E019, E037, E044, E001, E043",10,M004,Singer,B2000,Yes
2023-10-03,Day,Jacket,654,"E013, E030, E028, E042, E012, E019, E037, E044, E001, E043",10,M005,Singer,S1000,No
2023-10-03,Day,Jacket,654,"E013, E030, E028, E042, E012, E019, E037, E044, E001, E043",10,M006,Singer,J3000,No
2023-10-03,Day,Jacket,654,"E013, E030, E028, E042, E012, E019, E037, E044, E001, E043",10,M007,Brother,J3000,No
2023-10-03,Day,Jacket,654,"E013, E030, E028, E042, E012, E019, E037, E044, E001, E043",10,M008,Brother,J3000,No
2023-10-03,Day,Jacket,654,"E013, E030, E028, E042, E012, E019, E037, E044, E001, E043",10,M009,Brother,B2000,No
2023-10-03,Day,Jacket,654,"E013, E030, E028, E042, E012, E019, E037, E044, E001, E043",10,M010,Juki,S1000,No
2023-10-03,Day,Jacket,654,"E013, E030, E028, E042, E012, E019, E037, E044, E001, E043",10,M011,Brother,J3000,No
2023-10-03,Day,Jacket,654,"E013, E030, E028, E042, E012, E019, E037, E044, E001, E043",10,M012,Singer,J3000,No
2023-10-03,Day,Jacket,654,"E013, E030, E028, E042, E012, E019, E037, E044, E001, E043",10,M013,Brother,B2000,No
2023-10-03,Day,Jacket,654,"E013, E030, E028, E042, E012, E019, E037, E044, E001, E043",10,M014,Juki,J3000,No
2023-10-03,Day,Jacket,654,"E013, E030, E028, E042, E012, E019, E037, E044, E001, E043",10,M015,Brother,S1000,No
2023-10-03,Day,Jacket,654,"E013, E030, E028, E042, E012, E019, E037, E044, E001, E043",10,M016,Brother,S1000,No
2023-10-03,Day,Jacket,654,"E013, E030, E028, E042, E012, E019, E037, E044, E001, E043",10,M017,Brother,S1000,Yes
2023-10-03,Day,Jacket,654,"E013, E030, E028, E042, E012, E019, E037, E044, E001, E043",10,M018,Brother,J3000,No
2023-10-03,Day,Jacket,654,"E013, E030, E028, E042, E012, E019, E037, E044, E001, E043",10,M019,Singer,B2000,No
2023-10-03,Day,Jacket,654,"E013, E030, E028, E042, E012, E019, E037, E044, E001, E043",10,M020,Singer,J3000,No
2023-10-03,Day,Jacket,654,"E013, E030, E028, E042, E012, E019, E037, E044, E001, E043",10,M021,Singer,S1000,No
2023-10-03,Day,Jacket,654,"E013, E030, E028, E042, E012, E019, E037, E044, E001, E043",10,M022,Brother,J3000,No
2023-10-03,Day,Jacket,654,"E013, E030, E028, E042, E012, E019, E037, E044, E001, E043",10,M023,Brother,J3000,Yes
2023-10-03,Day,Jacket,654,"E013, E030, E028, E042, E012, E019, E037, E044, E001, E043",10,M024,Juki,S1000,No
2023-10-03,Day,Jacket,654,"E013, E030, E028, E042, E012, E019, E037, E044, E001, E043",10,M025,Brother,S1000,Yes
2023-10-03,Day,Jacket,654,"E013, E030, E028, E042, E012, E019, E037, E044, E001, E043",10,M026,Juki,S1000,No
2023-10-03,Day,Jacket,654,"E013, E030, E028, E042, E012, E019, E037, E044, E001, E043",10,M027,Singer,B2000,Yes
2023-10-03,Day,Jacket,654,"E013, E030, E028, E042, E012, E019, E037, E044, E001, E043",10,M028,Juki,J3000,No
2023-10-03,Day,Jacket,654,"E013, E030, E028, E042, E012, E019, E037, E044, E001, E043",10,M029,Singer,S1000,No
2023-10-03,Day,Jacket,654,"E013, E030, E028, E042, E012, E019, E037, E044, E001, E043",10,M030,Singer,J3000,No
2023-10-03,Day,Jacket,654,"E013, E030, E028, E042, E012, E019, E037, E044, E001, E043",10,M031,Juki,B2000,No
2023-10-03,Day,Jacket,654,"E013, E030, E028, E042, E012, E019, E037, E044, E001, E043",10,M032,Singer,J3000,No
2023-10-03,Day,Jacket,654,"E013, E030, E028, E042, E012, E019, E037, E044, E001, E043",10,M033,Brother,B2000,No
2023-10-03,Day,Jacket,654,"E013, E030, E028, E042, E012, E019, E037, E044, E001, E043",10,M034,Singer,B2000,No
2023-10-03,Day,Jacket,654,"E013, E030, E028, E042, E012, E019, E037, E044, E001, E043",10,M035,Singer,B2000,Yes
2023-10-03,Day,Jacket,654,"E013, E030, E028, E042, E012, E019, E037, E044, E001, E043",10,M036,Juki,B2000,No
2023-10-03,Day,Jacket,654,"E013, E030, E028, E042, E012, E019, E037, E044, E001, E043",10,M037,Brother,J3000,No
2023-10-03,Day,Jacket,654,"E013, E030, E028, E042, E012, E019, E037, E044, E001, E043",10,M038,Singer,S1000,No
2023-10-03,Day,Jacket,654,"E013, E030, E028, E042, E012, E019, E037, E044, E001, E043",10,M039,Singer,B2000,No
2023-10-03,Day,Jacket,654,"E013, E030, E028, E042, E012, E019, E037, E044, E001, E043",10,M040,Singer,S1000,No
2023-10-03,Day,Jacket,654,"E013, E030, E028, E042, E012, E019, E037, E044, E001, E043",10,M041,Singer,B2000,No
2023-10-03,Day,Jacket,654,"E013, E030, E028, E042, E012, E019, E037, E044, E001, E043",10,M042,Singer,J3000,No
2023-10-03,Day,Jacket,654,"E013, E030, E028, E042, E012, E019, E037, E044, E001, E043",10,M043,Singer,B2000,No
2023-10-03,Day,Jacket,654,"E013, E030, E028, E042, E012, E019, E037, E044, E001, E043",10,M044,Singer,S1000,No
2023-10-03,Day,Jacket,654,"E013, E030, E028, E042, E012, E019, E037, E044, E001, E043",10,M045,Brother,B2000,Yes
2023-10-03,Day,Jacket,654,"E013, E030, E028, E042, E012, E019, E037, E044, E001, E043",10,M046,Brother,J3000,Yes
2023-10-03,Day,Jacket,654,"E013, E030, E028, E042, E012, E019, E037, E044, E001, E043",10,M047,Brother,B2000,No
2023-10-03,Day,Jacket,654,"E013, E030, E028, E042, E012, E019, E037, E044, E001, E043",10,M048,Brother,S1000,Yes
2023-10-03,Day,Jacket,654,"E013, E030, E028, E042, E012, E019, E037, E044, E001, E043",10,M049,Juki,J3000,No
2023-10-03,Day,Jacket,654,"E013, E030, E028, E042, E012, E019, E037, E044, E001, E043",10,M050,Brother,B2000,No
2023-10-03,Night,Dress,590,"E044, E039, E038, E027, E024, E028, E013, E006, E013, E038",17,M001,Singer,J3000,No
2023-10-03,Night,Dress,590,"E044, E039, E038, E027, E024, E028, E013, E006, E013, E038",17,M002,Brother,J3000,Yes
2023-10-03,Night,Dress,590,"E044, E039, E038, E027, E024, E028, E013, E006, E013, E038",17,M003,Singer,B2000,Yes
2023-10-03,Night,Dress,590,"E044, E039, E038, E027, E024, E028, E013, E006, E013, E038",17,M004,Juki,B2000,No
2023-10-03,Night,Dress,590,"E044, E039, E038, E027, E024, E028, E013, E006, E013, E038",17,M005,Singer,S1000,No
2023-10-03,Night,Dress,590,"E044, E039, E038, E027, E024, E028, E013, E006, E013, E038",17,M006,Singer,J3000,No
2023-10-03,Night,Dress,590,"E044, E039, E038, E027, E024, E028, E013, E006, E013, E038",17,M007,Brother,J3000,No
2023-10-03,Night,Dress,590,"E044, E039, E038, E027, E024, E028, E013, E006, E013, E038",17,M008,Singer,S1000,No
2023-10-03,Night,Dress,590,"E044, E039, E038, E027, E024, E028, E013, E006, E013, E038",17,M009,Brother,B2000,Yes
2023-10-03,Night,Dress,590,"E044, E039, E038, E027, E024, E028, E013, E006, E013, E038",17,M010,Singer,S1000,No
2023-10-03,Night,Dress,590,"E044, E039, E038, E027, E024, E028, E013, E006, E013, E038",17,M011,Brother,B2000,No
2023-10-03,Night,Dress,590,"E044, E039, E038, E027, E024, E028, E013, E006, E013, E038",17,M012,Brother,J3000,No
2023-10-03,Night,Dress,590,"E044, E039, E038, E027, E024, E028, E013, E006, E013, E038",17,M013,Brother,S1000,No
2023-10-03,Night,Dress,590,"E044, E039, E038, E027, E024, E028, E013, E006, E013, E038",17,M014,Singer,B2000,No
2023-10-03,Night,Dress,590,"E044, E039, E038, E027, E024, E028, E013, E006, E013, E038",17,M015,Brother,B2000,No
2023-10-03,Night,Dress,590,"E044, E039, E038, E027, E024, E028, E013, E006, E013, E038",17,M016,Brother,J3000,No
2023-10-03,Night,Dress,590,"E044, E039, E038, E027, E024, E028, E013, E006, E013, E038",17,M017,Juki,S1000,No
2023-10-03,Night,Dress,590,"E044, E039, E038, E027, E024, E028, E013, E006, E013, E038",17,M018,Singer,J3000,Yes
2023-10-03,Night,Dress,590,"E044, E039, E038, E027, E024, E028, E013, E006, E013, E038",17,M019,Singer,S1000,No
2023-10-03,Night,Dress,590,"E044, E039, E038, E027, E024, E028, E013, E006, E013, E038",17,M020,Singer,J3000,No
2023-10-03,Night,Dress,590,"E044, E039, E038, E027, E024, E028, E013, E006, E013, E038",17,M021,Singer,S1000,No
2023-10-03,Night,Dress,590,"E044, E039, E038, E027, E024, E028, E013, E006, E013, E038",17,M022,Juki,S1000,No
2023-10-03,Night,Dress,590,"E044, E039, E038, E027, E024, E028, E013, E006, E013, E038",17,M023,Brother,B2000,No
2023-10-03,Night,Dress,590,"E044, E039, E038, E027, E024, E028, E013, E006, E013, E038",17,M024,Brother,J3000,No
2023-10-03,Night,Dress,590,"E044, E039, E038, E027, E024, E028, E013, E006, E013, E038",17,M025,Brother,B2000,No
2023-10-03,Night,Dress,590,"E044, E039, E038, E027, E024, E028, E013, E006, E013, E038",17,M026,Singer,B2000,No
2023-10-03,Night,Dress,590,"E044, E039, E038, E027, E024, E028, E013, E006, E013, E038",17,M027,Brother,B2000,No
2023-10-03,Night,Dress,590,"E044, E039, E038, E027, E024, E028, E013, E006, E013, E038",17,M028,Juki,J3000,No
2023-10-03,Night,Dress,590,"E044, E039, E038, E027, E024, E028, E013, E006, E013, E038",17,M029,Brother,S1000,No
2023-10-03,Night,Dress,590,"E044, E039, E038, E027, E024, E028, E013, E006, E013, E038",17,M030,Brother,B2000,No
2023-10-03,Night,Dress,590,"E044, E039, E038, E027, E024, E028, E013, E006, E013, E038",17,M031,Juki,S1000,No
2023-10-03,Night,Dress,590,"E044, E039, E038, E027, E024, E028, E013, E006, E013, E038",17,M032,Juki,J3000,No
2023-10-03,Night,Dress,590,"E044, E039, E038, E027, E024, E028, E013, E006, E013, E038",17,M033,Juki,S1000,No
2023-10-03,Night,Dress,590,"E044, E039, E038, E027, E024, E028, E013, E006, E013, E038",17,M034,Singer,J3000,No
2023-10-03,Night,Dress,590,"E044, E039, E038, E027, E024, E028, E013, E006, E013, E038",17,M035,Singer,J3000,No
2023-10-03,Night,Dress,590,"E044, E039, E038, E027, E024, E028, E013, E006, E013, E038",17,M036,Brother,B2000,Yes
2023-10-03,Night,Dress,590,"E044, E039, E038, E027, E024, E028, E013, E006, E013, E038",17,M037,Singer,S1000,No
2023-10-03,Night,Dress,590,"E044, E039, E038, E027, E024, E028, E013, E006, E013, E038",17,M038,Juki,B2000,No
2023-10-03,Night,Dress,590,"E044, E039, E038, E027, E024, E028, E013, E006, E013, E038",17,M039,Singer,J3000,No
2023-10-03,Night,Dress,590,"E044, E039, E038, E027, E024, E028, E013, E006, E013, E038",17,M040,Singer,J3000,No
2023-10-03,Night,Dress,590,"E044, E039, E038, E027, E024, E028, E013, E006, E013, E038",17,M041,Brother,B2000,Yes
2023-10-03,Night,Dress,590,"E044, E039, E038, E027, E024, E028, E013, E006, E013, E038",17,M042,Singer,B2000,No
2023-10-03,Night,Dress,590,"E044, E039, E038, E027, E024, E028, E013, E006, E013, E038",17,M043,Juki,J3000,Yes
2023-10-03,Night,Dress,590,"E044, E039, E038, E027, E024, E028, E013, E006, E013, E038",17,M044,Juki,J3000,No
2023-10-03,Night,Dress,590,"E044, E039, E038, E027, E024, E028, E013, E006, E013, E038",17,M045,Brother,J3000,Yes
2023-10-03,Night,Dress,590,"E044, E039, E038, E027, E024, E028, E013, E006, E013, E038",17,M046,Juki,S1000,No
2023-10-03,Night,Dress,590,"E044, E039, E038, E027, E024, E028, E013, E006, E013, E038",17,M047,Singer,B2000,No
2023-10-03,Night,Dress,590,"E044, E039, E038, E027, E024, E028, E013, E006, E013, E038",17,M048,Singer,B2000,Yes
2023-10-03,Night,Dress,590,"E044, E039, E038, E027, E024, E028, E013, E006, E013, E038",17,M049,Brother,B2000,No
2023-10-03,Night,Dress,590,"E044, E039, E038, E027, E024, E028, E013, E006, E013, E038",17,M050,Brother,S1000,No
2023-10-04,Day,Jacket,582,"E005, E008, E022, E031, E035, E019, E029, E011, E029, E039",11,M001,Juki,B2000,No
2023-10-04,Day,Jacket,582,"E005, E008, E022, E031, E035, E019, E029, E011, E029, E039",11,M002,Singer,S1000,Yes
2023-10-04,Day,Jacket,582,"E005, E008, E022, E031, E035, E019, E029, E011, E029, E039",11,M003,Singer,B2000,Yes
2023-10-04,Day,Jacket,582,"E005, E008, E022, E031, E035, E019, E029, E011, E029, E039",11,M004,Singer,B2000,No
2023-10-04,Day,Jacket,582,"E005, E008, E022, E031, E035, E019, E029, E011, E029, E039",11,M005,Juki,J3000,No
2023-10-04,Day,Jacket,582,"E005, E008, E022, E031, E035, E019, E029, E011, E029, E039",11,M006,Singer,J3000,No
2023-10-04,Day,Jacket,582,"E005, E008, E022, E031, E035, E019, E029, E011, E029, E039",11,M007,Juki,J3000,No
2023-10-04,Day,Jacket,582,"E005, E008, E022, E031, E035, E019, E029, E011, E029, E039",11,M008,Brother,S1000,No
2023-10-04,Day,Jacket,582,"E005, E008, E022, E031, E035, E019, E029, E011, E029, E039",11,M009,Juki,S1000,No
2023-10-04,Day,Jacket,582,"E005, E008, E022, E031, E035, E019, E029, E011, E029, E039",11,M010,Brother,J3000,No
2023-10-04,Day,Jacket,582,"E005, E008, E022, E031, E035, E019, E029, E011, E029, E039",11,M011,Brother,B2000,No
2023-10-04,Day,Jacket,582,"E005, E008, E022, E031, E035, E019, E029, E011, E029, E039",11,M012,Brother,B2000,No
2023-10-04,Day,Jacket,582,"E005, E008, E022, E031, E035, E019, E029, E011, E029, E039",11,M013,Brother,S1000,No
2023-10-04,Day,Jacket,582,"E005, E008, E022, E031, E035, E019, E029, E011, E029, E039",11,M014,Singer,S1000,No
2023-10-04,Day,Jacket,582,"E005, E008, E022, E031, E035, E019, E029, E011, E029, E039",11,M015,Brother,B2000,No
2023-10-04,Day,Jacket,582,"E005, E008, E022, E031, E035, E019, E029, E011, E029, E039",11,M016,Juki,J3000,No
2023-10-04,Day,Jacket,582,"E005, E008, E022, E031, E035, E019, E029, E011, E029, E039",11,M017,Singer,J3000,Yes
2023-10-04,Day,Jacket,582,"E005, E008, E022, E031, E035, E019, E029, E011, E029, E039",11,M018,Singer,B2000,Yes
2023-10-04,Day,Jacket,582,"E005, E008, E022, E031, E035, E019, E029, E011, E029, E039",11,M019,Singer,B2000,No
2023-10-04,Day,Jacket,582,"E005, E008, E022, E031, E035, E019, E029, E011, E029, E039",11,M020,Brother,B2000,No
2023-10-04,Day,Jacket,582,"E005, E008, E022, E031, E035, E019, E029, E011, E029, E039",11,M021,Brother,J3000,No
2023-10-04,Day,Jacket,582,"E005, E008, E022, E031, E035, E019, E029, E011, E029, E039",11,M022,Juki,J3000,No
2023-10-04,Day,Jacket,582,"E005, E008, E022, E031, E035, E019, E029, E011, E029, E039",11,M023,Brother,B2000,No
2023-10-04,Day,Jacket,582,"E005, E008, E022, E031, E035, E019, E029, E011, E029, E039",11,M024,Juki,B2000,Yes
2023-10-04,Day,Jacket,582,"E005, E008, E022, E031, E035, E019, E029, E011, E029, E039",11,M025,Juki,J3000,No
2023-10-04,Day,Jacket,582,"E005, E008, E022, E031, E035, E019, E029, E011, E029, E039",11,M026,Brother,S1000,No
2023-10-04,Day,Jacket,582,"E005, E008, E022, E031, E035, E019, E029, E011, E029, E039",11,M027,Juki,B2000,No
2023-10-04,Day,Jacket,582,"E005, E008, E022, E031, E035, E019, E029, E011, E029, E039",11,M028,Juki,J3000,No
2023-10-04,Day,Jacket,582,"E005, E008, E022, E031, E035, E019, E029, E011, E029, E039",11,M029,Juki,J3000,No
2023-10-04,Day,Jacket,582,"E005, E008, E022, E031, E035, E019, E029, E011, E029, E039",11,M030,Singer,B2000,Yes
2023-10-04,Day,Jacket,582,"E005, E008, E022, E031, E035, E019, E029, E011, E029, E039",11,M031,Juki,J3000,No
2023-10-04,Day,Jacket,582,"E005, E008, E022, E031, E035, E019, E029, E011, E029, E039",11,M032,Singer,S1000,No
2023-10-04,Day,Jacket,582,"E005, E008, E022, E031, E035, E019, E029, E011, E029, E039",11,M033,Singer,S1000,No
2023-10-04,Day,Jacket,582,"E005, E008, E022, E031, E035, E019, E029, E011, E029, E039",11,M034,Singer,J3000,No
2023-10-04,Day,Jacket,582,"E005, E008, E022, E031, E035, E019, E029, E011, E029, E039",11,M035,Brother,J3000,No
2023-10-04,Day,Jacket,582,"E005, E008, E022, E031, E035, E019, E029, E011, E029, E039",11,M036,Singer,B2000,Yes
2023-10-04,Day,Jacket,582,"E005, E008, E022, E031, E035, E019, E029, E011, E029, E039",11,M037,Brother,B2000,No
2023-10-04,Day,Jacket,582,"E005, E008, E022, E031, E035, E019, E029, E011, E029, E039",11,M038,Juki,J3000,Yes
2023-10-04,Day,Jacket,582,"E005, E008, E022, E031, E035, E019, E029, E011, E029, E039",11,M039,Singer,S1000,No
2023-10-04,Day,Jacket,582,"E005, E008, E022, E031, E035, E019, E029, E011, E029, E039",11,M040,Singer,J3000,Yes
2023-10-04,Day,Jacket,582,"E005, E008, E022, E031, E035, E019, E029, E011, E029, E039",11,M041,Brother,S1000,No
2023-10-04,Day,Jacket,582,"E005, E008, E022, E031, E035, E019, E029, E011, E029, E039",11,M042,Brother,B2000,No
2023-10-04,Day,Jacket,582,"E005, E008, E022, E031, E035, E019, E029, E011, E029, E039",11,M043,Juki,B2000,No
2023-10-04,Day,Jacket,582,"E005, E008, E022, E031, E035, E019, E029, E011, E029, E039",11,M044,Brother,S1000,No
2023-10-04,Day,Jacket,582,"E005, E008, E022, E031, E035, E019, E029, E011, E029, E039",11,M045,Brother,B2000,No
2023-10-04,Day,Jacket,582,"E005, E008, E022, E031, E035, E019, E029, E011, E029, E039",11,M046,Singer,S1000,No
2023-10-04,Day,Jacket,582,"E005, E008, E022, E031, E035, E019, E029, E011, E029, E039",11,M047,Brother,J3000,No
2023-10-04,Day,Jacket,582,"E005, E008, E022, E031, E035, E019, E029, E011, E029, E039",11,M048,Juki,S1000,No
2023-10-04,Day,Jacket,582,"E005, E008, E022, E031, E035, E019, E029, E011, E029, E039",11,M049,Brother,J3000,No
2023-10-04,Day,Jacket,582,"E005, E008, E022, E031, E035, E019, E029, E011, E029, E039",11,M050,Brother,S1000,No
2023-10-04,Night,T-Shirt,616,"E035, E043, E033, E013, E021, E011, E006, E038, E041, E050",15,M001,Juki,S1000,No
2023-10-04,Night,T-Shirt,616,"E035, E043, E033, E013, E021, E011, E006, E038, E041, E050",15,M002,Singer,J3000,No
2023-10-04,Night,T-Shirt,616,"E035, E043, E033, E013, E021, E011, E006, E038, E041, E050",15,M003,Brother,B2000,No
2023-10-04,Night,T-Shirt,616,"E035, E043, E033, E013, E021, E011, E006, E038, E041, E050",15,M004,Brother,J3000,No
2023-10-04,Night,T-Shirt,616,"E035, E043, E033, E013, E021, E011, E006, E038, E041, E050",15,M005,Singer,S1000,No
2023-10-04,Night,T-Shirt,616,"E035, E043, E033, E013, E021, E011, E006, E038, E041, E050",15,M006,Juki,J3000,No
2023-10-04,Night,T-Shirt,616,"E035, E043, E033, E013, E021, E011, E006, E038, E041, E050",15,M007,Juki,J3000,No
2023-10-04,Night,T-Shirt,616,"E035, E043, E033, E013, E021, E011, E006, E038, E041, E050",15,M008,Singer,B2000,Yes
2023-10-04,Night,T-Shirt,616,"E035, E043, E033, E013, E021, E011, E006, E038, E041, E050",15,M009,Juki,S1000,No
2023-10-04,Night,T-Shirt,616,"E035, E043, E033, E013, E021, E011, E006, E038, E041, E050",15,M010,Brother,J3000,Yes
2023-10-04,Night,T-Shirt,616,"E035, E043, E033, E013, E021, E011, E006, E038, E041, E050",15,M011,Brother,S1000,No
2023-10-04,Night,T-Shirt,616,"E035, E043, E033, E013, E021, E011, E006, E038, E041, E050",15,M012,Brother,S1000,No
2023-10-04,Night,T-Shirt,616,"E035, E043, E033, E013, E021, E011, E006, E038, E041, E050",15,M013,Singer,J3000,No
2023-10-04,Night,T-Shirt,616,"E035, E043, E033, E013, E021, E011, E006, E038, E041, E050",15,M014,Juki,J3000,No
2023-10-04,Night,T-Shirt,616,"E035, E043, E033, E013, E021, E011, E006, E038, E041, E050",15,M015,Brother,S1000,No
2023-10-04,Night,T-Shirt,616,"E035, E043, E033, E013, E021, E011, E006, E038, E041, E050",15,M016,Brother,S1000,No
2023-10-04,Night,T-Shirt,616,"E035, E043, E033, E013, E021, E011, E006, E038, E041, E050",15,M017,Singer,S1000,No
2023-10-04,Night,T-Shirt,616,"E035, E043, E033, E013, E021, E011, E006, E038, E041, E050",15,M018,Brother,J3000,No
2023-10-04,Night,T-Shirt,616,"E035, E043, E033, E013, E021, E011, E006, E038, E041, E050",15,M019,Juki,S1000,No
2023-10-04,Night,T-Shirt,616,"E035, E043, E033, E013, E021, E011, E006, E038, E041, E050",15,M020,Brother,B2000,No
2023-10-04,Night,T-Shirt,616,"E035, E043, E033, E013, E021, E011, E006, E038, E041, E050",15,M021,Brother,S1000,No
2023-10-04,Night,T-Shirt,616,"E035, E043, E033, E013, E021, E011, E006, E038, E041, E050",15,M022,Singer,J3000,No
2023-10-04,Night,T-Shirt,616,"E035, E043, E033, E013, E021, E011, E006, E038, E041, E050",15,M023,Singer,S1000,No
2023-10-04,Night,T-Shirt,616,"E035, E043, E033, E013, E021, E011, E006, E038, E041, E050",15,M024,Brother,J3000,No
2023-10-04,Night,T-Shirt,616,"E035, E043, E033, E013, E021, E011, E006, E038, E041, E050",15,M025,Brother,J3000,No
2023-10-04,Night,T-Shirt,616,"E035, E043, E033, E013, E021, E011, E006, E038, E041, E050",15,M026,Singer,J3000,No
2023-10-04,Night,T-Shirt,616,"E035, E043, E033, E013, E021, E011, E006, E038, E041, E050",15,M027,Brother,B2000,Yes
2023-10-04,Night,T-Shirt,616,"E035, E043, E033, E013, E021, E011, E006, E038, E041, E050",15,M028,Brother,B2000,No
2023-10-04,Night,T-Shirt,616,"E035, E043, E033, E013, E021, E011, E006, E038, E041, E050",15,M029,Juki,B2000,No
2023-10-04,Night,T-Shirt,616,"E035, E043, E033, E013, E021, E011, E006, E038, E041, E050",15,M030,Singer,J3000,No
2023-10-04,Night,T-Shirt,616,"E035, E043, E033, E013, E021, E011, E006, E038, E041, E050",15,M031,Brother,J3000,No
2023-10-04,Night,T-Shirt,616,"E035, E043, E033, E013, E021, E011, E006, E038, E041, E050",15,M032,Singer,J3000,Yes
2023-10-04,Night,T-Shirt,616,"E035, E043, E033, E013, E021, E011, E006, E038, E041, E050",15,M033,Brother,S1000,No
2023-10-04,Night,T-Shirt,616,"E035, E043, E033, E013, E021, E011, E006, E038, E041, E050",15,M034,Juki,B2000,Yes
2023-10-04,Night,T-Shirt,616,"E035, E043, E033, E013, E021, E011, E006, E038, E041, E050",15,M035,Brother,J3000,No
2023-10-04,Night,T-Shirt,616,"E035, E043, E033, E013, E021, E011, E006, E038, E041, E050",15,M036,Singer,S1000,Yes
2023-10-04,Night,T-Shirt,616,"E035, E043, E033, E013, E021, E011, E006, E038, E041, E050",15,M037,Singer,B2000,No
2023-10-04,Night,T-Shirt,616,"E035, E043, E033, E013, E021, E011, E006, E038, E041, E050",15,M038,Singer,J3000,Yes
2023-10-04,Night,T-Shirt,616,"E035, E043, E033, E013, E021, E011, E006, E038, E041, E050",15,M039,Brother,B2000,No
2023-10-04,Night,T-Shirt,616,"E035, E043, E033, E013, E021, E011, E006, E038, E041, E050",15,M040,Singer,B2000,Yes
2023-10-04,Night,T-Shirt,616,"E035, E043, E033, E013, E021, E011, E006, E038, E041, E050",15,M041,Brother,B2000,No
2023-10-04,Night,T-Shirt,616,"E035, E043, E033, E013, E021, E011, E006, E038, E041, E050",15,M042,Singer,B2000,No
2023-10-04,Night,T-Shirt,616,"E035, E043, E033, E013, E021, E011, E006, E038, E041, E050",15,M043,Brother,B2000,No
2023-10-04,Night,T-Shirt,616,"E035, E043, E033, E013, E021, E011, E006, E038, E041, E050",15,M044,Juki,S1000,No
2023-10-04,Night,T-Shirt,616,"E035, E043, E033, E013, E021, E011, E006, E038, E041, E050",15,M045,Singer,B2000,No
2023-10-04,Night,T-Shirt,616,"E035, E043, E033, E013, E021, E011, E006, E038, E041, E050",15,M046,Brother,S1000,No
2023-10-04,Night,T-Shirt,616,"E035, E043, E033, E013, E021, E011, E006, E038, E041, E050",15,M047,Juki,S1000,Yes
2023-10-04,Night,T-Shirt,616,"E035, E043, E033, E013, E021, E011, E006, E038, E041, E050",15,M048,Singer,S1000,No
2023-10-04,Night,T-Shirt,616,"E035, E043, E033, E013, E021, E011, E006, E038, E041, E050",15,M049,Juki,J3000,No
2023-10-04,Night,T-Shirt,616,"E035, E043, E033, E013, E021, E011, E006, E038, E041, E050",15,M050,Brother,J3000,No
2023-10-05,Day,Shirt,689,"E017, E040, E050, E043, E007, E044, E029, E027, E010, E014",16,M001,Juki,B2000,No
2023-10-05,Day,Shirt,689,"E017, E040, E050, E043, E007, E044, E029, E027, E010, E014",16,M002,Juki,B2000,No
2023-10-05,Day,Shirt,689,"E017, E040, E050, E043, E007, E044, E029, E027, E010, E014",16,M003,Juki,B2000,No
2023-10-05,Day,Shirt,689,"E017, E040, E050, E043, E007, E044, E029, E027, E010, E014",16,M004,Juki,B2000,No
2023-10-05,Day,Shirt,689,"E017, E040, E050, E043, E007, E044, E029, E027, E010, E014",16,M005,Brother,J3000,No
2023-10-05,Day,Shirt,689,"E017, E040, E050, E043, E007, E044, E029, E027, E010, E014",16,M006,Singer,S1000,No
2023-10-05,Day,Shirt,689,"E017, E040, E050, E043, E007, E044, E029, E027, E010, E014",16,M007,Singer,J3000,No
2023-10-05,Day,Shirt,689,"E017, E040, E050, E043, E007, E044, E029, E027, E010, E014",16,M008,Brother,S1000,No
2023-10-05,Day,Shirt,689,"E017, E040, E050, E043, E007, E044, E029, E027, E010, E014",16,M009,Singer,J3000,No
2023-10-05,Day,Shirt,689,"E017, E040, E050, E043, E007, E044, E029, E027, E010, E014",16,M010,Brother,B2000,Yes
2023-10-05,Day,Shirt,689,"E017, E040, E050, E043, E007, E044, E029, E027, E010, E014",16,M011,Singer,S1000,No
2023-10-05,Day,Shirt,689,"E017, E040, E050, E043, E007, E044, E029, E027, E010, E014",16,M012,Brother,J3000,No
2023-10-05,Day,Shirt,689,"E017, E040, E050, E043, E007, E044, E029, E027, E010, E014",16,M013,Singer,J3000,No
2023-10-05,Day,Shirt,689,"E017, E040, E050, E043, E007, E044, E029, E027, E010, E014",16,M014,Juki,B2000,No
2023-10-05,Day,Shirt,689,"E017, E040, E050, E043, E007, E044, E029, E027, E010, E014",16,M015,Singer,S1000,No
2023-10-05,Day,Shirt,689,"E017, E040, E050, E043, E007, E044, E029, E027, E010, E014",16,M016,Singer,S1000,No
2023-10-05,Day,Shirt,689,"E017, E040, E050, E043, E007, E044, E029, E027, E010, E014",16,M017,Juki,J3000,No
2023-10-05,Day,Shirt,689,"E017, E040, E050, E043, E007, E044, E029, E027, E010, E014",16,M018,Brother,S1000,Yes
2023-10-05,Day,Shirt,689,"E017, E040, E050, E043, E007, E044, E029, E027, E010, E014",16,M019,Juki,J3000,Yes
2023-10-05,Day,Shirt,689,"E017, E040, E050, E043, E007, E044, E029, E027, E010, E014",16,M020,Singer,J3000,No
2023-10-05,Day,Shirt,689,"E017, E040, E050, E043, E007, E044, E029, E027, E010, E014",16,M021,Singer,S1000,Yes
2023-10-05,Day,Shirt,689,"E017, E040, E050, E043, E007, E044, E029, E027, E010, E014",16,M022,Juki,J3000,No
2023-10-05,Day,Shirt,689,"E017, E040, E050, E043, E007, E044, E029, E027, E010, E014",16,M023,Singer,J3000,No
2023-10-05,Day,Shirt,689,"E017, E040, E050, E043, E007, E044, E029, E027, E010, E014",16,M024,Juki,B2000,No
2023-10-05,Day,Shirt,689,"E017, E040, E050, E043, E007, E044, E029, E027, E010, E014",16,M025,Brother,S1000,No
2023-10-05,Day,Shirt,689,"E017, E040, E050, E043, E007, E044, E029, E027, E010, E014",16,M026,Juki,B2000,Yes
2023-10-05,Day,Shirt,689,"E017, E040, E050, E043, E007, E044, E029, E027, E010, E014",16,M027,Brother,J3000,No
2023-10-05,Day,Shirt,689,"E017, E040, E050, E043, E007, E044, E029, E027, E010, E014",16,M028,Singer,J3000,No
2023-10-05,Day,Shirt,689,"E017, E040, E050, E043, E007, E044, E029, E027, E010, E014",16,M029,Brother,S1000,No
2023-10-05,Day,Shirt,689,"E017, E040, E050, E043, E007, E044, E029, E027, E010, E014",16,M030,Juki,S1000,Yes
2023-10-05,Day,Shirt,689,"E017, E040, E050, E043, E007, E044, E029, E027, E010, E014",16,M031,Singer,B2000,No
2023-10-05,Day,Shirt,689,"E017, E040, E050, E043, E007, E044, E029, E027, E010, E014",16,M032,Juki,S1000,No
2023-10-05,Day,Shirt,689,"E017, E040, E050, E043, E007, E044, E029, E027, E010, E014",16,M033,Singer,S1000,No
2023-10-05,Day,Shirt,689,"E017, E040, E050, E043, E007, E044, E029, E027, E010, E014",16,M034,Singer,S1000,No
2023-10-05,Day,Shirt,689,"E017, E040, E050, E043, E007, E044, E029, E027, E010, E014",16,M035,Brother,B2000,No
2023-10-05,Day,Shirt,689,"E017, E040, E050, E043, E007, E044, E029, E027, E010, E014",16,M036,Singer,J3000,No
2023-10-05,Day,Shirt,689,"E017, E040, E050, E043, E007, E044, E029, E027, E010, E014",16,M037,Juki,S1000,No
2023-10-05,Day,Shirt,689,"E017, E040, E050, E043, E007, E044, E029, E027, E010, E014",16,M038,Brother,J3000,No
2023-10-05,Day,Shirt,689,"E017, E040, E050, E043, E007, E044, E029, E027, E010, E014",16,M039,Singer,S1000,No
2023-10-05,Day,Shirt,689,"E017, E040, E050, E043, E007, E044, E029, E027, E010, E014",16,M040,Singer,B2000,No
2023-10-05,Day,Shirt,689,"E017, E040, E050, E043, E007, E044, E029, E027, E010, E014",16,M041,Singer,S1000,No
2023-10-05,Day,Shirt,689,"E017, E040, E050, E043, E007, E044, E029, E027, E010, E014",16,M042,Singer,B2000,No
2023-10-05,Day,Shirt,689,"E017, E040, E050, E043, E007, E044, E029, E027, E010, E014",16,M043,Juki,B2000,No
2023-10-05,Day,Shirt,689,"E017, E040, E050, E043, E007, E044, E029, E027, E010, E014",16,M044,Juki,J3000,Yes
2023-10-05,Day,Shirt,689,"E017, E040, E050, E043, E007, E044, E029, E027, E010, E014",16,M045,Singer,J3000,No
2023-10-05,Day,Shirt,689,"E017, E040, E050, E043, E007, E044, E029, E027, E010, E014",16,M046,Singer,J3000,No
2023-10-05,Day,Shirt,689,"E017, E040, E050, E043, E007, E044, E029, E027, E010, E014",16,M047,Singer,B2000,No
2023-10-05,Day,Shirt,689,"E017, E040, E050, E043, E007, E044, E029, E027, E010, E014",16,M048,Brother,S1000,No
2023-10-05,Day,Shirt,689,"E017, E040, E050, E043, E007, E044, E029, E027, E010, E014",16,M049,Brother,B2000,Yes
2023-10-05,Day,Shirt,689,"E017, E040, E050, E043, E007, E044, E029, E027, E010, E014",16,M050,Brother,B2000,No
2023-10-05,Night,Shirt,664,"E007, E012, E048, E047, E031, E008, E043, E038, E010, E027",24,M001,Singer,S1000,No
2023-10-05,Night,Shirt,664,"E007, E012, E048, E047, E031, E008, E043, E038, E010, E027",24,M002,Singer,J3000,No
2023-10-05,Night,Shirt,664,"E007, E012, E048, E047, E031, E008, E043, E038, E010, E027",24,M003,Brother,J3000,No
2023-10-05,Night,Shirt,664,"E007, E012, E048, E047, E031, E008, E043, E038, E010, E027",24,M004,Singer,B2000,No
2023-10-05,Night,Shirt,664,"E007, E012, E048, E047, E031, E008, E043, E038, E010, E027",24,M005,Juki,S1000,Yes
2023-10-05,Night,Shirt,664,"E007, E012, E048, E047, E031, E008, E043, E038, E010, E027",24,M006,Brother,J3000,No
2023-10-05,Night,Shirt,664,"E007, E012, E048, E047, E031, E008, E043, E038, E010, E027",24,M007,Brother,J3000,Yes
2023-10-05,Night,Shirt,664,"E007, E012, E048, E047, E031, E008, E043, E038, E010, E027",24,M008,Brother,J3000,No
2023-10-05,Night,Shirt,664,"E007, E012, E048, E047, E031, E008, E043, E038, E010, E027",24,M009,Singer,B2000,Yes
2023-10-05,Night,Shirt,664,"E007, E012, E048, E047, E031, E008, E043, E038, E010, E027",24,M010,Singer,J3000,Yes
2023-10-05,Night,Shirt,664,"E007, E012, E048, E047, E031, E008, E043, E038, E010, E027",24,M011,Juki,S1000,No
2023-10-05,Night,Shirt,664,"E007, E012, E048, E047, E031, E008, E043, E038, E010, E027",24,M012,Juki,J3000,No
2023-10-05,Night,Shirt,664,"E007, E012, E048, E047, E031, E008, E043, E038, E010, E027",24,M013,Brother,J3000,No
2023-10-05,Night,Shirt,664,"E007, E012, E048, E047, E031, E008, E043, E038, E010, E027",24,M014,Juki,J3000,No
2023-10-05,Night,Shirt,664,"E007, E012, E048, E047, E031, E008, E043, E038, E010, E027",24,M015,Juki,J3000,No
2023-10-05,Night,Shirt,664,"E007, E012, E048, E047, E031, E008, E043, E038, E010, E027",24,M016,Brother,J3000,No
2023-10-05,Night,Shirt,664,"E007, E012, E048, E047, E031, E008, E043, E038, E010, E027",24,M017,Juki,J3000,No
2023-10-05,Night,Shirt,664,"E007, E012, E048, E047, E031, E008, E043, E038, E010, E027",24,M018,Juki,B2000,No
2023-10-05,Night,Shirt,664,"E007, E012, E048, E047, E031, E008, E043, E038, E010, E027",24,M019,Singer,S1000,No
2023-10-05,Night,Shirt,664,"E007, E012, E048, E047, E031, E008, E043, E038, E010, E027",24,M020,Juki,J3000,No
2023-10-05,Night,Shirt,664,"E007, E012, E048, E047, E031, E008, E043, E038, E010, E027",24,M021,Singer,B2000,No
2023-10-05,Night,Shirt,664,"E007, E012, E048, E047, E031, E008, E043, E038, E010, E027",24,M022,Juki,B2000,No
2023-10-05,Night,Shirt,664,"E007, E012, E048, E047, E031, E008, E043, E038, E010, E027",24,M023,Juki,J3000,No
2023-10-05,Night,Shirt,664,"E007, E012, E048, E047, E031, E008, E043, E038, E010, E027",24,M024,Singer,B2000,No
2023-10-05,Night,Shirt,664,"E007, E012, E048, E047, E031, E008, E043, E038, E010, E027",24,M025,Singer,B2000,No
2023-10-05,Night,Shirt,664,"E007, E012, E048, E047, E031, E008, E043, E038, E010, E027",24,M026,Brother,J3000,No
2023-10-05,Night,Shirt,664,"E007, E012, E048, E047, E031, E008, E043, E038, E010, E027",24,M027,Singer,B2000,No
2023-10-05,Night,Shirt,664,"E007, E012, E048, E047, E031, E008, E043, E038, E010, E027",24,M028,Juki,J3000,No
2023-10-05,Night,Shirt,664,"E007, E012, E048, E047, E031, E008, E043, E038, E010, E027",24,M029,Brother,S1000,Yes
2023-10-05,Night,Shirt,664,"E007, E012, E048, E047, E031, E008, E043, E038, E010, E027",24,M030,Juki,B2000,No
2023-10-05,Night,Shirt,664,"E007, E012, E048, E047, E031, E008, E043, E038, E010, E027",24,M031,Brother,B2000,No
2023-10-05,Night,Shirt,664,"E007, E012, E048, E047, E031, E008, E043, E038, E010, E027",24,M032,Juki,B2000,Yes
2023-10-05,Night,Shirt,664,"E007, E012, E048, E047, E031, E008, E043, E038, E010, E027",24,M033,Juki,S1000,No
2023-10-05,Night,Shirt,664,"E007, E012, E048, E047, E031, E008, E043, E038, E010, E027",24,M034,Brother,S1000,No
2023-10-05,Night,Shirt,664,"E007, E012, E048, E047, E031, E008, E043, E038, E010, E027",24,M035,Juki,B2000,No
2023-10-05,Night,Shirt,664,"E007, E012, E048, E047, E031, E008, E043, E038, E010, E027",24,M036,Brother,S1000,No
2023-10-05,Night,Shirt,664,"E007, E012, E048, E047, E031, E008, E043, E038, E010, E027",24,M037,Singer,B2000,No
2023-10-05,Night,Shirt,664,"E007, E012, E048, E047, E031, E008, E043, E038, E010, E027",24,M038,Juki,B2000,No
2023-10-05,Night,Shirt,664,"E007, E012, E048, E047, E031, E008, E043, E038, E010, E027",24,M039,Juki,S1000,No
2023-10-05,Night,Shirt,664,"E007, E012, E048, E047, E031, E008, E043, E038, E010, E027",24,M040,Brother,J3000,No
2023-10-05,Night,Shirt,664,"E007, E012, E048, E047, E031, E008, E043, E038, E010, E027",24,M041,Juki,S1000,Yes
2023-10-05,Night,Shirt,664,"E007, E012, E048, E047, E031, E008, E043, E038, E010, E027",24,M042,Juki,J3000,No
2023-10-05,Night,Shirt,664,"E007, E012, E048, E047, E031, E008, E043, E038, E010, E027",24,M043,Brother,B2000,No
2023-10-05,Night,Shirt,664,"E007, E012, E048, E047, E031, E008, E043, E038, E010, E027",24,M044,Brother,S1000,No
2023-10-05,Night,Shirt,664,"E007, E012, E048, E047, E031, E008, E043, E038, E010, E027",24,M045,Singer,S1000,Yes
2023-10-05,Night,Shirt,664,"E007, E012, E048, E047, E031, E008, E043, E038, E010, E027",24,M046,Juki,S1000,No
2023-10-05,Night,Shirt,664,"E007, E012, E048, E047, E031, E008, E043, E038, E010, E027",24,M047,Singer,J3000,No
2023-10-05,Night,Shirt,664,"E007, E012, E048, E047, E031, E008, E043, E038, E010, E027",24,M048,Brother,J3000,No
2023-10-05,Night,Shirt,664,"E007, E012, E048, E047, E031, E008, E043, E038, E010, E027",24,M049,Singer,J3000,Yes
2023-10-05,Night,Shirt,664,"E007, E012, E048, E047, E031, E008, E043, E038, E010, E027",24,M050,Brother,B2000,No
2023-10-06,Day,T-Shirt,643,"E034, E047, E021, E047, E030, E036, E020, E030, E040, E044",23,M001,Brother,S1000,No
2023-10-06,Day,T-Shirt,643,"E034, E047, E021, E047, E030, E036, E020, E030, E040, E044",23,M002,Singer,S1000,No
2023-10-06,Day,T-Shirt,643,"E034, E047, E021, E047, E030, E036, E020, E030, E040, E044",23,M003,Juki,B2000,Yes
2023-10-06,Day,T-Shirt,643,"E034, E047, E021, E047, E030, E036, E020, E030, E040, E044",23,M004,Singer,S1000,No
2023-10-06,Day,T-Shirt,643,"E034, E047, E021, E047, E030, E036, E020, E030, E040, E044",23,M005,Juki,B2000,No
2023-10-06,Day,T-Shirt,643,"E034, E047, E021, E047, E030, E036, E020, E030, E040, E044",23,M006,Juki,B2000,No
2023-10-06,Day,T-Shirt,643,"E034, E047, E021, E047, E030, E036, E020, E030, E040, E044",23,M007,Brother,J3000,No
2023-10-06,Day,T-Shirt,643,"E034, E047, E021, E047, E030, E036, E020, E030, E040, E044",23,M008,Singer,B2000,No
2023-10-06,Day,T-Shirt,643,"E034, E047, E021, E047, E030, E036, E020, E030, E040, E044",23,M009,Brother,B2000,No
2023-10-06,Day,T-Shirt,643,"E034, E047, E021, E047, E030, E036, E020, E030, E040, E044",23,M010,Singer,J3000,Yes
2023-10-06,Day,T-Shirt,643,"E034, E047, E021, E047, E030, E036, E020, E030, E040, E044",23,M011,Juki,B2000,No
2023-10-06,Day,T-Shirt,643,"E034, E047, E021, E047, E030, E036, E020, E030, E040, E044",23,M012,Brother,J3000,No
2023-10-06,Day,T-Shirt,643,"E034, E047, E021, E047, E030, E036, E020, E030, E040, E044",23,M013,Singer,J3000,Yes
2023-10-06,Day,T-Shirt,643,"E034, E047, E021, E047, E030, E036, E020, E030, E040, E044",23,M014,Singer,B2000,Yes
2023-10-06,Day,T-Shirt,643,"E034, E047, E021, E047, E030, E036, E020, E030, E040, E044",23,M015,Juki,J3000,No
2023-10-06,Day,T-Shirt,643,"E034, E047, E021, E047, E030, E036, E020, E030, E040, E044",23,M016,Singer,B2000,No
2023-10-06,Day,T-Shirt,643,"E034, E047, E021, E047, E030, E036, E020, E030, E040, E044",23,M017,Singer,J3000,No
2023-10-06,Day,T-Shirt,643,"E034, E047, E021, E047, E030, E036, E020, E030, E040, E044",23,M018,Juki,B2000,No
2023-10-06,Day,T-Shirt,643,"E034, E047, E021, E047, E030, E036, E020, E030, E040, E044",23,M019,Singer,B2000,No
2023-10-06,Day,T-Shirt,643,"E034, E047, E021, E047, E030, E036, E020, E030, E040, E044",23,M020,Singer,B2000,No
2023-10-06,Day,T-Shirt,643,"E034, E047, E021, E047, E030, E036, E020, E030, E040, E044",23,M021,Brother,S1000,No
2023-10-06,Day,T-Shirt,643,"E034, E047, E021, E047, E030, E036, E020, E030, E040, E044",23,M022,Juki,B2000,Yes
2023-10-06,Day,T-Shirt,643,"E034, E047, E021, E047, E030, E036, E020, E030, E040, E044",23,M023,Brother,S1000,No
2023-10-06,Day,T-Shirt,643,"E034, E047, E021, E047, E030, E036, E020, E030, E040, E044",23,M024,Singer,B2000,No
2023-10-06,Day,T-Shirt,643,"E034, E047, E021, E047, E030, E036, E020, E030, E040, E044",23,M025,Brother,S1000,No
2023-10-06,Day,T-Shirt,643,"E034, E047, E021, E047, E030, E036, E020, E030, E040, E044",23,M026,Singer,S1000,Yes
2023-10-06,Day,T-Shirt,643,"E034, E047, E021, E047, E030, E036, E020, E030, E040, E044",23,M027,Brother,J3000,No
2023-10-06,Day,T-Shirt,643,"E034, E047, E021, E047, E030, E036, E020, E030, E040, E044",23,M028,Juki,S1000,No
2023-10-06,Day,T-Shirt,643,"E034, E047, E021, E047, E030, E036, E020, E030, E040, E044",23,M029,Juki,B2000,No
2023-10-06,Day,T-Shirt,643,"E034, E047, E021, E047, E030, E036, E020, E030, E040, E044",23,M030,Singer,B2000,No
2023-10-06,Day,T-Shirt,643,"E034, E047, E021, E047, E030, E036, E020, E030, E040, E044",23,M031,Juki,B2000,No
2023-10-06,Day,T-Shirt,643,"E034, E047, E021, E047, E030, E036, E020, E030, E040, E044",23,M032,Singer,B2000,No
2023-10-06,Day,T-Shirt,643,"E034, E047, E021, E047, E030, E036, E020, E030, E040, E044",23,M033,Juki,S1000,No
2023-10-06,Day,T-Shirt,643,"E034, E047, E021, E047, E030, E036, E020, E030, E040, E044",23,M034,Juki,S1000,Yes
2023-10-06,Day,T-Shirt,643,"E034, E047, E021, E047, E030, E036, E020, E030, E040, E044",23,M035,Singer,B2000,No
2023-10-06,Day,T-Shirt,643,"E034, E047, E021, E047, E030, E036, E020, E030, E040, E044",23,M036,Juki,B2000,No
2023-10-06,Day,T-Shirt,643,"E034, E047, E021, E047, E030, E036, E020, E030, E040, E044",23,M037,Juki,J3000,Yes
2023-10-06,Day,T-Shirt,643,"E034, E047, E021, E047, E030, E036, E020, E030, E040, E044",23,M038,Brother,J3000,No
2023-10-06,Day,T-Shirt,643,"E034, E047, E021, E047, E030, E036, E020, E030, E040, E044",23,M039,Singer,J3000,No
2023-10-06,Day,T-Shirt,643,"E034, E047, E021, E047, E030, E036, E020, E030, E040, E044",23,M040,Brother,S1000,No
2023-10-06,Day,T-Shirt,643,"E034, E047, E021, E047, E030, E036, E020, E030, E040, E044",23,M041,Brother,J3000,No
2023-10-06,Day,T-Shirt,643,"E034, E047, E021, E047, E030, E036, E020, E030, E040, E044",23,M042,Juki,B2000,No
2023-10-06,Day,T-Shirt,643,"E034, E047, E021, E047, E030, E036, E020, E030, E040, E044",23,M043,Juki,B2000,No
2023-10-06,Day,T-Shirt,643,"E034, E047, E021, E047, E030, E036, E020, E030, E040, E044",23,M044,Brother,B2000,No
2023-10-06,Day,T-Shirt,643,"E034, E047, E021, E047, E030, E036, E020, E030, E040, E044",23,M045,Singer,S1000,No
2023-10-06,Day,T-Shirt,643,"E034, E047, E021, E047, E030, E036, E020, E030, E040, E044",23,M046,Brother,S1000,No
2023-10-06,Day,T-Shirt,643,"E034, E047, E021, E047, E030, E036, E020, E030, E040, E044",23,M047,Singer,S1000,Yes
2023-10-06,Day,T-Shirt,643,"E034, E047, E021, E047, E030, E036, E020, E030, E040, E044",23,M048,Brother,J3000,Yes
2023-10-06,Day,T-Shirt,643,"E034, E047, E021, E047, E030, E036, E020, E030, E040, E044",23,M049,Juki,J3000,No
2023-10-06,Day,T-Shirt,643,"E034, E047, E021, E047, E030, E036, E020, E030, E040, E044",23,M050,Juki,J3000,No
2023-10-06,Night,Dress,443,"E005, E022, E030, E018, E007, E038, E002, E047, E050, E040",17,M001,Singer,B2000,No
2023-10-06,Night,Dress,443,"E005, E022, E030, E018, E007, E038, E002, E047, E050, E040",17,M002,Juki,B2000,No
2023-10-06,Night,Dress,443,"E005, E022, E030, E018, E007, E038, E002, E047, E050, E040",17,M003,Singer,B2000,No
2023-10-06,Night,Dress,443,"E005, E022, E030, E018, E007, E038, E002, E047, E050, E040",17,M004,Singer,S1000,Yes
2023-10-06,Night,Dress,443,"E005, E022, E030, E018, E007, E038, E002, E047, E050, E040",17,M005,Singer,B2000,Yes
2023-10-06,Night,Dress,443,"E005, E022, E030, E018, E007, E038, E002, E047, E050, E040",17,M006,Brother,B2000,No
2023-10-06,Night,Dress,443,"E005, E022, E030, E018, E007, E038, E002, E047, E050, E040",17,M007,Brother,J3000,No
2023-10-06,Night,Dress,443,"E005, E022, E030, E018, E007, E038, E002, E047, E050, E040",17,M008,Singer,J3000,No
2023-10-06,Night,Dress,443,"E005, E022, E030, E018, E007, E038, E002, E047, E050, E040",17,M009,Brother,B2000,No
2023-10-06,Night,Dress,443,"E005, E022, E030, E018, E007, E038, E002, E047, E050, E040",17,M010,Juki,S1000,No
2023-10-06,Night,Dress,443,"E005, E022, E030, E018, E007, E038, E002, E047, E050, E040",17,M011,Brother,J3000,No
2023-10-06,Night,Dress,443,"E005, E022, E030, E018, E007, E038, E002, E047, E050, E040",17,M012,Juki,J3000,No
2023-10-06,Night,Dress,443,"E005, E022, E030, E018, E007, E038, E002, E047, E050, E040",17,M013,Brother,S1000,No
2023-10-06,Night,Dress,443,"E005, E022, E030, E018, E007, E038, E002, E047, E050, E040",17,M014,Singer,S1000,No
2023-10-06,Night,Dress,443,"E005, E022, E030, E018, E007, E038, E002, E047, E050, E040",17,M015,Juki,J3000,No
2023-10-06,Night,Dress,443,"E005, E022, E030, E018, E007, E038, E002, E047, E050, E040",17,M016,Brother,S1000,No
2023-10-06,Night,Dress,443,"E005, E022, E030, E018, E007, E038, E002, E047, E050, E040",17,M017,Juki,S1000,No
2023-10-06,Night,Dress,443,"E005, E022, E030, E018, E007, E038, E002, E047, E050, E040",17,M018,Juki,J3000,No
2023-10-06,Night,Dress,443,"E005, E022, E030, E018, E007, E038, E002, E047, E050, E040",17,M019,Singer,J3000,No
2023-10-06,Night,Dress,443,"E005, E022, E030, E018, E007, E038, E002, E047, E050, E040",17,M020,Juki,S1000,No
2023-10-06,Night,Dress,443,"E005, E022, E030, E018, E007, E038, E002, E047, E050, E040",17,M021,Singer,J3000,No
2023-10-06,Night,Dress,443,"E005, E022, E030, E018, E007, E038, E002, E047, E050, E040",17,M022,Juki,S1000,Yes
2023-10-06,Night,Dress,443,"E005, E022, E030, E018, E007, E038, E002, E047, E050, E040",17,M023,Singer,S1000,No
2023-10-06,Night,Dress,443,"E005, E022, E030, E018, E007, E038, E002, E047, E050, E040",17,M024,Juki,S1000,No
2023-10-06,Night,Dress,443,"E005, E022, E030, E018, E007, E038, E002, E047, E050, E040",17,M025,Juki,S1000,No
2023-10-06,Night,Dress,443,"E005, E022, E030, E018, E007, E038, E002, E047, E050, E040",17,M026,Juki,J3000,No
2023-10-06,Night,Dress,443,"E005, E022, E030, E018, E007, E038, E002, E047, E050, E040",17,M027,Singer,B2000,No
2023-10-06,Night,Dress,443,"E005, E022, E030, E018, E007, E038, E002, E047, E050, E040",17,M028,Brother,B2000,No
2023-10-06,Night,Dress,443,"E005, E022, E030, E018, E007, E038, E002, E047, E050, E040",17,M029,Brother,B2000,Yes
2023-10-06,Night,Dress,443,"E005, E022, E030, E018, E007, E038, E002, E047, E050, E040",17,M030,Singer,B2000,No
2023-10-06,Night,Dress,443,"E005, E022, E030, E018, E007, E038, E002, E047, E050, E040",17,M031,Brother,S1000,Yes
2023-10-06,Night,Dress,443,"E005, E022, E030, E018, E007, E038, E002, E047, E050, E040",17,M032,Singer,B2000,No
2023-10-06,Night,Dress,443,"E005, E022, E030, E018, E007, E038, E002, E047, E050, E040",17,M033,Singer,B2000,No
2023-10-06,Night,Dress,443,"E005, E022, E030, E018, E007, E038, E002, E047, E050, E040",17,M034,Singer,S1000,No
2023-10-06,Night,Dress,443,"E005, E022, E030, E018, E007, E038, E002, E047, E050, E040",17,M035,Juki,J3000,No
2023-10-06,Night,Dress,443,"E005, E022, E030, E018, E007, E038, E002, E047, E050, E040",17,M036,Brother,B2000,No
2023-10-06,Night,Dress,443,"E005, E022, E030, E018, E007, E038, E002, E047, E050, E040",17,M037,Juki,B2000,No
2023-10-06,Night,Dress,443,"E005, E022, E030, E018, E007, E038, E002, E047, E050, E040",17,M038,Brother,J3000,No
2023-10-06,Night,Dress,443,"E005, E022, E030, E018, E007, E038, E002, E047, E050, E040",17,M039,Brother,B2000,No
2023-10-06,Night,Dress,443,"E005, E022, E030, E018, E007, E038, E002, E047, E050, E040",17,M040,Juki,J3000,Yes
2023-10-06,Night,Dress,443,"E005, E022, E030, E018, E007, E038, E002, E047, E050, E040",17,M041,Singer,S1000,No
2023-10-06,Night,Dress,443,"E005, E022, E030, E018, E007, E038, E002, E047, E050, E040",17,M042,Singer,S1000,Yes
2023-10-06,Night,Dress,443,"E005, E022, E030, E018, E007, E038, E002, E047, E050, E040",17,M043,Brother,B2000,No
2023-10-06,Night,Dress,443,"E005, E022, E030, E018, E007, E038, E002, E047, E050, E040",17,M044,Singer,J3000,No
2023-10-06,Night,Dress,443,"E005, E022, E030, E018, E007, E038, E002, E047, E050, E040",17,M045,Brother,S1000,Yes
2023-10-06,Night,Dress,443,"E005, E022, E030, E018, E007, E038, E002, E047, E050, E040",17,M046,Singer,B2000,No
2023-10-06,Night,Dress,443,"E005, E022, E030, E018, E007, E038, E002, E047, E050, E040",17,M047,Singer,S1000,No
2023-10-06,Night,Dress,443,"E005, E022, E030, E018, E007, E038, E002, E047, E050, E040",17,M048,Singer,B2000,No
2023-10-06,Night,Dress,443,"E005, E022, E030, E018, E007, E038, E002, E047, E050, E040",17,M049,Juki,J3000,No
2023-10-06,Night,Dress,443,"E005, E022, E030, E018, E007, E038, E002, E047, E050, E040",17,M050,Juki,B2000,No
2023-10-07,Day,Jacket,394,"E013, E017, E045, E013, E017, E011, E046, E029, E002, E010",15,M001,Singer,J3000,No
2023-10-07,Day,Jacket,394,"E013, E017, E045, E013, E017, E011, E046, E029, E002, E010",15,M002,Singer,S1000,Yes
2023-10-07,Day,Jacket,394,"E013, E017, E045, E013, E017, E011, E046, E029, E002, E010",15,M003,Singer,S1000,No
2023-10-07,Day,Jacket,394,"E013, E017, E045, E013, E017, E011, E046, E029, E002, E010",15,M004,Brother,J3000,No
2023-10-07,Day,Jacket,394,"E013, E017, E045, E013, E017, E011, E046, E029, E002, E010",15,M005,Juki,S1000,No
2023-10-07,Day,Jacket,394,"E013, E017, E045, E013, E017, E011, E046, E029, E002, E010",15,M006,Juki,S1000,No
2023-10-07,Day,Jacket,394,"E013, E017, E045, E013, E017, E011, E046, E029, E002, E010",15,M007,Brother,S1000,No
2023-10-07,Day,Jacket,394,"E013, E017, E045, E013, E017, E011, E046, E029, E002, E010",15,M008,Juki,J3000,No
2023-10-07,Day,Jacket,394,"E013, E017, E045, E013, E017, E011, E046, E029, E002, E010",15,M009,Juki,S1000,No
2023-10-07,Day,Jacket,394,"E013, E017, E045, E013, E017, E011, E046, E029, E002, E010",15,M010,Juki,B2000,Yes
2023-10-07,Day,Jacket,394,"E013, E017, E045, E013, E017, E011, E046, E029, E002, E010",15,M011,Singer,B2000,Yes
2023-10-07,Day,Jacket,394,"E013, E017, E045, E013, E017, E011, E046, E029, E002, E010",15,M012,Brother,J3000,No
2023-10-07,Day,Jacket,394,"E013, E017, E045, E013, E017, E011, E046, E029, E002, E010",15,M013,Brother,J3000,No
2023-10-07,Day,Jacket,394,"E013, E017, E045, E013, E017, E011, E046, E029, E002, E010",15,M014,Juki,B2000,Yes
2023-10-07,Day,Jacket,394,"E013, E017, E045, E013, E017, E011, E046, E029, E002, E010",15,M015,Singer,S1000,No
2023-10-07,Day,Jacket,394,"E013, E017, E045, E013, E017, E011, E046, E029, E002, E010",15,M016,Juki,B2000,Yes
2023-10-07,Day,Jacket,394,"E013, E017, E045, E013, E017, E011, E046, E029, E002, E010",15,M017,Singer,S1000,No
2023-10-07,Day,Jacket,394,"E013, E017, E045, E013, E017, E011, E046, E029, E002, E010",15,M018,Singer,B2000,No
2023-10-07,Day,Jacket,394,"E013, E017, E045, E013, E017, E011, E046, E029, E002, E010",15,M019,Brother,S1000,No
2023-10-07,Day,Jacket,394,"E013, E017, E045, E013, E017, E011, E046, E029, E002, E010",15,M020,Singer,S1000,No
2023-10-07,Day,Jacket,394,"E013, E017, E045, E013, E017, E011, E046, E029, E002, E010",15,M021,Brother,J3000,No
2023-10-07,Day,Jacket,394,"E013, E017, E045, E013, E017, E011, E046, E029, E002, E010",15,M022,Singer,J3000,No
2023-10-07,Day,Jacket,394,"E013, E017, E045, E013, E017, E011, E046, E029, E002, E010",15,M023,Juki,J3000,No
2023-10-07,Day,Jacket,394,"E013, E017, E045, E013, E017, E011, E046, E029, E002, E010",15,M024,Juki,J3000,No
2023-10-07,Day,Jacket,394,"E013, E017, E045, E013, E017, E011, E046, E029, E002, E010",15,M025,Singer,B2000,No
2023-10-07,Day,Jacket,394,"E013, E017, E045, E013, E017, E011, E046, E029, E002, E010",15,M026,Singer,J3000,No
2023-10-07,Day,Jacket,394,"E013, E017, E045, E013, E017, E011, E046, E029, E002, E010",15,M027,Brother,B2000,No
2023-10-07,Day,Jacket,394,"E013, E017, E045, E013, E017, E011, E046, E029, E002, E010",15,M028,Juki,B2000,No
2023-10-07,Day,Jacket,394,"E013, E017, E045, E013, E017, E011, E046, E029, E002, E010",15,M029,Juki,J3000,No
2023-10-07,Day,Jacket,394,"E013, E017, E045, E013, E017, E011, E046, E029, E002, E010",15,M030,Juki,J3000,No
2023-10-07,Day,Jacket,394,"E013, E017, E045, E013, E017, E011, E046, E029, E002, E010",15,M031,Brother,B2000,No
2023-10-07,Day,Jacket,394,"E013, E017, E045, E013, E017, E011, E046, E029, E002, E010",15,M032,Juki,B2000,No
2023-10-07,Day,Jacket,394,"E013, E017, E045, E013, E017, E011, E046, E029, E002, E010",15,M033,Juki,J3000,No
2023-10-07,Day,Jacket,394,"E013, E017, E045, E013, E017, E011, E046, E029, E002, E010",15,M034,Juki,J3000,No
2023-10-07,Day,Jacket,394,"E013, E017, E045, E013, E017, E011, E046, E029, E002, E010",15,M035,Brother,J3000,No
2023-10-07,Day,Jacket,394,"E013, E017, E045, E013, E017, E011, E046, E029, E002, E010",15,M036,Brother,S1000,No
2023-10-07,Day,Jacket,394,"E013, E017, E045, E013, E017, E011, E046, E029, E002, E010",15,M037,Singer,B2000,Yes
2023-10-07,Day,Jacket,394,"E013, E017, E045, E013, E017, E011, E046, E029, E002, E010",15,M038,Singer,B2000,No
2023-10-07,Day,Jacket,394,"E013, E017, E045, E013, E017, E011, E046, E029, E002, E010",15,M039,Brother,B2000,No
2023-10-07,Day,Jacket,394,"E013, E017, E045, E013, E017, E011, E046, E029, E002, E010",15,M040,Brother,S1000,No
2023-10-07,Day,Jacket,394,"E013, E017, E045, E013, E017, E011, E046, E029, E002, E010",15,M041,Singer,B2000,No
2023-10-07,Day,Jacket,394,"E013, E017, E045, E013, E017, E011, E046, E029, E002, E010",15,M042,Brother,S1000,No
2023-10-07,Day,Jacket,394,"E013, E017, E045, E013, E017, E011, E046, E029, E002, E010",15,M043,Brother,J3000,No
2023-10-07,Day,Jacket,394,"E013, E017, E045, E013, E017, E011, E046, E029, E002, E010",15,M044,Singer,J3000,Yes
2023-10-07,Day,Jacket,394,"E013, E017, E045, E013, E017, E011, E046, E029, E002, E010",15,M045,Brother,S1000,No
2023-10-07,Day,Jacket,394,"E013, E017, E045, E013, E017, E011, E046, E029, E002, E010",15,M046,Juki,J3000,Yes
2023-10-07,Day,Jacket,394,"E013, E017, E045, E013, E017, E011, E046, E029, E002, E010",15,M047,Juki,B2000,No
2023-10-07,Day,Jacket,394,"E013, E017, E045, E013, E017, E011, E046, E029, E002, E010",15,M048,Singer,B2000,No
2023-10-07,Day,Jacket,394,"E013, E017, E045, E013, E017, E011, E046, E029, E002, E010",15,M049,Singer,J3000,No
2023-10-07,Day,Jacket,394,"E013, E017, E045, E013, E017, E011, E046, E029, E002, E010",15,M050,Singer,B2000,No
2023-10-07,Night,Dress,630,"E048, E008, E040, E050, E003, E035, E024, E044, E002, E036",8,M001,Juki,B2000,No
2023-10-07,Night,Dress,630,"E048, E008, E040, E050, E003, E035, E024, E044, E002, E036",8,M002,Brother,B2000,No
2023-10-07,Night,Dress,630,"E048, E008, E040, E050, E003, E035, E024, E044, E002, E036",8,M003,Brother,J3000,No
2023-10-07,Night,Dress,630,"E048, E008, E040, E050, E003, E035, E024, E044, E002, E036",8,M004,Juki,B2000,No
2023-10-07,Night,Dress,630,"E048, E008, E040, E050, E003, E035, E024, E044, E002, E036",8,M005,Singer,S1000,No
2023-10-07,Night,Dress,630,"E048, E008, E040, E050, E003, E035, E024, E044, E002, E036",8,M006,Juki,J3000,No
2023-10-07,Night,Dress,630,"E048, E008, E040, E050, E003, E035, E024, E044, E002, E036",8,M007,Brother,J3000,Yes
2023-10-07,Night,Dress,630,"E048, E008, E040, E050, E003, E035, E024, E044, E002, E036",8,M008,Singer,B2000,No
2023-10-07,Night,Dress,630,"E048, E008, E040, E050, E003, E035, E024, E044, E002, E036",8,M009,Juki,S1000,Yes
2023-10-07,Night,Dress,630,"E048, E008, E040, E050, E003, E035, E024, E044, E002, E036",8,M010,Brother,S1000,No
2023-10-07,Night,Dress,630,"E048, E008, E040, E050, E003, E035, E024, E044, E002, E036",8,M011,Brother,B2000,No
2023-10-07,Night,Dress,630,"E048, E008, E040, E050, E003, E035, E024, E044, E002, E036",8,M012,Singer,J3000,No
2023-10-07,Night,Dress,630,"E048, E008, E040, E050, E003, E035, E024, E044, E002, E036",8,M013,Brother,J3000,No
2023-10-07,Night,Dress,630,"E048, E008, E040, E050, E003, E035, E024, E044, E002, E036",8,M014,Juki,B2000,No
2023-10-07,Night,Dress,630,"E048, E008, E040, E050, E003, E035, E024, E044, E002, E036",8,M015,Brother,B2000,No
2023-10-07,Night,Dress,630,"E048, E008, E040, E050, E003, E035, E024, E044, E002, E036",8,M016,Brother,S1000,Yes
2023-10-07,Night,Dress,630,"E048, E008, E040, E050, E003, E035, E024, E044, E002, E036",8,M017,Singer,B2000,No
2023-10-07,Night,Dress,630,"E048, E008, E040, E050, E003, E035, E024, E044, E002, E036",8,M018,Singer,B2000,No
2023-10-07,Night,Dress,630,"E048, E008, E040, E050, E003, E035, E024, E044, E002, E036",8,M019,Brother,B2000,Yes
2023-10-07,Night,Dress,630,"E048, E008, E040, E050, E003, E035, E024, E044, E002, E036",8,M020,Singer,J3000,No
2023-10-07,Night,Dress,630,"E048, E008, E040, E050, E003, E035, E024, E044, E002, E036",8,M021,Singer,S1000,No
2023-10-07,Night,Dress,630,"E048, E008, E040, E050, E003, E035, E024, E044, E002, E036",8,M022,Brother,J3000,No
2023-10-07,Night,Dress,630,"E048, E008, E040, E050, E003, E035, E024, E044, E002, E036",8,M023,Brother,J3000,No
2023-10-07,Night,Dress,630,"E048, E008, E040, E050, E003, E035, E024, E044, E002, E036",8,M024,Singer,B2000,No
2023-10-07,Night,Dress,630,"E048, E008, E040, E050, E003, E035, E024, E044, E002, E036",8,M025,Singer,J3000,No
2023-10-07,Night,Dress,630,"E048, E008, E040, E050, E003, E035, E024, E044, E002, E036",8,M026,Singer,B2000,No
2023-10-07,Night,Dress,630,"E048, E008, E040, E050, E003, E035, E024, E044, E002, E036",8,M027,Juki,B2000,No
2023-10-07,Night,Dress,630,"E048, E008, E040, E050, E003, E035, E024, E044, E002, E036",8,M028,Juki,S1000,Yes
2023-10-07,Night,Dress,630,"E048, E008, E040, E050, E003, E035, E024, E044, E002, E036",8,M029,Brother,B2000,Yes
2023-10-07,Night,Dress,630,"E048, E008, E040, E050, E003, E035, E024, E044, E002, E036",8,M030,Juki,J3000,No
2023-10-07,Night,Dress,630,"E048, E008, E040, E050, E003, E035, E024, E044, E002, E036",8,M031,Singer,B2000,Yes
2023-10-07,Night,Dress,630,"E048, E008, E040, E050, E003, E035, E024, E044, E002, E036",8,M032,Singer,J3000,No
2023-10-07,Night,Dress,630,"E048, E008, E040, E050, E003, E035, E024, E044, E002, E036",8,M033,Brother,J3000,No
2023-10-07,Night,Dress,630,"E048, E008, E040, E050, E003, E035, E024, E044, E002, E036",8,M034,Singer,S1000,No
2023-10-07,Night,Dress,630,"E048, E008, E040, E050, E003, E035, E024, E044, E002, E036",8,M035,Brother,B2000,No
2023-10-07,Night,Dress,630,"E048, E008, E040, E050, E003, E035, E024, E044, E002, E036",8,M036,Juki,B2000,No
2023-10-07,Night,Dress,630,"E048, E008, E040, E050, E003, E035, E024, E044, E002, E036",8,M037,Juki,S1000,No
2023-10-07,Night,Dress,630,"E048, E008, E040, E050, E003, E035, E024, E044, E002, E036",8,M038,Brother,J3000,No
2023-10-07,Night,Dress,630,"E048, E008, E040, E050, E003, E035, E024, E044, E002, E036",8,M039,Singer,J3000,No
2023-10-07,Night,Dress,630,"E048, E008, E040, E050, E003, E035, E024, E044, E002, E036",8,M040,Singer,J3000,No
2023-10-07,Night,Dress,630,"E048, E008, E040, E050, E003, E035, E024, E044, E002, E036",8,M041,Brother,J3000,Yes
2023-10-07,Night,Dress,630,"E048, E008, E040, E050, E003, E035, E024, E044, E002, E036",8,M042,Singer,B2000,No
2023-10-07,Night,Dress,630,"E048, E008, E040, E050, E003, E035, E024, E044, E002, E036",8,M043,Singer,S1000,Yes
2023-10-07,Night,Dress,630,"E048, E008, E040, E050, E003, E035, E024, E044, E002, E036",8,M044,Juki,B2000,No
2023-10-07,Night,Dress,630,"E048, E008, E040, E050, E003, E035, E024, E044, E002, E036",8,M045,Brother,B2000,No
2023-10-07,Night,Dress,630,"E048, E008, E040, E050, E003, E035, E024, E044, E002, E036",8,M046,Juki,S1000,No
2023-10-07,Night,Dress,630,"E048, E008, E040, E050, E003, E035, E024, E044, E002, E036",8,M047,Singer,J3000,No
2023-10-07,Night,Dress,630,"E048, E008, E040, E050, E003, E035, E024, E044, E002, E036",8,M048,Brother,B2000,No
2023-10-07,Night,Dress,630,"E048, E008, E040, E050, E003, E035, E024, E044, E002, E036",8,M049,Brother,S1000,No
2023-10-07,Night,Dress,630,"E048, E008, E040, E050, E003, E035, E024, E044, E002, E036",8,M050,Brother,J3000,No
2023-10-08,Day,Jacket,416,"E021, E017, E038, E020, E028, E031, E001, E020, E043, E027",21,M001,Juki,S1000,No
2023-10-08,Day,Jacket,416,"E021, E017, E038, E020, E028, E031, E001, E020, E043, E027",21,M002,Singer,B2000,Yes
2023-10-08,Day,Jacket,416,"E021, E017, E038, E020, E028, E031, E001, E020, E043, E027",21,M003,Juki,S1000,No
2023-10-08,Day,Jacket,416,"E021, E017, E038, E020, E028, E031, E001, E020, E043, E027",21,M004,Singer,J3000,No
2023-10-08,Day,Jacket,416,"E021, E017, E038, E020, E028, E031, E001, E020, E043, E027",21,M005,Juki,B2000,No
2023-10-08,Day,Jacket,416,"E021, E017, E038, E020, E028, E031, E001, E020, E043, E027",21,M006,Juki,B2000,Yes
2023-10-08,Day,Jacket,416,"E021, E017, E038, E020, E028, E031, E001, E020, E043, E027",21,M007,Juki,S1000,No
2023-10-08,Day,Jacket,416,"E021, E017, E038, E020, E028, E031, E001, E020, E043, E027",21,M008,Brother,J3000,No
2023-10-08,Day,Jacket,416,"E021, E017, E038, E020, E028, E031, E001, E020, E043, E027",21,M009,Singer,B2000,No
2023-10-08,Day,Jacket,416,"E021, E017, E038, E020, E028, E031, E001, E020, E043, E027",21,M010,Juki,B2000,No
2023-10-08,Day,Jacket,416,"E021, E017, E038, E020, E028, E031, E001, E020, E043, E027",21,M011,Brother,S1000,No
2023-10-08,Day,Jacket,416,"E021, E017, E038, E020, E028, E031, E001, E020, E043, E027",21,M012,Singer,J3000,No
2023-10-08,Day,Jacket,416,"E021, E017, E038, E020, E028, E031, E001, E020, E043, E027",21,M013,Juki,J3000,No
2023-10-08,Day,Jacket,416,"E021, E017, E038, E020, E028, E031, E001, E020, E043, E027",21,M014,Juki,J3000,No
2023-10-08,Day,Jacket,416,"E021, E017, E038, E020, E028, E031, E001, E020, E043, E027",21,M015,Brother,S1000,No
2023-10-08,Day,Jacket,416,"E021, E017, E038, E020, E028, E031, E001, E020, E043, E027",21,M016,Singer,S1000,No
2023-10-08,Day,Jacket,416,"E021, E017, E038, E020, E028, E031, E001, E020, E043, E027",21,M017,Brother,S1000,No
2023-10-08,Day,Jacket,416,"E021, E017, E038, E020, E028, E031, E001, E020, E043, E027",21,M018,Juki,J3000,Yes
2023-10-08,Day,Jacket,416,"E021, E017, E038, E020, E028, E031, E001, E020, E043, E027",21,M019,Singer,S1000,Yes
2023-10-08,Day,Jacket,416,"E021, E017, E038, E020, E028, E031, E001, E020, E043, E027",21,M020,Singer,J3000,No
2023-10-08,Day,Jacket,416,"E021, E017, E038, E020, E028, E031, E001, E020, E043, E027",21,M021,Singer,S1000,No
2023-10-08,Day,Jacket,416,"E021, E017, E038, E020, E028, E031, E001, E020, E043, E027",21,M022,Juki,J3000,No
2023-10-08,Day,Jacket,416,"E021, E017, E038, E020, E028, E031, E001, E020, E043, E027",21,M023,Juki,S1000,No
2023-10-08,Day,Jacket,416,"E021, E017, E038, E020, E028, E031, E001, E020, E043, E027",21,M024,Singer,S1000,No
2023-10-08,Day,Jacket,416,"E021, E017, E038, E020, E028, E031, E001, E020, E043, E027",21,M025,Juki,B2000,Yes
2023-10-08,Day,Jacket,416,"E021, E017, E038, E020, E028, E031, E001, E020, E043, E027",21,M026,Singer,J3000,No
2023-10-08,Day,Jacket,416,"E021, E017, E038, E020, E028, E031, E001, E020, E043, E027",21,M027,Singer,S1000,No
2023-10-08,Day,Jacket,416,"E021, E017, E038, E020, E028, E031, E001, E020, E043, E027",21,M028,Juki,B2000,No
2023-10-08,Day,Jacket,416,"E021, E017, E038, E020, E028, E031, E001, E020, E043, E027",21,M029,Singer,J3000,No
2023-10-08,Day,Jacket,416,"E021, E017, E038, E020, E028, E031, E001, E020, E043, E027",21,M030,Juki,S1000,No
2023-10-08,Day,Jacket,416,"E021, E017, E038, E020, E028, E031, E001, E020, E043, E027",21,M031,Singer,S1000,No
2023-10-08,Day,Jacket,416,"E021, E017, E038, E020, E028, E031, E001, E020, E043, E027",21,M032,Brother,J3000,No
2023-10-08,Day,Jacket,416,"E021, E017, E038, E020, E028, E031, E001, E020, E043, E027",21,M033,Brother,J3000,No
2023-10-08,Day,Jacket,416,"E021, E017, E038, E020, E028, E031, E001, E020, E043, E027",21,M034,Singer,B2000,No
2023-10-08,Day,Jacket,416,"E021, E017, E038, E020, E028, E031, E001, E020, E043, E027",21,M035,Juki,S1000,Yes
2023-10-08,Day,Jacket,416,"E021, E017, E038, E020, E028, E031, E001, E020, E043, E027",21,M036,Brother,S1000,No
2023-10-08,Day,Jacket,416,"E021, E017, E038, E020, E028, E031, E001, E020, E043, E027",21,M037,Juki,S1000,No
2023-10-08,Day,Jacket,416,"E021, E017, E038, E020, E028, E031, E001, E020, E043, E027",21,M038,Brother,J3000,Yes
2023-10-08,Day,Jacket,416,"E021, E017, E038, E020, E028, E031, E001, E020, E043, E027",21,M039,Brother,B2000,No
2023-10-08,Day,Jacket,416,"E021, E017, E038, E020, E028, E031, E001, E020, E043, E027",21,M040,Brother,J3000,No
2023-10-08,Day,Jacket,416,"E021, E017, E038, E020, E028, E031, E001, E020, E043, E027",21,M041,Juki,J3000,Yes
2023-10-08,Day,Jacket,416,"E021, E017, E038, E020, E028, E031, E001, E020, E043, E027",21,M042,Juki,J3000,Yes
2023-10-08,Day,Jacket,416,"E021, E017, E038, E020, E028, E031, E001, E020, E043, E027",21,M043,Juki,J3000,No
2023-10-08,Day,Jacket,416,"E021, E017, E038, E020, E028, E031, E001, E020, E043, E027",21,M044,Juki,B2000,No
2023-10-08,Day,Jacket,416,"E021, E017, E038, E020, E028, E031, E001, E020, E043, E027",21,M045,Singer,B2000,No
2023-10-08,Day,Jacket,416,"E021, E017, E038, E020, E028, E031, E001, E020, E043, E027",21,M046,Singer,S1000,No
2023-10-08,Day,Jacket,416,"E021, E017, E038, E020, E028, E031, E001, E020, E043, E027",21,M047,Brother,J3000,No
2023-10-08,Day,Jacket,416,"E021, E017, E038, E020, E028, E031, E001, E020, E043, E027",21,M048,Brother,J3000,No
2023-10-08,Day,Jacket,416,"E021, E017, E038, E020, E028, E031, E001, E020, E043, E027",21,M049,Singer,S1000,No
2023-10-08,Day,Jacket,416,"E021, E017, E038, E020, E028, E031, E001, E020, E043, E027",21,M050,Singer,B2000,No
2023-10-08,Night,T-Shirt,670,"E041, E001, E026, E008, E049, E009, E027, E041, E019, E014",20,M001,Singer,J3000,Yes
2023-10-08,Night,T-Shirt,670,"E041, E001, E026, E008, E049, E009, E027, E041, E019, E014",20,M002,Singer,J3000,No
2023-10-08,Night,T-Shirt,670,"E041, E001, E026, E008, E049, E009, E027, E041, E019, E014",20,M003,Brother,S1000,No
2023-10-08,Night,T-Shirt,670,"E041, E001, E026, E008, E049, E009, E027, E041, E019, E014",20,M004,Singer,J3000,No
2023-10-08,Night,T-Shirt,670,"E041, E001, E026, E008, E049, E009, E027, E041, E019, E014",20,M005,Singer,B2000,No
2023-10-08,Night,T-Shirt,670,"E041, E001, E026, E008, E049, E009, E027, E041, E019, E014",20,M006,Juki,B2000,No
2023-10-08,Night,T-Shirt,670,"E041, E001, E026, E008, E049, E009, E027, E041, E019, E014",20,M007,Juki,J3000,No
2023-10-08,Night,T-Shirt,670,"E041, E001, E026, E008, E049, E009, E027, E041, E019, E014",20,M008,Singer,J3000,Yes
2023-10-08,Night,T-Shirt,670,"E041, E001, E026, E008, E049, E009, E027, E041, E019, E014",20,M009,Singer,S1000,No
2023-10-08,Night,T-Shirt,670,"E041, E001, E026, E008, E049, E009, E027, E041, E019, E014",20,M010,Brother,B2000,No
2023-10-08,Night,T-Shirt,670,"E041, E001, E026, E008, E049, E009, E027, E041, E019, E014",20,M011,Juki,J3000,No
2023-10-08,Night,T-Shirt,670,"E041, E001, E026, E008, E049, E009, E027, E041, E019, E014",20,M012,Singer,S1000,No
2023-10-08,Night,T-Shirt,670,"E041, E001, E026, E008, E049, E009, E027, E041, E019, E014",20,M013,Brother,J3000,No
2023-10-08,Night,T-Shirt,670,"E041, E001, E026, E008, E049, E009, E027, E041, E019, E014",20,M014,Brother,J3000,No
2023-10-08,Night,T-Shirt,670,"E041, E001, E026, E008, E049, E009, E027, E041, E019, E014",20,M015,Brother,S1000,Yes
2023-10-08,Night,T-Shirt,670,"E041, E001, E026, E008, E049, E009, E027, E041, E019, E014",20,M016,Juki,B2000,No
2023-10-08,Night,T-Shirt,670,"E041, E001, E026, E008, E049, E009, E027, E041, E019, E014",20,M017,Juki,J3000,No
2023-10-08,Night,T-Shirt,670,"E041, E001, E026, E008, E049, E009, E027, E041, E019, E014",20,M018,Brother,S1000,No
2023-10-08,Night,T-Shirt,670,"E041, E001, E026, E008, E049, E009, E027, E041, E019, E014",20,M019,Singer,S1000,Yes
2023-10-08,Night,T-Shirt,670,"E041, E001, E026, E008, E049, E009, E027, E041, E019, E014",20,M020,Singer,S1000,Yes
2023-10-08,Night,T-Shirt,670,"E041, E001, E026, E008, E049, E009, E027, E041, E019, E014",20,M021,Singer,S1000,Yes
2023-10-08,Night,T-Shirt,670,"E041, E001, E026, E008, E049, E009, E027, E041, E019, E014",20,M022,Singer,J3000,No
2023-10-08,Night,T-Shirt,670,"E041, E001, E026, E008, E049, E009, E027, E041, E019, E014",20,M023,Brother,S1000,No
2023-10-08,Night,T-Shirt,670,"E041, E001, E026, E008, E049, E009, E027, E041, E019, E014",20,M024,Singer,S1000,No
2023-10-08,Night,T-Shirt,670,"E041, E001, E026, E008, E049, E009, E027, E041, E019, E014",20,M025,Brother,J3000,No
2023-10-08,Night,T-Shirt,670,"E041, E001, E026, E008, E049, E009, E027, E041, E019, E014",20,M026,Brother,B2000,No
2023-10-08,Night,T-Shirt,670,"E041, E001, E026, E008, E049, E009, E027, E041, E019, E014",20,M027,Brother,B2000,No
2023-10-08,Night,T-Shirt,670,"E041, E001, E026, E008, E049, E009, E027, E041, E019, E014",20,M028,Singer,S1000,No
2023-10-08,Night,T-Shirt,670,"E041, E001, E026, E008, E049, E009, E027, E041, E019, E014",20,M029,Juki,J3000,Yes
2023-10-08,Night,T-Shirt,670,"E041, E001, E026, E008, E049, E009, E027, E041, E019, E014",20,M030,Juki,S1000,No
2023-10-08,Night,T-Shirt,670,"E041, E001, E026, E008, E049, E009, E027, E041, E019, E014",20,M031,Juki,J3000,No
2023-10-08,Night,T-Shirt,670,"E041, E001, E026, E008, E049, E009, E027, E041, E019, E014",20,M032,Singer,B2000,No
2023-10-08,Night,T-Shirt,670,"E041, E001, E026, E008, E049, E009, E027, E041, E019, E014",20,M033,Brother,J3000,No
2023-10-08,Night,T-Shirt,670,"E041, E001, E026, E008, E049, E009, E027, E041, E019, E014",20,M034,Juki,J3000,No
2023-10-08,Night,T-Shirt,670,"E041, E001, E026, E008, E049, E009, E027, E041, E019, E014",20,M035,Singer,S1000,No
2023-10-08,Night,T-Shirt,670,"E041, E001, E026, E008, E049, E009, E027, E041, E019, E014",20,M036,Brother,B2000,No
2023-10-08,Night,T-Shirt,670,"E041, E001, E026, E008, E049, E009, E027, E041, E019, E014",20,M037,Brother,B2000,No
2023-10-08,Night,T-Shirt,670,"E041, E001, E026, E008, E049, E009, E027, E041, E019, E014",20,M038,Juki,J3000,No
2023-10-08,Night,T-Shirt,670,"E041, E001, E026, E008, E049, E009, E027, E041, E019, E014",20,M039,Singer,B2000,No
2023-10-08,Night,T-Shirt,670,"E041, E001, E026, E008, E049, E009, E027, E041, E019, E014",20,M040,Singer,S1000,No
2023-10-08,Night,T-Shirt,670,"E041, E001, E026, E008, E049, E009, E027, E041, E019, E014",20,M041,Brother,J3000,No
2023-10-08,Night,T-Shirt,670,"E041, E001, E026, E008, E049, E009, E027, E041, E019, E014",20,M042,Brother,S1000,No
2023-10-08,Night,T-Shirt,670,"E041, E001, E026, E008, E049, E009, E027, E041, E019, E014",20,M043,Juki,B2000,Yes
2023-10-08,Night,T-Shirt,670,"E041, E001, E026, E008, E049, E009, E027, E041, E019, E014",20,M044,Juki,J3000,No
2023-10-08,Night,T-Shirt,670,"E041, E001, E026, E008, E049, E009, E027, E041, E019, E014",20,M045,Singer,J3000,No
2023-10-08,Night,T-Shirt,670,"E041, E001, E026, E008, E049, E009, E027, E041, E019, E014",20,M046,Brother,B2000,Yes
2023-10-08,Night,T-Shirt,670,"E041, E001, E026, E008, E049, E009, E027, E041, E019, E014",20,M047,Singer,B2000,No
2023-10-08,Night,T-Shirt,670,"E041, E001, E026, E008, E049, E009, E027, E041, E019, E014",20,M048,Brother,S1000,No
2023-10-08,Night,T-Shirt,670,"E041, E001, E026, E008, E049, E009, E027, E041, E019, E014",20,M049,Juki,B2000,No
2023-10-08,Night,T-Shirt,670,"E041, E001, E026, E008, E049, E009, E027, E041, E019, E014",20,M050,Juki,J3000,No
2023-10-09,Day,Shirt,561,"E034, E031, E037, E012, E024, E012, E028, E038, E007, E013",19,M001,Brother,J3000,No
2023-10-09,Day,Shirt,561,"E034, E031, E037, E012, E024, E012, E028, E038, E007, E013",19,M002,Brother,S1000,No
2023-10-09,Day,Shirt,561,"E034, E031, E037, E012, E024, E012, E028, E038, E007, E013",19,M003,Brother,B2000,No
2023-10-09,Day,Shirt,561,"E034, E031, E037, E012, E024, E012, E028, E038, E007, E013",19,M004,Brother,J3000,Yes
2023-10-09,Day,Shirt,561,"E034, E031, E037, E012, E024, E012, E028, E038, E007, E013",19,M005,Juki,J3000,No
2023-10-09,Day,Shirt,561,"E034, E031, E037, E012, E024, E012, E028, E038, E007, E013",19,M006,Juki,J3000,No
2023-10-09,Day,Shirt,561,"E034, E031, E037, E012, E024, E012, E028, E038, E007, E013",19,M007,Juki,J3000,No
2023-10-09,Day,Shirt,561,"E034, E031, E037, E012, E024, E012, E028, E038, E007, E013",19,M008,Brother,S1000,No
2023-10-09,Day,Shirt,561,"E034, E031, E037, E012, E024, E012, E028, E038, E007, E013",19,M009,Juki,S1000,No
2023-10-09,Day,Shirt,561,"E034, E031, E037, E012, E024, E012, E028, E038, E007, E013",19,M010,Juki,B2000,No
2023-10-09,Day,Shirt,561,"E034, E031, E037, E012, E024, E012, E028, E038, E007, E013",19,M011,Brother,J3000,No
2023-10-09,Day,Shirt,561,"E034, E031, E037, E012, E024, E012, E028, E038, E007, E013",19,M012,Juki,J3000,Yes
2023-10-09,Day,Shirt,561,"E034, E031, E037, E012, E024, E012, E028, E038, E007, E013",19,M013,Juki,S1000,Yes
2023-10-09,Day,Shirt,561,"E034, E031, E037, E012, E024, E012, E028, E038, E007, E013",19,M014,Singer,B2000,No
2023-10-09,Day,Shirt,561,"E034, E031, E037, E012, E024, E012, E028, E038, E007, E013",19,M015,Juki,S1000,No
2023-10-09,Day,Shirt,561,"E034, E031, E037, E012, E024, E012, E028, E038, E007, E013",19,M016,Juki,B2000,No
2023-10-09,Day,Shirt,561,"E034, E031, E037, E012, E024, E012, E028, E038, E007, E013",19,M017,Brother,S1000,No
2023-10-09,Day,Shirt,561,"E034, E031, E037, E012, E024, E012, E028, E038, E007, E013",19,M018,Juki,J3000,No
2023-10-09,Day,Shirt,561,"E034, E031, E037, E012, E024, E012, E028, E038, E007, E013",19,M019,Brother,J3000,No
2023-10-09,Day,Shirt,561,"E034, E031, E037, E012, E024, E012, E028, E038, E007, E013",19,M020,Brother,J3000,No
2023-10-09,Day,Shirt,561,"E034, E031, E037, E012, E024, E012, E028, E038, E007, E013",19,M021,Juki,B2000,No
2023-10-09,Day,Shirt,561,"E034, E031, E037, E012, E024, E012, E028, E038, E007, E013",19,M022,Brother,S1000,No
2023-10-09,Day,Shirt,561,"E034, E031, E037, E012, E024, E012, E028, E038, E007, E013",19,M023,Juki,J3000,No
2023-10-09,Day,Shirt,561,"E034, E031, E037, E012, E024, E012, E028, E038, E007, E013",19,M024,Brother,J3000,No
2023-10-09,Day,Shirt,561,"E034, E031, E037, E012, E024, E012, E028, E038, E007, E013",19,M025,Singer,S1000,No
2023-10-09,Day,Shirt,561,"E034, E031, E037, E012, E024, E012, E028, E038, E007, E013",19,M026,Singer,S1000,Yes
2023-10-09,Day,Shirt,561,"E034, E031, E037, E012, E024, E012, E028, E038, E007, E013",19,M027,Singer,J3000,No
2023-10-09,Day,Shirt,561,"E034, E031, E037, E012, E024, E012, E028, E038, E007, E013",19,M028,Singer,S1000,No
2023-10-09,Day,Shirt,561,"E034, E031, E037, E012, E024, E012, E028, E038, E007, E013",19,M029,Juki,B2000,No
2023-10-09,Day,Shirt,561,"E034, E031, E037, E012, E024, E012, E028, E038, E007, E013",19,M030,Juki,S1000,Yes
2023-10-09,Day,Shirt,561,"E034, E031, E037, E012, E024, E012, E028, E038, E007, E013",19,M031,Brother,B2000,No
2023-10-09,Day,Shirt,561,"E034, E031, E037, E012, E024, E012, E028, E038, E007, E013",19,M032,Brother,S1000,Yes
2023-10-09,Day,Shirt,561,"E034, E031, E037, E012, E024, E012, E028, E038, E007, E013",19,M033,Brother,J3000,No
2023-10-09,Day,Shirt,561,"E034, E031, E037, E012, E024, E012, E028, E038, E007, E013",19,M034,Singer,S1000,No
2023-10-09,Day,Shirt,561,"E034, E031, E037, E012, E024, E012, E028, E038, E007, E013",19,M035,Singer,B2000,No
2023-10-09,Day,Shirt,561,"E034, E031, E037, E012, E024, E012, E028, E038, E007, E013",19,M036,Juki,S1000,Yes
2023-10-09,Day,Shirt,561,"E034, E031, E037, E012, E024, E012, E028, E038, E007, E013",19,M037,Singer,B2000,No
2023-10-09,Day,Shirt,561,"E034, E031, E037, E012, E024, E012, E028, E038, E007, E013",19,M038,Brother,J3000,Yes
2023-10-09,Day,Shirt,561,"E034, E031, E037, E012, E024, E012, E028, E038, E007, E013",19,M039,Brother,B2000,No
2023-10-09,Day,Shirt,561,"E034, E031, E037, E012, E024, E012, E028, E038, E007, E013",19,M040,Juki,S1000,No
2023-10-09,Day,Shirt,561,"E034, E031, E037, E012, E024, E012, E028, E038, E007, E013",19,M041,Juki,J3000,No
2023-10-09,Day,Shirt,561,"E034, E031, E037, E012, E024, E012, E028, E038, E007, E013",19,M042,Juki,J3000,No
2023-10-09,Day,Shirt,561,"E034, E031, E037, E012, E024, E012, E028, E038, E007, E013",19,M043,Singer,B2000,No
2023-10-09,Day,Shirt,561,"E034, E031, E037, E012, E024, E012, E028, E038, E007, E013",19,M044,Juki,B2000,No
2023-10-09,Day,Shirt,561,"E034, E031, E037, E012, E024, E012, E028, E038, E007, E013",19,M045,Brother,J3000,Yes
2023-10-09,Day,Shirt,561,"E034, E031, E037, E012, E024, E012, E028, E038, E007, E013",19,M046,Singer,B2000,No
2023-10-09,Day,Shirt,561,"E034, E031, E037, E012, E024, E012, E028, E038, E007, E013",19,M047,Juki,J3000,Yes
2023-10-09,Day,Shirt,561,"E034, E031, E037, E012, E024, E012, E028, E038, E007, E013",19,M048,Singer,B2000,No
2023-10-09,Day,Shirt,561,"E034, E031, E037, E012, E024, E012, E028, E038, E007, E013",19,M049,Brother,B2000,No
2023-10-09,Day,Shirt,561,"E034, E031, E037, E012, E024, E012, E028, E038, E007, E013",19,M050,Singer,S1000,No
2023-10-09,Night,Dress,429,"E028, E039, E022, E050, E017, E039, E006, E033, E040, E043",13,M001,Juki,B2000,Yes
2023-10-09,Night,Dress,429,"E028, E039, E022, E050, E017, E039, E006, E033, E040, E043",13,M002,Singer,J3000,Yes
2023-10-09,Night,Dress,429,"E028, E039, E022, E050, E017, E039, E006, E033, E040, E043",13,M003,Singer,S1000,No
2023-10-09,Night,Dress,429,"E028, E039, E022, E050, E017, E039, E006, E033, E040, E043",13,M004,Juki,S1000,No
2023-10-09,Night,Dress,429,"E028, E039, E022, E050, E017, E039, E006, E033, E040, E043",13,M005,Singer,J3000,No
2023-10-09,Night,Dress,429,"E028, E039, E022, E050, E017, E039, E006, E033, E040, E043",13,M006,Brother,B2000,No
2023-10-09,Night,Dress,429,"E028, E039, E022, E050, E017, E039, E006, E033, E040, E043",13,M007,Juki,J3000,No
2023-10-09,Night,Dress,429,"E028, E039, E022, E050, E017, E039, E006, E033, E040, E043",13,M008,Juki,J3000,No
2023-10-09,Night,Dress,429,"E028, E039, E022, E050, E017, E039, E006, E033, E040, E043",13,M009,Brother,B2000,No
2023-10-09,Night,Dress,429,"E028, E039, E022, E050, E017, E039, E006, E033, E040, E043",13,M010,Brother,J3000,No
2023-10-09,Night,Dress,429,"E028, E039, E022, E050, E017, E039, E006, E033, E040, E043",13,M011,Singer,J3000,No
2023-10-09,Night,Dress,429,"E028, E039, E022, E050, E017, E039, E006, E033, E040, E043",13,M012,Brother,J3000,No
2023-10-09,Night,Dress,429,"E028, E039, E022, E050, E017, E039, E006, E033, E040, E043",13,M013,Brother,S1000,No
2023-10-09,Night,Dress,429,"E028, E039, E022, E050, E017, E039, E006, E033, E040, E043",13,M014,Brother,S1000,No
2023-10-09,Night,Dress,429,"E028, E039, E022, E050, E017, E039, E006, E033, E040, E043",13,M015,Brother,S1000,No
2023-10-09,Night,Dress,429,"E028, E039, E022, E050, E017, E039, E006, E033, E040, E043",13,M016,Juki,B2000,No
2023-10-09,Night,Dress,429,"E028, E039, E022, E050, E017, E039, E006, E033, E040, E043",13,M017,Brother,B2000,No
2023-10-09,Night,Dress,429,"E028, E039, E022, E050, E017, E039, E006, E033, E040, E043",13,M018,Singer,B2000,Yes
2023-10-09,Night,Dress,429,"E028, E039, E022, E050, E017, E039, E006, E033, E040, E043",13,M019,Brother,B2000,No
2023-10-09,Night,Dress,429,"E028, E039, E022, E050, E017, E039, E006, E033, E040, E043",13,M020,Singer,S1000,No
2023-10-09,Night,Dress,429,"E028, E039, E022, E050, E017, E039, E006, E033, E040, E043",13,M021,Singer,J3000,No
2023-10-09,Night,Dress,429,"E028, E039, E022, E050, E017, E039, E006, E033, E040, E043",13,M022,Singer,B2000,No
2023-10-09,Night,Dress,429,"E028, E039, E022, E050, E017, E039, E006, E033, E040, E043",13,M023,Brother,J3000,No
2023-10-09,Night,Dress,429,"E028, E039, E022, E050, E017, E039, E006, E033, E040, E043",13,M024,Singer,S1000,Yes
2023-10-09,Night,Dress,429,"E028, E039, E022, E050, E017, E039, E006, E033, E040, E043",13,M025,Brother,B2000,No
2023-10-09,Night,Dress,429,"E028, E039, E022, E050, E017, E039, E006, E033, E040, E043",13,M026,Brother,B2000,No
2023-10-09,Night,Dress,429,"E028, E039, E022, E050, E017, E039, E006, E033, E040, E043",13,M027,Brother,J3000,No
2023-10-09,Night,Dress,429,"E028, E039, E022, E050, E017, E039, E006, E033, E040, E043",13,M028,Singer,S1000,No
2023-10-09,Night,Dress,429,"E028, E039, E022, E050, E017, E039, E006, E033, E040, E043",13,M029,Singer,B2000,No
2023-10-09,Night,Dress,429,"E028, E039, E022, E050, E017, E039, E006, E033, E040, E043",13,M030,Juki,J3000,Yes
2023-10-09,Night,Dress,429,"E028, E039, E022, E050, E017, E039, E006, E033, E040, E043",13,M031,Juki,S1000,No
2023-10-09,Night,Dress,429,"E028, E039, E022, E050, E017, E039, E006, E033, E040, E043",13,M032,Brother,S1000,Yes
2023-10-09,Night,Dress,429,"E028, E039, E022, E050, E017, E039, E006, E033, E040, E043",13,M033,Singer,B2000,No
2023-10-09,Night,Dress,429,"E028, E039, E022, E050, E017, E039, E006, E033, E040, E043",13,M034,Juki,J3000,No
2023-10-09,Night,Dress,429,"E028, E039, E022, E050, E017, E039, E006, E033, E040, E043",13,M035,Brother,J3000,No
2023-10-09,Night,Dress,429,"E028, E039, E022, E050, E017, E039, E006, E033, E040, E043",13,M036,Juki,B2000,No
2023-10-09,Night,Dress,429,"E028, E039, E022, E050, E017, E039, E006, E033, E040, E043",13,M037,Singer,B2000,No
2023-10-09,Night,Dress,429,"E028, E039, E022, E050, E017, E039, E006, E033, E040, E043",13,M038,Juki,J3000,No
2023-10-09,Night,Dress,429,"E028, E039, E022, E050, E017, E039, E006, E033, E040, E043",13,M039,Brother,B2000,No
2023-10-09,Night,Dress,429,"E028, E039, E022, E050, E017, E039, E006, E033, E040, E043",13,M040,Brother,B2000,No
2023-10-09,Night,Dress,429,"E028, E039, E022, E050, E017, E039, E006, E033, E040, E043",13,M041,Brother,J3000,No
2023-10-09,Night,Dress,429,"E028, E039, E022, E050, E017, E039, E006, E033, E040, E043",13,M042,Singer,S1000,No
2023-10-09,Night,Dress,429,"E028, E039, E022, E050, E017, E039, E006, E033, E040, E043",13,M043,Brother,B2000,No
2023-10-09,Night,Dress,429,"E028, E039, E022, E050, E017, E039, E006, E033, E040, E043",13,M044,Juki,B2000,No
2023-10-09,Night,Dress,429,"E028, E039, E022, E050, E017, E039, E006, E033, E040, E043",13,M045,Juki,B2000,No
2023-10-09,Night,Dress,429,"E028, E039, E022, E050, E017, E039, E006, E033, E040, E043",13,M046,Singer,B2000,No
2023-10-09,Night,Dress,429,"E028, E039, E022, E050, E017, E039, E006, E033, E040, E043",13,M047,Brother,J3000,No
2023-10-09,Night,Dress,429,"E028, E039, E022, E050, E017, E039, E006, E033, E040, E043",13,M048,Brother,J3000,No
2023-10-09,Night,Dress,429,"E028, E039, E022, E050, E017, E039, E006, E033, E040, E043",13,M049,Brother,J3000,No
2023-10-09,Night,Dress,429,"E028, E039, E022, E050, E017, E039, E006, E033, E040, E043",13,M050,Juki,J3000,No
2023-10-10,Day,T-Shirt,316,"E049, E030, E004, E025, E011, E030, E013, E044, E012, E039",6,M001,Juki,B2000,No
2023-10-10,Day,T-Shirt,316,"E049, E030, E004, E025, E011, E030, E013, E044, E012, E039",6,M002,Brother,B2000,Yes
2023-10-10,Day,T-Shirt,316,"E049, E030, E004, E025, E011, E030, E013, E044, E012, E039",6,M003,Juki,B2000,No
2023-10-10,Day,T-Shirt,316,"E049, E030, E004, E025, E011, E030, E013, E044, E012, E039",6,M004,Brother,S1000,No
2023-10-10,Day,T-Shirt,316,"E049, E030, E004, E025, E011, E030, E013, E044, E012, E039",6,M005,Brother,J3000,No
2023-10-10,Day,T-Shirt,316,"E049, E030, E004, E025, E011, E030, E013, E044, E012, E039",6,M006,Juki,J3000,No
2023-10-10,Day,T-Shirt,316,"E049, E030, E004, E025, E011, E030, E013, E044, E012, E039",6,M007,Brother,B2000,No
2023-10-10,Day,T-Shirt,316,"E049, E030, E004, E025, E011, E030, E013, E044, E012, E039",6,M008,Brother,B2000,No
2023-10-10,Day,T-Shirt,316,"E049, E030, E004, E025, E011, E030, E013, E044, E012, E039",6,M009,Singer,S1000,No
2023-10-10,Day,T-Shirt,316,"E049, E030, E004, E025, E011, E030, E013, E044, E012, E039",6,M010,Brother,B2000,No
2023-10-10,Day,T-Shirt,316,"E049, E030, E004, E025, E011, E030, E013, E044, E012, E039",6,M011,Juki,S1000,No
2023-10-10,Day,T-Shirt,316,"E049, E030, E004, E025, E011, E030, E013, E044, E012, E039",6,M012,Brother,J3000,Yes
2023-10-10,Day,T-Shirt,316,"E049, E030, E004, E025, E011, E030, E013, E044, E012, E039",6,M013,Brother,B2000,No
2023-10-10,Day,T-Shirt,316,"E049, E030, E004, E025, E011, E030, E013, E044, E012, E039",6,M014,Brother,J3000,No
2023-10-10,Day,T-Shirt,316,"E049, E030, E004, E025, E011, E030, E013, E044, E012, E039",6,M015,Singer,J3000,No
2023-10-10,Day,T-Shirt,316,"E049, E030, E004, E025, E011, E030, E013, E044, E012, E039",6,M016,Singer,B2000,No
2023-10-10,Day,T-Shirt,316,"E049, E030, E004, E025, E011, E030, E013, E044, E012, E039",6,M017,Juki,S1000,Yes
2023-10-10,Day,T-Shirt,316,"E049, E030, E004, E025, E011, E030, E013, E044, E012, E039",6,M018,Juki,B2000,No
2023-10-10,Day,T-Shirt,316,"E049, E030, E004, E025, E011, E030, E013, E044, E012, E039",6,M019,Juki,J3000,No
2023-10-10,Day,T-Shirt,316,"E049, E030, E004, E025, E011, E030, E013, E044, E012, E039",6,M020,Singer,J3000,No
2023-10-10,Day,T-Shirt,316,"E049, E030, E004, E025, E011, E030, E013, E044, E012, E039",6,M021,Singer,J3000,No
2023-10-10,Day,T-Shirt,316,"E049, E030, E004, E025, E011, E030, E013, E044, E012, E039",6,M022,Singer,B2000,No
2023-10-10,Day,T-Shirt,316,"E049, E030, E004, E025, E011, E030, E013, E044, E012, E039",6,M023,Brother,S1000,No
2023-10-10,Day,T-Shirt,316,"E049, E030, E004, E025, E011, E030, E013, E044, E012, E039",6,M024,Singer,S1000,No
2023-10-10,Day,T-Shirt,316,"E049, E030, E004, E025, E011, E030, E013, E044, E012, E039",6,M025,Juki,S1000,No
2023-10-10,Day,T-Shirt,316,"E049, E030, E004, E025, E011, E030, E013, E044, E012, E039",6,M026,Brother,S1000,No
2023-10-10,Day,T-Shirt,316,"E049, E030, E004, E025, E011, E030, E013, E044, E012, E039",6,M027,Brother,B2000,Yes
2023-10-10,Day,T-Shirt,316,"E049, E030, E004, E025, E011, E030, E013, E044, E012, E039",6,M028,Singer,B2000,No
2023-10-10,Day,T-Shirt,316,"E049, E030, E004, E025, E011, E030, E013, E044, E012, E039",6,M029,Singer,B2000,No
2023-10-10,Day,T-Shirt,316,"E049, E030, E004, E025, E011, E030, E013, E044, E012, E039",6,M030,Juki,B2000,No
2023-10-10,Day,T-Shirt,316,"E049, E030, E004, E025, E011, E030, E013, E044, E012, E039",6,M031,Brother,B2000,No
2023-10-10,Day,T-Shirt,316,"E049, E030, E004, E025, E011, E030, E013, E044, E012, E039",6,M032,Juki,B2000,No
2023-10-10,Day,T-Shirt,316,"E049, E030, E004, E025, E011, E030, E013, E044, E012, E039",6,M033,Singer,J3000,No
2023-10-10,Day,T-Shirt,316,"E049, E030, E004, E025, E011, E030, E013, E044, E012, E039",6,M034,Brother,J3000,No
2023-10-10,Day,T-Shirt,316,"E049, E030, E004, E025, E011, E030, E013, E044, E012, E039",6,M035,Brother,J3000,No
2023-10-10,Day,T-Shirt,316,"E049, E030, E004, E025, E011, E030, E013, E044, E012, E039",6,M036,Juki,S1000,Yes
2023-10-10,Day,T-Shirt,316,"E049, E030, E004, E025, E011, E030, E013, E044, E012, E039",6,M037,Brother,S1000,No
2023-10-10,Day,T-Shirt,316,"E049, E030, E004, E025, E011, E030, E013, E044, E012, E039",6,M038,Brother,J3000,Yes
2023-10-10,Day,T-Shirt,316,"E049, E030, E004, E025, E011, E030, E013, E044, E012, E039",6,M039,Singer,S1000,No
2023-10-10,Day,T-Shirt,316,"E049, E030, E004, E025, E011, E030, E013, E044, E012, E039",6,M040,Brother,B2000,Yes
2023-10-10,Day,T-Shirt,316,"E049, E030, E004, E025, E011, E030, E013, E044, E012, E039",6,M041,Singer,S1000,No
2023-10-10,Day,T-Shirt,316,"E049, E030, E004, E025, E011, E030, E013, E044, E012, E039",6,M042,Brother,S1000,No
2023-10-10,Day,T-Shirt,316,"E049, E030, E004, E025, E011, E030, E013, E044, E012, E039",6,M043,Juki,S1000,No
2023-10-10,Day,T-Shirt,316,"E049, E030, E004, E025, E011, E030, E013, E044, E012, E039",6,M044,Juki,B2000,No
2023-10-10,Day,T-Shirt,316,"E049, E030, E004, E025, E011, E030, E013, E044, E012, E039",6,M045,Juki,B2000,No
2023-10-10,Day,T-Shirt,316,"E049, E030, E004, E025, E011, E030, E013, E044, E012, E039",6,M046,Juki,S1000,No
2023-10-10,Day,T-Shirt,316,"E049, E030, E004, E025, E011, E030, E013, E044, E012, E039",6,M047,Juki,S1000,No
2023-10-10,Day,T-Shirt,316,"E049, E030, E004, E025, E011, E030, E013, E044, E012, E039",6,M048,Singer,S1000,Yes
2023-10-10,Day,T-Shirt,316,"E049, E030, E004, E025, E011, E030, E013, E044, E012, E039",6,M049,Singer,S1000,No
2023-10-10,Day,T-Shirt,316,"E049, E030, E004, E025, E011, E030, E013, E044, E012, E039",6,M050,Singer,J3000,No
2023-10-10,Night,Shirt,513,"E017, E046, E046, E032, E023, E006, E037, E014, E015, E024",24,M001,Singer,J3000,No
2023-10-10,Night,Shirt,513,"E017, E046, E046, E032, E023, E006, E037, E014, E015, E024",24,M002,Juki,S1000,No
2023-10-10,Night,Shirt,513,"E017, E046, E046, E032, E023, E006, E037, E014, E015, E024",24,M003,Singer,J3000,Yes
2023-10-10,Night,Shirt,513,"E017, E046, E046, E032, E023, E006, E037, E014, E015, E024",24,M004,Singer,B2000,No
2023-10-10,Night,Shirt,513,"E017, E046, E046, E032, E023, E006, E037, E014, E015, E024",24,M005,Singer,J3000,No
2023-10-10,Night,Shirt,513,"E017, E046, E046, E032, E023, E006, E037, E014, E015, E024",24,M006,Juki,B2000,Yes
2023-10-10,Night,Shirt,513,"E017, E046, E046, E032, E023, E006, E037, E014, E015, E024",24,M007,Juki,J3000,No
2023-10-10,Night,Shirt,513,"E017, E046, E046, E032, E023, E006, E037, E014, E015, E024",24,M008,Brother,J3000,Yes
2023-10-10,Night,Shirt,513,"E017, E046, E046, E032, E023, E006, E037, E014, E015, E024",24,M009,Singer,J3000,Yes
2023-10-10,Night,Shirt,513,"E017, E046, E046, E032, E023, E006, E037, E014, E015, E024",24,M010,Singer,B2000,No
2023-10-10,Night,Shirt,513,"E017, E046, E046, E032, E023, E006, E037, E014, E015, E024",24,M011,Brother,B2000,No
2023-10-10,Night,Shirt,513,"E017, E046, E046, E032, E023, E006, E037, E014, E015, E024",24,M012,Brother,S1000,No
2023-10-10,Night,Shirt,513,"E017, E046, E046, E032, E023, E006, E037, E014, E015, E024",24,M013,Singer,J3000,No
2023-10-10,Night,Shirt,513,"E017, E046, E046, E032, E023, E006, E037, E014, E015, E024",24,M014,Singer,J3000,No
2023-10-10,Night,Shirt,513,"E017, E046, E046, E032, E023, E006, E037, E014, E015, E024",24,M015,Brother,B2000,No
2023-10-10,Night,Shirt,513,"E017, E046, E046, E032, E023, E006, E037, E014, E015, E024",24,M016,Juki,B2000,No
2023-10-10,Night,Shirt,513,"E017, E046, E046, E032, E023, E006, E037, E014, E015, E024",24,M017,Brother,S1000,No
2023-10-10,Night,Shirt,513,"E017, E046, E046, E032, E023, E006, E037, E014, E015, E024",24,M018,Singer,B2000,No
2023-10-10,Night,Shirt,513,"E017, E046, E046, E032, E023, E006, E037, E014, E015, E024",24,M019,Brother,B2000,No
2023-10-10,Night,Shirt,513,"E017, E046, E046, E032, E023, E006, E037, E014, E015, E024",24,M020,Brother,J3000,Yes
2023-10-10,Night,Shirt,513,"E017, E046, E046, E032, E023, E006, E037, E014, E015, E024",24,M021,Juki,J3000,No
2023-10-10,Night,Shirt,513,"E017, E046, E046, E032, E023, E006, E037, E014, E015, E024",24,M022,Singer,J3000,No
2023-10-10,Night,Shirt,513,"E017, E046, E046, E032, E023, E006, E037, E014, E015, E024",24,M023,Singer,B2000,No
2023-10-10,Night,Shirt,513,"E017, E046, E046, E032, E023, E006, E037, E014, E015, E024",24,M024,Juki,B2000,No
2023-10-10,Night,Shirt,513,"E017, E046, E046, E032, E023, E006, E037, E014, E015, E024",24,M025,Brother,B2000,No
2023-10-10,Night,Shirt,513,"E017, E046, E046, E032, E023, E006, E037, E014, E015, E024",24,M026,Singer,J3000,No
2023-10-10,Night,Shirt,513,"E017, E046, E046, E032, E023, E006, E037, E014, E015, E024",24,M027,Juki,B2000,No
2023-10-10,Night,Shirt,513,"E017, E046, E046, E032, E023, E006, E037, E014, E015, E024",24,M028,Brother,S1000,No
2023-10-10,Night,Shirt,513,"E017, E046, E046, E032, E023, E006, E037, E014, E015, E024",24,M029,Singer,B2000,No
2023-10-10,Night,Shirt,513,"E017, E046, E046, E032, E023, E006, E037, E014, E015, E024",24,M030,Brother,B2000,No
2023-10-10,Night,Shirt,513,"E017, E046, E046, E032, E023, E006, E037, E014, E015, E024",24,M031,Juki,S1000,No
2023-10-10,Night,Shirt,513,"E017, E046, E046, E032, E023, E006, E037, E014, E015, E024",24,M032,Singer,S1000,No
2023-10-10,Night,Shirt,513,"E017, E046, E046, E032, E023, E006, E037, E014, E015, E024",24,M033,Brother,B2000,No
2023-10-10,Night,Shirt,513,"E017, E046, E046, E032, E023, E006, E037, E014, E015, E024",24,M034,Singer,S1000,Yes
2023-10-10,Night,Shirt,513,"E017, E046, E046, E032, E023, E006, E037, E014, E015, E024",24,M035,Brother,B2000,Yes
2023-10-10,Night,Shirt,513,"E017, E046, E046, E032, E023, E006, E037, E014, E015, E024",24,M036,Juki,S1000,No
2023-10-10,Night,Shirt,513,"E017, E046, E046, E032, E023, E006, E037, E014, E015, E024",24,M037,Juki,J3000,No
2023-10-10,Night,Shirt,513,"E017, E046, E046, E032, E023, E006, E037, E014, E015, E024",24,M038,Singer,S1000,No
2023-10-10,Night,Shirt,513,"E017, E046, E046, E032, E023, E006, E037, E014, E015, E024",24,M039,Brother,S1000,No
2023-10-10,Night,Shirt,513,"E017, E046, E046, E032, E023, E006, E037, E014, E015, E024",24,M040,Singer,S1000,No
2023-10-10,Night,Shirt,513,"E017, E046, E046, E032, E023, E006, E037, E014, E015, E024",24,M041,Juki,J3000,No
2023-10-10,Night,Shirt,513,"E017, E046, E046, E032, E023, E006, E037, E014, E015, E024",24,M042,Juki,J3000,No
2023-10-10,Night,Shirt,513,"E017, E046, E046, E032, E023, E006, E037, E014, E015, E024",24,M043,Singer,J3000,No
2023-10-10,Night,Shirt,513,"E017, E046, E046, E032, E023, E006, E037, E014, E015, E024",24,M044,Singer,S1000,No
2023-10-10,Night,Shirt,513,"E017, E046, E046, E032, E023, E006, E037, E014, E015, E024",24,M045,Brother,S1000,Yes
2023-10-10,Night,Shirt,513,"E017, E046, E046, E032, E023, E006, E037, E014, E015, E024",24,M046,Singer,J3000,No
2023-10-10,Night,Shirt,513,"E017, E046, E046, E032, E023, E006, E037, E014, E015, E024",24,M047,Singer,S1000,No
2023-10-10,Night,Shirt,513,"E017, E046, E046, E032, E023, E006, E037, E014, E015, E024",24,M048,Brother,B2000,No
2023-10-10,Night,Shirt,513,"E017, E046, E046, E032, E023, E006, E037, E014, E015, E024",24,M049,Juki,S1000,No
2023-10-10,Night,Shirt,513,"E017, E046, E046, E032, E023, E006, E037, E014, E015, E024",24,M050,Juki,S1000,Yes
2023-10-11,Day,Shirt,485,"E021, E048, E050, E041, E008, E042, E047, E014, E017, E017",8,M001,Singer,J3000,No
2023-10-11,Day,Shirt,485,"E021, E048, E050, E041, E008, E042, E047, E014, E017, E017",8,M002,Singer,J3000,No
2023-10-11,Day,Shirt,485,"E021, E048, E050, E041, E008, E042, E047, E014, E017, E017",8,M003,Singer,S1000,Yes
2023-10-11,Day,Shirt,485,"E021, E048, E050, E041, E008, E042, E047, E014, E017, E017",8,M004,Singer,J3000,No
2023-10-11,Day,Shirt,485,"E021, E048, E050, E041, E008, E042, E047, E014, E017, E017",8,M005,Brother,B2000,No
2023-10-11,Day,Shirt,485,"E021, E048, E050, E041, E008, E042, E047, E014, E017, E017",8,M006,Brother,J3000,No
2023-10-11,Day,Shirt,485,"E021, E048, E050, E041, E008, E042, E047, E014, E017, E017",8,M007,Juki,S1000,No
2023-10-11,Day,Shirt,485,"E021, E048, E050, E041, E008, E042, E047, E014, E017, E017",8,M008,Brother,S1000,No
2023-10-11,Day,Shirt,485,"E021, E048, E050, E041, E008, E042, E047, E014, E017, E017",8,M009,Singer,J3000,No
2023-10-11,Day,Shirt,485,"E021, E048, E050, E041, E008, E042, E047, E014, E017, E017",8,M010,Juki,B2000,No
2023-10-11,Day,Shirt,485,"E021, E048, E050, E041, E008, E042, E047, E014, E017, E017",8,M011,Brother,J3000,Yes
2023-10-11,Day,Shirt,485,"E021, E048, E050, E041, E008, E042, E047, E014, E017, E017",8,M012,Juki,B2000,No
2023-10-11,Day,Shirt,485,"E021, E048, E050, E041, E008, E042, E047, E014, E017, E017",8,M013,Brother,B2000,No
2023-10-11,Day,Shirt,485,"E021, E048, E050, E041, E008, E042, E047, E014, E017, E017",8,M014,Singer,B2000,No
2023-10-11,Day,Shirt,485,"E021, E048, E050, E041, E008, E042, E047, E014, E017, E017",8,M015,Juki,B2000,Yes
2023-10-11,Day,Shirt,485,"E021, E048, E050, E041, E008, E042, E047, E014, E017, E017",8,M016,Singer,B2000,No
2023-10-11,Day,Shirt,485,"E021, E048, E050, E041, E008, E042, E047, E014, E017, E017",8,M017,Juki,S1000,No
2023-10-11,Day,Shirt,485,"E021, E048, E050, E041, E008, E042, E047, E014, E017, E017",8,M018,Juki,J3000,No
2023-10-11,Day,Shirt,485,"E021, E048, E050, E041, E008, E042, E047, E014, E017, E017",8,M019,Singer,J3000,Yes
2023-10-11,Day,Shirt,485,"E021, E048, E050, E041, E008, E042, E047, E014, E017, E017",8,M020,Brother,S1000,No
2023-10-11,Day,Shirt,485,"E021, E048, E050, E041, E008, E042, E047, E014, E017, E017",8,M021,Brother,S1000,No
2023-10-11,Day,Shirt,485,"E021, E048, E050, E041, E008, E042, E047, E014, E017, E017",8,M022,Singer,B2000,No
2023-10-11,Day,Shirt,485,"E021, E048, E050, E041, E008, E042, E047, E014, E017, E017",8,M023,Brother,S1000,No
2023-10-11,Day,Shirt,485,"E021, E048, E050, E041, E008, E042, E047, E014, E017, E017",8,M024,Juki,B2000,No
2023-10-11,Day,Shirt,485,"E021, E048, E050, E041, E008, E042, E047, E014, E017, E017",8,M025,Brother,J3000,Yes
2023-10-11,Day,Shirt,485,"E021, E048, E050, E041, E008, E042, E047, E014, E017, E017",8,M026,Singer,J3000,Yes
2023-10-11,Day,Shirt,485,"E021, E048, E050, E041, E008, E042, E047, E014, E017, E017",8,M027,Singer,B2000,No
2023-10-11,Day,Shirt,485,"E021, E048, E050, E041, E008, E042, E047, E014, E017, E017",8,M028,Juki,S1000,Yes
2023-10-11,Day,Shirt,485,"E021, E048, E050, E041, E008, E042, E047, E014, E017, E017",8,M029,Brother,B2000,No
2023-10-11,Day,Shirt,485,"E021, E048, E050, E041, E008, E042, E047, E014, E017, E017",8,M030,Juki,S1000,No
2023-10-11,Day,Shirt,485,"E021, E048, E050, E041, E008, E042, E047, E014, E017, E017",8,M031,Singer,B2000,No
2023-10-11,Day,Shirt,485,"E021, E048, E050, E041, E008, E042, E047, E014, E017, E017",8,M032,Juki,J3000,No
2023-10-11,Day,Shirt,485,"E021, E048, E050, E041, E008, E042, E047, E014, E017, E017",8,M033,Singer,B2000,No
2023-10-11,Day,Shirt,485,"E021, E048, E050, E041, E008, E042, E047, E014, E017, E017",8,M034,Juki,S1000,No
2023-10-11,Day,Shirt,485,"E021, E048, E050, E041, E008, E042, E047, E014, E017, E017",8,M035,Juki,B2000,No
2023-10-11,Day,Shirt,485,"E021, E048, E050, E041, E008, E042, E047, E014, E017, E017",8,M036,Singer,S1000,No
2023-10-11,Day,Shirt,485,"E021, E048, E050, E041, E008, E042, E047, E014, E017, E017",8,M037,Singer,B2000,No
2023-10-11,Day,Shirt,485,"E021, E048, E050, E041, E008, E042, E047, E014, E017, E017",8,M038,Brother,S1000,No
2023-10-11,Day,Shirt,485,"E021, E048, E050, E041, E008, E042, E047, E014, E017, E017",8,M039,Juki,J3000,No
2023-10-11,Day,Shirt,485,"E021, E048, E050, E041, E008, E042, E047, E014, E017, E017",8,M040,Brother,J3000,No
2023-10-11,Day,Shirt,485,"E021, E048, E050, E041, E008, E042, E047, E014, E017, E017",8,M041,Juki,B2000,Yes
2023-10-11,Day,Shirt,485,"E021, E048, E050, E041, E008, E042, E047, E014, E017, E017",8,M042,Brother,J3000,No
2023-10-11,Day,Shirt,485,"E021, E048, E050, E041, E008, E042, E047, E014, E017, E017",8,M043,Juki,S1000,No
2023-10-11,Day,Shirt,485,"E021, E048, E050, E041, E008, E042, E047, E014, E017, E017",8,M044,Singer,B2000,No
2023-10-11,Day,Shirt,485,"E021, E048, E050, E041, E008, E042, E047, E014, E017, E017",8,M045,Singer,S1000,No
2023-10-11,Day,Shirt,485,"E021, E048, E050, E041, E008, E042, E047, E014, E017, E017",8,M046,Singer,B2000,No
2023-10-11,Day,Shirt,485,"E021, E048, E050, E041, E008, E042, E047, E014, E017, E017",8,M047,Juki,S1000,No
2023-10-11,Day,Shirt,485,"E021, E048, E050, E041, E008, E042, E047, E014, E017, E017",8,M048,Brother,B2000,Yes
2023-10-11,Day,Shirt,485,"E021, E048, E050, E041, E008, E042, E047, E014, E017, E017",8,M049,Singer,B2000,No
2023-10-11,Day,Shirt,485,"E021, E048, E050, E041, E008, E042, E047, E014, E017, E017",8,M050,Juki,J3000,No
2023-10-11,Night,Shirt,557,"E029, E033, E049, E026, E021, E003, E048, E034, E040, E040",8,M001,Brother,S1000,No
2023-10-11,Night,Shirt,557,"E029, E033, E049, E026, E021, E003, E048, E034, E040, E040",8,M002,Brother,J3000,No
2023-10-11,Night,Shirt,557,"E029, E033, E049, E026, E021, E003, E048, E034, E040, E040",8,M003,Brother,B2000,Yes
2023-10-11,Night,Shirt,557,"E029, E033, E049, E026, E021, E003, E048, E034, E040, E040",8,M004,Brother,J3000,No
2023-10-11,Night,Shirt,557,"E029, E033, E049, E026, E021, E003, E048, E034, E040, E040",8,M005,Brother,B2000,No
2023-10-11,Night,Shirt,557,"E029, E033, E049, E026, E021, E003, E048, E034, E040, E040",8,M006,Juki,J3000,No
2023-10-11,Night,Shirt,557,"E029, E033, E049, E026, E021, E003, E048, E034, E040, E040",8,M007,Singer,B2000,No
2023-10-11,Night,Shirt,557,"E029, E033, E049, E026, E021, E003, E048, E034, E040, E040",8,M008,Juki,J3000,No
2023-10-11,Night,Shirt,557,"E029, E033, E049, E026, E021, E003, E048, E034, E040, E040",8,M009,Singer,B2000,Yes
2023-10-11,Night,Shirt,557,"E029, E033, E049, E026, E021, E003, E048, E034, E040, E040",8,M010,Juki,J3000,No
2023-10-11,Night,Shirt,557,"E029, E033, E049, E026, E021, E003, E048, E034, E040, E040",8,M011,Singer,J3000,Yes
2023-10-11,Night,Shirt,557,"E029, E033, E049, E026, E021, E003, E048, E034, E040, E040",8,M012,Singer,B2000,No
2023-10-11,Night,Shirt,557,"E029, E033, E049, E026, E021, E003, E048, E034, E040, E040",8,M013,Brother,J3000,No
2023-10-11,Night,Shirt,557,"E029, E033, E049, E026, E021, E003, E048, E034, E040, E040",8,M014,Singer,S1000,No
2023-10-11,Night,Shirt,557,"E029, E033, E049, E026, E021, E003, E048, E034, E040, E040",8,M015,Juki,S1000,No
2023-10-11,Night,Shirt,557,"E029, E033, E049, E026, E021, E003, E048, E034, E040, E040",8,M016,Singer,J3000,No
2023-10-11,Night,Shirt,557,"E029, E033, E049, E026, E021, E003, E048, E034, E040, E040",8,M017,Singer,B2000,No
2023-10-11,Night,Shirt,557,"E029, E033, E049, E026, E021, E003, E048, E034, E040, E040",8,M018,Brother,B2000,No
2023-10-11,Night,Shirt,557,"E029, E033, E049, E026, E021, E003, E048, E034, E040, E040",8,M019,Brother,B2000,Yes
2023-10-11,Night,Shirt,557,"E029, E033, E049, E026, E021, E003, E048, E034, E040, E040",8,M020,Singer,S1000,No
2023-10-11,Night,Shirt,557,"E029, E033, E049, E026, E021, E003, E048, E034, E040, E040",8,M021,Juki,S1000,No
2023-10-11,Night,Shirt,557,"E029, E033, E049, E026, E021, E003, E048, E034, E040, E040",8,M022,Brother,B2000,No
2023-10-11,Night,Shirt,557,"E029, E033, E049, E026, E021, E003, E048, E034, E040, E040",8,M023,Brother,S1000,No
2023-10-11,Night,Shirt,557,"E029, E033, E049, E026, E021, E003, E048, E034, E040, E040",8,M024,Singer,B2000,No
2023-10-11,Night,Shirt,557,"E029, E033, E049, E026, E021, E003, E048, E034, E040, E040",8,M025,Singer,B2000,No
2023-10-11,Night,Shirt,557,"E029, E033, E049, E026, E021, E003, E048, E034, E040, E040",8,M026,Juki,J3000,No
2023-10-11,Night,Shirt,557,"E029, E033, E049, E026, E021, E003, E048, E034, E040, E040",8,M027,Juki,J3000,Yes
2023-10-11,Night,Shirt,557,"E029, E033, E049, E026, E021, E003, E048, E034, E040, E040",8,M028,Singer,B2000,Yes
2023-10-11,Night,Shirt,557,"E029, E033, E049, E026, E021, E003, E048, E034, E040, E040",8,M029,Singer,J3000,No
2023-10-11,Night,Shirt,557,"E029, E033, E049, E026, E021, E003, E048, E034, E040, E040",8,M030,Juki,S1000,No
2023-10-11,Night,Shirt,557,"E029, E033, E049, E026, E021, E003, E048, E034, E040, E040",8,M031,Juki,J3000,Yes
2023-10-11,Night,Shirt,557,"E029, E033, E049, E026, E021, E003, E048, E034, E040, E040",8,M032,Brother,B2000,No
2023-10-11,Night,Shirt,557,"E029, E033, E049, E026, E021, E003, E048, E034, E040, E040",8,M033,Singer,S1000,No
2023-10-11,Night,Shirt,557,"E029, E033, E049, E026, E021, E003, E048, E034, E040, E040",8,M034,Juki,S1000,Yes
2023-10-11,Night,Shirt,557,"E029, E033, E049, E026, E021, E003, E048, E034, E040, E040",8,M035,Singer,S1000,No
2023-10-11,Night,Shirt,557,"E029, E033, E049, E026, E021, E003, E048, E034, E040, E040",8,M036,Singer,S1000,No
2023-10-11,Night,Shirt,557,"E029, E033, E049, E026, E021, E003, E048, E034, E040, E040",8,M037,Brother,S1000,No
2023-10-11,Night,Shirt,557,"E029, E033, E049, E026, E021, E003, E048, E034, E040, E040",8,M038,Singer,J3000,No
2023-10-11,Night,Shirt,557,"E029, E033, E049, E026, E021, E003, E048, E034, E040, E040",8,M039,Singer,S1000,Yes
2023-10-11,Night,Shirt,557,"E029, E033, E049, E026, E021, E003, E048, E034, E040, E040",8,M040,Juki,S1000,No
2023-10-11,Night,Shirt,557,"E029, E033, E049, E026, E021, E003, E048, E034, E040, E040",8,M041,Singer,J3000,No
2023-10-11,Night,Shirt,557,"E029, E033, E049, E026, E021, E003, E048, E034, E040, E040",8,M042,Brother,B2000,No
2023-10-11,Night,Shirt,557,"E029, E033, E049, E026, E021, E003, E048, E034, E040, E040",8,M043,Brother,S1000,No
2023-10-11,Night,Shirt,557,"E029, E033, E049, E026, E021, E003, E048, E034, E040, E040",8,M044,Juki,S1000,No
2023-10-11,Night,Shirt,557,"E029, E033, E049, E026, E021, E003, E048, E034, E040, E040",8,M045,Brother,S1000,No
2023-10-11,Night,Shirt,557,"E029, E033, E049, E026, E021, E003, E048, E034, E040, E040",8,M046,Brother,B2000,No
2023-10-11,Night,Shirt,557,"E029, E033, E049, E026, E021, E003, E048, E034, E040, E040",8,M047,Singer,S1000,No
2023-10-11,Night,Shirt,557,"E029, E033, E049, E026, E021, E003, E048, E034, E040, E040",8,M048,Singer,J3000,Yes
2023-10-11,Night,Shirt,557,"E029, E033, E049, E026, E021, E003, E048, E034, E040, E040",8,M049,Singer,B2000,No
2023-10-11,Night,Shirt,557,"E029, E033, E049, E026, E021, E003, E048, E034, E040, E040",8,M050,Brother,J3000,No
2023-10-12,Day,Shirt,469,"E011, E048, E033, E016, E010, E034, E039, E020, E004, E040",21,M001,Brother,J3000,No
2023-10-12,Day,Shirt,469,"E011, E048, E033, E016, E010, E034, E039, E020, E004, E040",21,M002,Brother,B2000,No
2023-10-12,Day,Shirt,469,"E011, E048, E033, E016, E010, E034, E039, E020, E004, E040",21,M003,Juki,B2000,No
2023-10-12,Day,Shirt,469,"E011, E048, E033, E016, E010, E034, E039, E020, E004, E040",21,M004,Singer,S1000,Yes
2023-10-12,Day,Shirt,469,"E011, E048, E033, E016, E010, E034, E039, E020, E004, E040",21,M005,Brother,J3000,No
2023-10-12,Day,Shirt,469,"E011, E048, E033, E016, E010, E034, E039, E020, E004, E040",21,M006,Singer,J3000,No
2023-10-12,Day,Shirt,469,"E011, E048, E033, E016, E010, E034, E039, E020, E004, E040",21,M007,Juki,J3000,No
2023-10-12,Day,Shirt,469,"E011, E048, E033, E016, E010, E034, E039, E020, E004, E040",21,M008,Singer,S1000,Yes
2023-10-12,Day,Shirt,469,"E011, E048, E033, E016, E010, E034, E039, E020, E004, E040",21,M009,Juki,B2000,No
2023-10-12,Day,Shirt,469,"E011, E048, E033, E016, E010, E034, E039, E020, E004, E040",21,M010,Juki,S1000,No
2023-10-12,Day,Shirt,469,"E011, E048, E033, E016, E010, E034, E039, E020, E004, E040",21,M011,Singer,S1000,No
2023-10-12,Day,Shirt,469,"E011, E048, E033, E016, E010, E034, E039, E020, E004, E040",21,M012,Brother,B2000,Yes
2023-10-12,Day,Shirt,469,"E011, E048, E033, E016, E010, E034, E039, E020, E004, E040",21,M013,Juki,J3000,No
2023-10-12,Day,Shirt,469,"E011, E048, E033, E016, E010, E034, E039, E020, E004, E040",21,M014,Singer,B2000,Yes
2023-10-12,Day,Shirt,469,"E011, E048, E033, E016, E010, E034, E039, E020, E004, E040",21,M015,Brother,S1000,No
2023-10-12,Day,Shirt,469,"E011, E048, E033, E016, E010, E034, E039, E020, E004, E040",21,M016,Juki,J3000,No
2023-10-12,Day,Shirt,469,"E011, E048, E033, E016, E010, E034, E039, E020, E004, E040",21,M017,Brother,B2000,No
2023-10-12,Day,Shirt,469,"E011, E048, E033, E016, E010, E034, E039, E020, E004, E040",21,M018,Juki,J3000,No
2023-10-12,Day,Shirt,469,"E011, E048, E033, E016, E010, E034, E039, E020, E004, E040",21,M019,Singer,B2000,No
2023-10-12,Day,Shirt,469,"E011, E048, E033, E016, E010, E034, E039, E020, E004, E040",21,M020,Juki,B2000,No
2023-10-12,Day,Shirt,469,"E011, E048, E033, E016, E010, E034, E039, E020, E004, E040",21,M021,Juki,S1000,No
2023-10-12,Day,Shirt,469,"E011, E048, E033, E016, E010, E034, E039, E020, E004, E040",21,M022,Juki,S1000,No
2023-10-12,Day,Shirt,469,"E011, E048, E033, E016, E010, E034, E039, E020, E004, E040",21,M023,Singer,B2000,No
2023-10-12,Day,Shirt,469,"E011, E048, E033, E016, E010, E034, E039, E020, E004, E040",21,M024,Juki,J3000,No
2023-10-12,Day,Shirt,469,"E011, E048, E033, E016, E010, E034, E039, E020, E004, E040",21,M025,Singer,B2000,No
2023-10-12,Day,Shirt,469,"E011, E048, E033, E016, E010, E034, E039, E020, E004, E040",21,M026,Juki,B2000,No
2023-10-12,Day,Shirt,469,"E011, E048, E033, E016, E010, E034, E039, E020, E004, E040",21,M027,Singer,J3000,No
2023-10-12,Day,Shirt,469,"E011, E048, E033, E016, E010, E034, E039, E020, E004, E040",21,M028,Juki,B2000,No
2023-10-12,Day,Shirt,469,"E011, E048, E033, E016, E010, E034, E039, E020, E004, E040",21,M029,Singer,S1000,No
2023-10-12,Day,Shirt,469,"E011, E048, E033, E016, E010, E034, E039, E020, E004, E040",21,M030,Brother,B2000,No
2023-10-12,Day,Shirt,469,"E011, E048, E033, E016, E010, E034, E039, E020, E004, E040",21,M031,Singer,J3000,No
2023-10-12,Day,Shirt,469,"E011, E048, E033, E016, E010, E034, E039, E020, E004, E040",21,M032,Brother,B2000,Yes
2023-10-12,Day,Shirt,469,"E011, E048, E033, E016, E010, E034, E039, E020, E004, E040",21,M033,Juki,B2000,No
2023-10-12,Day,Shirt,469,"E011, E048, E033, E016, E010, E034, E039, E020, E004, E040",21,M034,Brother,J3000,No
2023-10-12,Day,Shirt,469,"E011, E048, E033, E016, E010, E034, E039, E020, E004, E040",21,M035,Singer,J3000,No
2023-10-12,Day,Shirt,469,"E011, E048, E033, E016, E010, E034, E039, E020, E004, E040",21,M036,Brother,B2000,Yes
2023-10-12,Day,Shirt,469,"E011, E048, E033, E016, E010, E034, E039, E020, E004, E040",21,M037,Singer,J3000,No
2023-10-12,Day,Shirt,469,"E011, E048, E033, E016, E010, E034, E039, E020, E004, E040",21,M038,Singer,S1000,No
2023-10-12,Day,Shirt,469,"E011, E048, E033, E016, E010, E034, E039, E020, E004, E040",21,M039,Brother,J3000,Yes
2023-10-12,Day,Shirt,469,"E011, E048, E033, E016, E010, E034, E039, E020, E004, E040",21,M040,Juki,S1000,No
2023-10-12,Day,Shirt,469,"E011, E048, E033, E016, E010, E034, E039, E020, E004, E040",21,M041,Singer,B2000,No
2023-10-12,Day,Shirt,469,"E011, E048, E033, E016, E010, E034, E039, E020, E004, E040",21,M042,Singer,J3000,No
2023-10-12,Day,Shirt,469,"E011, E048, E033, E016, E010, E034, E039, E020, E004, E040",21,M043,Singer,B2000,Yes
2023-10-12,Day,Shirt,469,"E011, E048, E033, E016, E010, E034, E039, E020, E004, E040",21,M044,Brother,B2000,No
2023-10-12,Day,Shirt,469,"E011, E048, E033, E016, E010, E034, E039, E020, E004, E040",21,M045,Singer,B2000,No
2023-10-12,Day,Shirt,469,"E011, E048, E033, E016, E010, E034, E039, E020, E004, E040",21,M046,Singer,S1000,No
2023-10-12,Day,Shirt,469,"E011, E048, E033, E016, E010, E034, E039, E020, E004, E040",21,M047,Juki,J3000,No
2023-10-12,Day,Shirt,469,"E011, E048, E033, E016, E010, E034, E039, E020, E004, E040",21,M048,Singer,J3000,No
2023-10-12,Day,Shirt,469,"E011, E048, E033, E016, E010, E034, E039, E020, E004, E040",21,M049,Singer,J3000,No
2023-10-12,Day,Shirt,469,"E011, E048, E033, E016, E010, E034, E039, E020, E004, E040",21,M050,Juki,J3000,No
2023-10-12,Night,T-Shirt,523,"E008, E028, E026, E047, E045, E008, E036, E047, E020, E008",17,M001,Singer,B2000,Yes
2023-10-12,Night,T-Shirt,523,"E008, E028, E026, E047, E045, E008, E036, E047, E020, E008",17,M002,Singer,B2000,No
2023-10-12,Night,T-Shirt,523,"E008, E028, E026, E047, E045, E008, E036, E047, E020, E008",17,M003,Singer,B2000,No
2023-10-12,Night,T-Shirt,523,"E008, E028, E026, E047, E045, E008, E036, E047, E020, E008",17,M004,Juki,J3000,Yes
2023-10-12,Night,T-Shirt,523,"E008, E028, E026, E047, E045, E008, E036, E047, E020, E008",17,M005,Juki,J3000,No
2023-10-12,Night,T-Shirt,523,"E008, E028, E026, E047, E045, E008, E036, E047, E020, E008",17,M006,Juki,B2000,No
2023-10-12,Night,T-Shirt,523,"E008, E028, E026, E047, E045, E008, E036, E047, E020, E008",17,M007,Juki,J3000,Yes
2023-10-12,Night,T-Shirt,523,"E008, E028, E026, E047, E045, E008, E036, E047, E020, E008",17,M008,Juki,B2000,No
2023-10-12,Night,T-Shirt,523,"E008, E028, E026, E047, E045, E008, E036, E047, E020, E008",17,M009,Singer,S1000,No
2023-10-12,Night,T-Shirt,523,"E008, E028, E026, E047, E045, E008, E036, E047, E020, E008",17,M010,Singer,J3000,No
2023-10-12,Night,T-Shirt,523,"E008, E028, E026, E047, E045, E008, E036, E047, E020, E008",17,M011,Brother,J3000,No
2023-10-12,Night,T-Shirt,523,"E008, E028, E026, E047, E045, E008, E036, E047, E020, E008",17,M012,Juki,J3000,No
2023-10-12,Night,T-Shirt,523,"E008, E028, E026, E047, E045, E008, E036, E047, E020, E008",17,M013,Brother,B2000,No
2023-10-12,Night,T-Shirt,523,"E008, E028, E026, E047, E045, E008, E036, E047, E020, E008",17,M014,Singer,J3000,No
2023-10-12,Night,T-Shirt,523,"E008, E028, E026, E047, E045, E008, E036, E047, E020, E008",17,M015,Singer,J3000,No
2023-10-12,Night,T-Shirt,523,"E008, E028, E026, E047, E045, E008, E036, E047, E020, E008",17,M016,Juki,S1000,No
2023-10-12,Night,T-Shirt,523,"E008, E028, E026, E047, E045, E008, E036, E047, E020, E008",17,M017,Singer,B2000,Yes
2023-10-12,Night,T-Shirt,523,"E008, E028, E026, E047, E045, E008, E036, E047, E020, E008",17,M018,Brother,J3000,No
2023-10-12,Night,T-Shirt,523,"E008, E028, E026, E047, E045, E008, E036, E047, E020, E008",17,M019,Brother,S1000,No
2023-10-12,Night,T-Shirt,523,"E008, E028, E026, E047, E045, E008, E036, E047, E020, E008",17,M020,Juki,S1000,No
2023-10-12,Night,T-Shirt,523,"E008, E028, E026, E047, E045, E008, E036, E047, E020, E008",17,M021,Brother,S1000,No
2023-10-12,Night,T-Shirt,523,"E008, E028, E026, E047, E045, E008, E036, E047, E020, E008",17,M022,Brother,J3000,No
2023-10-12,Night,T-Shirt,523,"E008, E028, E026, E047, E045, E008, E036, E047, E020, E008",17,M023,Brother,B2000,No
2023-10-12,Night,T-Shirt,523,"E008, E028, E026, E047, E045, E008, E036, E047, E020, E008",17,M024,Singer,B2000,Yes
2023-10-12,Night,T-Shirt,523,"E008, E028, E026, E047, E045, E008, E036, E047, E020, E008",17,M025,Brother,S1000,No
2023-10-12,Night,T-Shirt,523,"E008, E028, E026, E047, E045, E008, E036, E047, E020, E008",17,M026,Brother,J3000,No
2023-10-12,Night,T-Shirt,523,"E008, E028, E026, E047, E045, E008, E036, E047, E020, E008",17,M027,Singer,J3000,No
2023-10-12,Night,T-Shirt,523,"E008, E028, E026, E047, E045, E008, E036, E047, E020, E008",17,M028,Brother,J3000,Yes
2023-10-12,Night,T-Shirt,523,"E008, E028, E026, E047, E045, E008, E036, E047, E020, E008",17,M029,Brother,B2000,No
2023-10-12,Night,T-Shirt,523,"E008, E028, E026, E047, E045, E008, E036, E047, E020, E008",17,M030,Juki,J3000,No
2023-10-12,Night,T-Shirt,523,"E008, E028, E026, E047, E045, E008, E036, E047, E020, E008",17,M031,Juki,J3000,No
2023-10-12,Night,T-Shirt,523,"E008, E028, E026, E047, E045, E008, E036, E047, E020, E008",17,M032,Brother,S1000,No
2023-10-12,Night,T-Shirt,523,"E008, E028, E026, E047, E045, E008, E036, E047, E020, E008",17,M033,Juki,B2000,No
2023-10-12,Night,T-Shirt,523,"E008, E028, E026, E047, E045, E008, E036, E047, E020, E008",17,M034,Brother,J3000,Yes
2023-10-12,Night,T-Shirt,523,"E008, E028, E026, E047, E045, E008, E036, E047, E020, E008",17,M035,Juki,S1000,No
2023-10-12,Night,T-Shirt,523,"E008, E028, E026, E047, E045, E008, E036, E047, E020, E008",17,M036,Brother,J3000,Yes
2023-10-12,Night,T-Shirt,523,"E008, E028, E026, E047, E045, E008, E036, E047, E020, E008",17,M037,Brother,J3000,No
2023-10-12,Night,T-Shirt,523,"E008, E028, E026, E047, E045, E008, E036, E047, E020, E008",17,M038,Singer,S1000,No
2023-10-12,Night,T-Shirt,523,"E008, E028, E026, E047, E045, E008, E036, E047, E020, E008",17,M039,Brother,B2000,No
2023-10-12,Night,T-Shirt,523,"E008, E028, E026, E047, E045, E008, E036, E047, E020, E008",17,M040,Juki,J3000,No
2023-10-12,Night,T-Shirt,523,"E008, E028, E026, E047, E045, E008, E036, E047, E020, E008",17,M041,Juki,B2000,No
2023-10-12,Night,T-Shirt,523,"E008, E028, E026, E047, E045, E008, E036, E047, E020, E008",17,M042,Juki,S1000,No
2023-10-12,Night,T-Shirt,523,"E008, E028, E026, E047, E045, E008, E036, E047, E020, E008",17,M043,Juki,J3000,Yes
2023-10-12,Night,T-Shirt,523,"E008, E028, E026, E047, E045, E008, E036, E047, E020, E008",17,M044,Singer,J3000,No
2023-10-12,Night,T-Shirt,523,"E008, E028, E026, E047, E045, E008, E036, E047, E020, E008",17,M045,Singer,B2000,No
2023-10-12,Night,T-Shirt,523,"E008, E028, E026, E047, E045, E008, E036, E047, E020, E008",17,M046,Brother,J3000,No
2023-10-12,Night,T-Shirt,523,"E008, E028, E026, E047, E045, E008, E036, E047, E020, E008",17,M047,Juki,S1000,Yes
2023-10-12,Night,T-Shirt,523,"E008, E028, E026, E047, E045, E008, E036, E047, E020, E008",17,M048,Brother,S1000,No
2023-10-12,Night,T-Shirt,523,"E008, E028, E026, E047, E045, E008, E036, E047, E020, E008",17,M049,Juki,B2000,No
2023-10-12,Night,T-Shirt,523,"E008, E028, E026, E047, E045, E008, E036, E047, E020, E008",17,M050,Juki,J3000,No
2023-10-13,Day,Jacket,672,"E013, E020, E034, E029, E001, E007, E021, E001, E040, E003",25,M001,Singer,B2000,No
2023-10-13,Day,Jacket,672,"E013, E020, E034, E029, E001, E007, E021, E001, E040, E003",25,M002,Juki,J3000,No
2023-10-13,Day,Jacket,672,"E013, E020, E034, E029, E001, E007, E021, E001, E040, E003",25,M003,Singer,S1000,No
2023-10-13,Day,Jacket,672,"E013, E020, E034, E029, E001, E007, E021, E001, E040, E003",25,M004,Singer,J3000,No
2023-10-13,Day,Jacket,672,"E013, E020, E034, E029, E001, E007, E021, E001, E040, E003",25,M005,Singer,B2000,Yes
2023-10-13,Day,Jacket,672,"E013, E020, E034, E029, E001, E007, E021, E001, E040, E003",25,M006,Brother,J3000,No
2023-10-13,Day,Jacket,672,"E013, E020, E034, E029, E001, E007, E021, E001, E040, E003",25,M007,Singer,B2000,No
2023-10-13,Day,Jacket,672,"E013, E020, E034, E029, E001, E007, E021, E001, E040, E003",25,M008,Juki,B2000,No
2023-10-13,Day,Jacket,672,"E013, E020, E034, E029, E001, E007, E021, E001, E040, E003",25,M009,Juki,B2000,No
2023-10-13,Day,Jacket,672,"E013, E020, E034, E029, E001, E007, E021, E001, E040, E003",25,M010,Singer,B2000,No
2023-10-13,Day,Jacket,672,"E013, E020, E034, E029, E001, E007, E021, E001, E040, E003",25,M011,Juki,B2000,No
2023-10-13,Day,Jacket,672,"E013, E020, E034, E029, E001, E007, E021, E001, E040, E003",25,M012,Brother,S1000,Yes
2023-10-13,Day,Jacket,672,"E013, E020, E034, E029, E001, E007, E021, E001, E040, E003",25,M013,Juki,B2000,No
2023-10-13,Day,Jacket,672,"E013, E020, E034, E029, E001, E007, E021, E001, E040, E003",25,M014,Brother,S1000,No
2023-10-13,Day,Jacket,672,"E013, E020, E034, E029, E001, E007, E021, E001, E040, E003",25,M015,Brother,J3000,No
2023-10-13,Day,Jacket,672,"E013, E020, E034, E029, E001, E007, E021, E001, E040, E003",25,M016,Juki,J3000,No
2023-10-13,Day,Jacket,672,"E013, E020, E034, E029, E001, E007, E021, E001, E040, E003",25,M017,Juki,J3000,No
2023-10-13,Day,Jacket,672,"E013, E020, E034, E029, E001, E007, E021, E001, E040, E003",25,M018,Singer,S1000,No
2023-10-13,Day,Jacket,672,"E013, E020, E034, E029, E001, E007, E021, E001, E040, E003",25,M019,Singer,B2000,Yes
2023-10-13,Day,Jacket,672,"E013, E020, E034, E029, E001, E007, E021, E001, E040, E003",25,M020,Juki,S1000,No
2023-10-13,Day,Jacket,672,"E013, E020, E034, E029, E001, E007, E021, E001, E040, E003",25,M021,Singer,B2000,No
2023-10-13,Day,Jacket,672,"E013, E020, E034, E029, E001, E007, E021, E001, E040, E003",25,M022,Singer,B2000,No
2023-10-13,Day,Jacket,672,"E013, E020, E034, E029, E001, E007, E021, E001, E040, E003",25,M023,Brother,B2000,No
2023-10-13,Day,Jacket,672,"E013, E020, E034, E029, E001, E007, E021, E001, E040, E003",25,M024,Juki,B2000,No
2023-10-13,Day,Jacket,672,"E013, E020, E034, E029, E001, E007, E021, E001, E040, E003",25,M025,Brother,S1000,No
2023-10-13,Day,Jacket,672,"E013, E020, E034, E029, E001, E007, E021, E001, E040, E003",25,M026,Juki,J3000,No
2023-10-13,Day,Jacket,672,"E013, E020, E034, E029, E001, E007, E021, E001, E040, E003",25,M027,Singer,S1000,No
2023-10-13,Day,Jacket,672,"E013, E020, E034, E029, E001, E007, E021, E001, E040, E003",25,M028,Juki,J3000,No
2023-10-13,Day,Jacket,672,"E013, E020, E034, E029, E001, E007, E021, E001, E040, E003",25,M029,Singer,S1000,No
2023-10-13,Day,Jacket,672,"E013, E020, E034, E029, E001, E007, E021, E001, E040, E003",25,M030,Brother,S1000,No
2023-10-13,Day,Jacket,672,"E013, E020, E034, E029, E001, E007, E021, E001, E040, E003",25,M031,Juki,S1000,Yes
2023-10-13,Day,Jacket,672,"E013, E020, E034, E029, E001, E007, E021, E001, E040, E003",25,M032,Brother,S1000,No
2023-10-13,Day,Jacket,672,"E013, E020, E034, E029, E001, E007, E021, E001, E040, E003",25,M033,Brother,J3000,Yes
2023-10-13,Day,Jacket,672,"E013, E020, E034, E029, E001, E007, E021, E001, E040, E003",25,M034,Juki,B2000,Yes
2023-10-13,Day,Jacket,672,"E013, E020, E034, E029, E001, E007, E021, E001, E040, E003",25,M035,Singer,S1000,No
2023-10-13,Day,Jacket,672,"E013, E020, E034, E029, E001, E007, E021, E001, E040, E003",25,M036,Juki,S1000,No
2023-10-13,Day,Jacket,672,"E013, E020, E034, E029, E001, E007, E021, E001, E040, E003",25,M037,Singer,S1000,No
2023-10-13,Day,Jacket,672,"E013, E020, E034, E029, E001, E007, E021, E001, E040, E003",25,M038,Brother,B2000,No
2023-10-13,Day,Jacket,672,"E013, E020, E034, E029, E001, E007, E021, E001, E040, E003",25,M039,Brother,J3000,Yes
2023-10-13,Day,Jacket,672,"E013, E020, E034, E029, E001, E007, E021, E001, E040, E003",25,M040,Singer,J3000,No
2023-10-13,Day,Jacket,672,"E013, E020, E034, E029, E001, E007, E021, E001, E040, E003",25,M041,Singer,J3000,No
2023-10-13,Day,Jacket,672,"E013, E020, E034, E029, E001, E007, E021, E001, E040, E003",25,M042,Singer,S1000,No
2023-10-13,Day,Jacket,672,"E013, E020, E034, E029, E001, E007, E021, E001, E040, E003",25,M043,Singer,S1000,No
2023-10-13,Day,Jacket,672,"E013, E020, E034, E029, E001, E007, E021, E001, E040, E003",25,M044,Juki,S1000,No
2023-10-13,Day,Jacket,672,"E013, E020, E034, E029, E001, E007, E021, E001, E040, E003",25,M045,Brother,J3000,Yes
2023-10-13,Day,Jacket,672,"E013, E020, E034, E029, E001, E007, E021, E001, E040, E003",25,M046,Juki,B2000,No
2023-10-13,Day,Jacket,672,"E013, E020, E034, E029, E001, E007, E021, E001, E040, E003",25,M047,Singer,J3000,Yes
2023-10-13,Day,Jacket,672,"E013, E020, E034, E029, E001, E007, E021, E001, E040, E003",25,M048,Brother,J3000,No
2023-10-13,Day,Jacket,672,"E013, E020, E034, E029, E001, E007, E021, E001, E040, E003",25,M049,Singer,S1000,Yes
2023-10-13,Day,Jacket,672,"E013, E020, E034, E029, E001, E007, E021, E001, E040, E003",25,M050,Brother,J3000,No
2023-10-13,Night,Jacket,677,"E034, E026, E013, E038, E041, E048, E018, E020, E043, E028",6,M001,Brother,B2000,No
2023-10-13,Night,Jacket,677,"E034, E026, E013, E038, E041, E048, E018, E020, E043, E028",6,M002,Singer,S1000,No
2023-10-13,Night,Jacket,677,"E034, E026, E013, E038, E041, E048, E018, E020, E043, E028",6,M003,Brother,J3000,No
2023-10-13,Night,Jacket,677,"E034, E026, E013, E038, E041, E048, E018, E020, E043, E028",6,M004,Singer,B2000,No
2023-10-13,Night,Jacket,677,"E034, E026, E013, E038, E041, E048, E018, E020, E043, E028",6,M005,Singer,J3000,No
2023-10-13,Night,Jacket,677,"E034, E026, E013, E038, E041, E048, E018, E020, E043, E028",6,M006,Brother,B2000,No
2023-10-13,Night,Jacket,677,"E034, E026, E013, E038, E041, E048, E018, E020, E043, E028",6,M007,Singer,B2000,No
2023-10-13,Night,Jacket,677,"E034, E026, E013, E038, E041, E048, E018, E020, E043, E028",6,M008,Juki,J3000,No
2023-10-13,Night,Jacket,677,"E034, E026, E013, E038, E041, E048, E018, E020, E043, E028",6,M009,Singer,S1000,No
2023-10-13,Night,Jacket,677,"E034, E026, E013, E038, E041, E048, E018, E020, E043, E028",6,M010,Brother,B2000,No
2023-10-13,Night,Jacket,677,"E034, E026, E013, E038, E041, E048, E018, E020, E043, E028",6,M011,Juki,S1000,No
2023-10-13,Night,Jacket,677,"E034, E026, E013, E038, E041, E048, E018, E020, E043, E028",6,M012,Brother,B2000,No
2023-10-13,Night,Jacket,677,"E034, E026, E013, E038, E041, E048, E018, E020, E043, E028",6,M013,Juki,S1000,No
2023-10-13,Night,Jacket,677,"E034, E026, E013, E038, E041, E048, E018, E020, E043, E028",6,M014,Juki,S1000,No
2023-10-13,Night,Jacket,677,"E034, E026, E013, E038, E041, E048, E018, E020, E043, E028",6,M015,Brother,J3000,Yes
2023-10-13,Night,Jacket,677,"E034, E026, E013, E038, E041, E048, E018, E020, E043, E028",6,M016,Brother,S1000,No
2023-10-13,Night,Jacket,677,"E034, E026, E013, E038, E041, E048, E018, E020, E043, E028",6,M017,Juki,B2000,No
2023-10-13,Night,Jacket,677,"E034, E026, E013, E038, E041, E048, E018, E020, E043, E028",6,M018,Juki,J3000,No
2023-10-13,Night,Jacket,677,"E034, E026, E013, E038, E041, E048, E018, E020, E043, E028",6,M019,Juki,J3000,Yes
2023-10-13,Night,Jacket,677,"E034, E026, E013, E038, E041, E048, E018, E020, E043, E028",6,M020,Juki,B2000,No
2023-10-13,Night,Jacket,677,"E034, E026, E013, E038, E041, E048, E018, E020, E043, E028",6,M021,Juki,S1000,No
2023-10-13,Night,Jacket,677,"E034, E026, E013, E038, E041, E048, E018, E020, E043, E028",6,M022,Brother,J3000,Yes
2023-10-13,Night,Jacket,677,"E034, E026, E013, E038, E041, E048, E018, E020, E043, E028",6,M023,Juki,J3000,No
2023-10-13,Night,Jacket,677,"E034, E026, E013, E038, E041, E048, E018, E020, E043, E028",6,M024,Juki,B2000,No
2023-10-13,Night,Jacket,677,"E034, E026, E013, E038, E041, E048, E018, E020, E043, E028",6,M025,Brother,S1000,Yes
2023-10-13,Night,Jacket,677,"E034, E026, E013, E038, E041, E048, E018, E020, E043, E028",6,M026,Brother,B2000,No
2023-10-13,Night,Jacket,677,"E034, E026, E013, E038, E041, E048, E018, E020, E043, E028",6,M027,Juki,S1000,No
2023-10-13,Night,Jacket,677,"E034, E026, E013, E038, E041, E048, E018, E020, E043, E028",6,M028,Brother,B2000,No
2023-10-13,Night,Jacket,677,"E034, E026, E013, E038, E041, E048, E018, E020, E043, E028",6,M029,Brother,B2000,No
2023-10-13,Night,Jacket,677,"E034, E026, E013, E038, E041, E048, E018, E020, E043, E028",6,M030,Singer,S1000,No
2023-10-13,Night,Jacket,677,"E034, E026, E013, E038, E041, E048, E018, E020, E043, E028",6,M031,Singer,B2000,No
2023-10-13,Night,Jacket,677,"E034, E026, E013, E038, E041, E048, E018, E020, E043, E028",6,M032,Singer,J3000,No
2023-10-13,Night,Jacket,677,"E034, E026, E013, E038, E041, E048, E018, E020, E043, E028",6,M033,Juki,J3000,No
2023-10-13,Night,Jacket,677,"E034, E026, E013, E038, E041, E048, E018, E020, E043, E028",6,M034,Juki,J3000,No
2023-10-13,Night,Jacket,677,"E034, E026, E013, E038, E041, E048, E018, E020, E043, E028",6,M035,Juki,S1000,No
2023-10-13,Night,Jacket,677,"E034, E026, E013, E038, E041, E048, E018, E020, E043, E028",6,M036,Juki,B2000,Yes
2023-10-13,Night,Jacket,677,"E034, E026, E013, E038, E041, E048, E018, E020, E043, E028",6,M037,Singer,B2000,No
2023-10-13,Night,Jacket,677,"E034, E026, E013, E038, E041, E048, E018, E020, E043, E028",6,M038,Juki,S1000,Yes
2023-10-13,Night,Jacket,677,"E034, E026, E013, E038, E041, E048, E018, E020, E043, E028",6,M039,Singer,B2000,No
2023-10-13,Night,Jacket,677,"E034, E026, E013, E038, E041, E048, E018, E020, E043, E028",6,M040,Singer,B2000,No
2023-10-13,Night,Jacket,677,"E034, E026, E013, E038, E041, E048, E018, E020, E043, E028",6,M041,Brother,J3000,Yes
2023-10-13,Night,Jacket,677,"E034, E026, E013, E038, E041, E048, E018, E020, E043, E028",6,M042,Singer,J3000,No
2023-10-13,Night,Jacket,677,"E034, E026, E013, E038, E041, E048, E018, E020, E043, E028",6,M043,Singer,S1000,No
2023-10-13,Night,Jacket,677,"E034, E026, E013, E038, E041, E048, E018, E020, E043, E028",6,M044,Brother,S1000,Yes
2023-10-13,Night,Jacket,677,"E034, E026, E013, E038, E041, E048, E018, E020, E043, E028",6,M045,Singer,J3000,Yes
2023-10-13,Night,Jacket,677,"E034, E026, E013, E038, E041, E048, E018, E020, E043, E028",6,M046,Brother,J3000,No
2023-10-13,Night,Jacket,677,"E034, E026, E013, E038, E041, E048, E018, E020, E043, E028",6,M047,Brother,J3000,No
2023-10-13,Night,Jacket,677,"E034, E026, E013, E038, E041, E048, E018, E020, E043, E028",6,M048,Juki,S1000,No
2023-10-13,Night,Jacket,677,"E034, E026, E013, E038, E041, E048, E018, E020, E043, E028",6,M049,Juki,B2000,No
2023-10-13,Night,Jacket,677,"E034, E026, E013, E038, E041, E048, E018, E020, E043, E028",6,M050,Juki,S1000,No
2023-10-14,Day,T-Shirt,514,"E026, E016, E026, E031, E044, E008, E040, E030, E013, E025",19,M001,Brother,B2000,No
2023-10-14,Day,T-Shirt,514,"E026, E016, E026, E031, E044, E008, E040, E030, E013, E025",19,M002,Singer,B2000,Yes
2023-10-14,Day,T-Shirt,514,"E026, E016, E026, E031, E044, E008, E040, E030, E013, E025",19,M003,Juki,B2000,No
2023-10-14,Day,T-Shirt,514,"E026, E016, E026, E031, E044, E008, E040, E030, E013, E025",19,M004,Singer,B2000,No
2023-10-14,Day,T-Shirt,514,"E026, E016, E026, E031, E044, E008, E040, E030, E013, E025",19,M005,Juki,B2000,Yes
2023-10-14,Day,T-Shirt,514,"E026, E016, E026, E031, E044, E008, E040, E030, E013, E025",19,M006,Singer,S1000,No
2023-10-14,Day,T-Shirt,514,"E026, E016, E026, E031, E044, E008, E040, E030, E013, E025",19,M007,Brother,B2000,Yes
2023-10-14,Day,T-Shirt,514,"E026, E016, E026, E031, E044, E008, E040, E030, E013, E025",19,M008,Singer,S1000,No
2023-10-14,Day,T-Shirt,514,"E026, E016, E026, E031, E044, E008, E040, E030, E013, E025",19,M009,Singer,B2000,No
2023-10-14,Day,T-Shirt,514,"E026, E016, E026, E031, E044, E008, E040, E030, E013, E025",19,M010,Juki,B2000,No
2023-10-14,Day,T-Shirt,514,"E026, E016, E026, E031, E044, E008, E040, E030, E013, E025",19,M011,Singer,B2000,No
2023-10-14,Day,T-Shirt,514,"E026, E016, E026, E031, E044, E008, E040, E030, E013, E025",19,M012,Singer,J3000,Yes
2023-10-14,Day,T-Shirt,514,"E026, E016, E026, E031, E044, E008, E040, E030, E013, E025",19,M013,Juki,B2000,No
2023-10-14,Day,T-Shirt,514,"E026, E016, E026, E031, E044, E008, E040, E030, E013, E025",19,M014,Juki,J3000,No
2023-10-14,Day,T-Shirt,514,"E026, E016, E026, E031, E044, E008, E040, E030, E013, E025",19,M015,Singer,B2000,No
2023-10-14,Day,T-Shirt,514,"E026, E016, E026, E031, E044, E008, E040, E030, E013, E025",19,M016,Juki,S1000,No
2023-10-14,Day,T-Shirt,514,"E026, E016, E026, E031, E044, E008, E040, E030, E013, E025",19,M017,Juki,B2000,No
2023-10-14,Day,T-Shirt,514,"E026, E016, E026, E031, E044, E008, E040, E030, E013, E025",19,M018,Brother,B2000,Yes
2023-10-14,Day,T-Shirt,514,"E026, E016, E026, E031, E044, E008, E040, E030, E013, E025",19,M019,Singer,B2000,Yes
2023-10-14,Day,T-Shirt,514,"E026, E016, E026, E031, E044, E008, E040, E030, E013, E025",19,M020,Brother,S1000,No
2023-10-14,Day,T-Shirt,514,"E026, E016, E026, E031, E044, E008, E040, E030, E013, E025",19,M021,Singer,S1000,No
2023-10-14,Day,T-Shirt,514,"E026, E016, E026, E031, E044, E008, E040, E030, E013, E025",19,M022,Singer,S1000,No
2023-10-14,Day,T-Shirt,514,"E026, E016, E026, E031, E044, E008, E040, E030, E013, E025",19,M023,Brother,B2000,No
2023-10-14,Day,T-Shirt,514,"E026, E016, E026, E031, E044, E008, E040, E030, E013, E025",19,M024,Juki,J3000,No
2023-10-14,Day,T-Shirt,514,"E026, E016, E026, E031, E044, E008, E040, E030, E013, E025",19,M025,Singer,B2000,No
2023-10-14,Day,T-Shirt,514,"E026, E016, E026, E031, E044, E008, E040, E030, E013, E025",19,M026,Juki,J3000,No
2023-10-14,Day,T-Shirt,514,"E026, E016, E026, E031, E044, E008, E040, E030, E013, E025",19,M027,Juki,J3000,No
2023-10-14,Day,T-Shirt,514,"E026, E016, E026, E031, E044, E008, E040, E030, E013, E025",19,M028,Brother,B2000,No
2023-10-14,Day,T-Shirt,514,"E026, E016, E026, E031, E044, E008, E040, E030, E013, E025",19,M029,Juki,B2000,No
2023-10-14,Day,T-Shirt,514,"E026, E016, E026, E031, E044, E008, E040, E030, E013, E025",19,M030,Juki,S1000,No
2023-10-14,Day,T-Shirt,514,"E026, E016, E026, E031, E044, E008, E040, E030, E013, E025",19,M031,Juki,J3000,No
2023-10-14,Day,T-Shirt,514,"E026, E016, E026, E031, E044, E008, E040, E030, E013, E025",19,M032,Brother,J3000,Yes
2023-10-14,Day,T-Shirt,514,"E026, E016, E026, E031, E044, E008, E040, E030, E013, E025",19,M033,Brother,J3000,Yes
2023-10-14,Day,T-Shirt,514,"E026, E016, E026, E031, E044, E008, E040, E030, E013, E025",19,M034,Brother,J3000,No
2023-10-14,Day,T-Shirt,514,"E026, E016, E026, E031, E044, E008, E040, E030, E013, E025",19,M035,Singer,J3000,No
2023-10-14,Day,T-Shirt,514,"E026, E016, E026, E031, E044, E008, E040, E030, E013, E025",19,M036,Brother,B2000,No
2023-10-14,Day,T-Shirt,514,"E026, E016, E026, E031, E044, E008, E040, E030, E013, E025",19,M037,Singer,J3000,No
2023-10-14,Day,T-Shirt,514,"E026, E016, E026, E031, E044, E008, E040, E030, E013, E025",19,M038,Juki,J3000,No
2023-10-14,Day,T-Shirt,514,"E026, E016, E026, E031, E044, E008, E040, E030, E013, E025",19,M039,Singer,B2000,No
2023-10-14,Day,T-Shirt,514,"E026, E016, E026, E031, E044, E008, E040, E030, E013, E025",19,M040,Brother,S1000,No
2023-10-14,Day,T-Shirt,514,"E026, E016, E026, E031, E044, E008, E040, E030, E013, E025",19,M041,Singer,S1000,No
2023-10-14,Day,T-Shirt,514,"E026, E016, E026, E031, E044, E008, E040, E030, E013, E025",19,M042,Juki,J3000,No
2023-10-14,Day,T-Shirt,514,"E026, E016, E026, E031, E044, E008, E040, E030, E013, E025",19,M043,Brother,B2000,Yes
2023-10-14,Day,T-Shirt,514,"E026, E016, E026, E031, E044, E008, E040, E030, E013, E025",19,M044,Singer,B2000,No
2023-10-14,Day,T-Shirt,514,"E026, E016, E026, E031, E044, E008, E040, E030, E013, E025",19,M045,Juki,B2000,No
2023-10-14,Day,T-Shirt,514,"E026, E016, E026, E031, E044, E008, E040, E030, E013, E025",19,M046,Brother,S1000,No
2023-10-14,Day,T-Shirt,514,"E026, E016, E026, E031, E044, E008, E040, E030, E013, E025",19,M047,Juki,B2000,Yes
2023-10-14,Day,T-Shirt,514,"E026, E016, E026, E031, E044, E008, E040, E030, E013, E025",19,M048,Singer,J3000,No
2023-10-14,Day,T-Shirt,514,"E026, E016, E026, E031, E044, E008, E040, E030, E013, E025",19,M049,Brother,J3000,No
2023-10-14,Day,T-Shirt,514,"E026, E016, E026, E031, E044, E008, E040, E030, E013, E025",19,M050,Singer,B2000,No
2023-10-14,Night,Jeans,578,"E038, E018, E038, E006, E034, E032, E012, E005, E022, E039",15,M001,Singer,B2000,No
2023-10-14,Night,Jeans,578,"E038, E018, E038, E006, E034, E032, E012, E005, E022, E039",15,M002,Juki,B2000,No
2023-10-14,Night,Jeans,578,"E038, E018, E038, E006, E034, E032, E012, E005, E022, E039",15,M003,Juki,J3000,No
2023-10-14,Night,Jeans,578,"E038, E018, E038, E006, E034, E032, E012, E005, E022, E039",15,M004,Singer,J3000,Yes
2023-10-14,Night,Jeans,578,"E038, E018, E038, E006, E034, E032, E012, E005, E022, E039",15,M005,Singer,S1000,No
2023-10-14,Night,Jeans,578,"E038, E018, E038, E006, E034, E032, E012, E005, E022, E039",15,M006,Singer,S1000,Yes
2023-10-14,Night,Jeans,578,"E038, E018, E038, E006, E034, E032, E012, E005, E022, E039",15,M007,Brother,J3000,No
2023-10-14,Night,Jeans,578,"E038, E018, E038, E006, E034, E032, E012, E005, E022, E039",15,M008,Juki,J3000,No
2023-10-14,Night,Jeans,578,"E038, E018, E038, E006, E034, E032, E012, E005, E022, E039",15,M009,Brother,S1000,No
2023-10-14,Night,Jeans,578,"E038, E018, E038, E006, E034, E032, E012, E005, E022, E039",15,M010,Singer,S1000,No
2023-10-14,Night,Jeans,578,"E038, E018, E038, E006, E034, E032, E012, E005, E022, E039",15,M011,Juki,J3000,No
2023-10-14,Night,Jeans,578,"E038, E018, E038, E006, E034, E032, E012, E005, E022, E039",15,M012,Juki,S1000,No
2023-10-14,Night,Jeans,578,"E038, E018, E038, E006, E034, E032, E012, E005, E022, E039",15,M013,Brother,B2000,No
2023-10-14,Night,Jeans,578,"E038, E018, E038, E006, E034, E032, E012, E005, E022, E039",15,M014,Juki,J3000,Yes
2023-10-14,Night,Jeans,578,"E038, E018, E038, E006, E034, E032, E012, E005, E022, E039",15,M015,Juki,S1000,No
2023-10-14,Night,Jeans,578,"E038, E018, E038, E006, E034, E032, E012, E005, E022, E039",15,M016,Juki,B2000,Yes
2023-10-14,Night,Jeans,578,"E038, E018, E038, E006, E034, E032, E012, E005, E022, E039",15,M017,Juki,B2000,No
2023-10-14,Night,Jeans,578,"E038, E018, E038, E006, E034, E032, E012, E005, E022, E039",15,M018,Brother,S1000,No
2023-10-14,Night,Jeans,578,"E038, E018, E038, E006, E034, E032, E012, E005, E022, E039",15,M019,Juki,B2000,Yes
2023-10-14,Night,Jeans,578,"E038, E018, E038, E006, E034, E032, E012, E005, E022, E039",15,M020,Juki,S1000,No
2023-10-14,Night,Jeans,578,"E038, E018, E038, E006, E034, E032, E012, E005, E022, E039",15,M021,Juki,B2000,No
2023-10-14,Night,Jeans,578,"E038, E018, E038, E006, E034, E032, E012, E005, E022, E039",15,M022,Brother,J3000,No
2023-10-14,Night,Jeans,578,"E038, E018, E038, E006, E034, E032, E012, E005, E022, E039",15,M023,Singer,S1000,No
2023-10-14,Night,Jeans,578,"E038, E018, E038, E006, E034, E032, E012, E005, E022, E039",15,M024,Singer,S1000,No
2023-10-14,Night,Jeans,578,"E038, E018, E038, E006, E034, E032, E012, E005, E022, E039",15,M025,Juki,B2000,No
2023-10-14,Night,Jeans,578,"E038, E018, E038, E006, E034, E032, E012, E005, E022, E039",15,M026,Brother,S1000,No
2023-10-14,Night,Jeans,578,"E038, E018, E038, E006, E034, E032, E012, E005, E022, E039",15,M027,Singer,B2000,No
2023-10-14,Night,Jeans,578,"E038, E018, E038, E006, E034, E032, E012, E005, E022, E039",15,M028,Juki,B2000,No
2023-10-14,Night,Jeans,578,"E038, E018, E038, E006, E034, E032, E012, E005, E022, E039",15,M029,Singer,J3000,Yes
2023-10-14,Night,Jeans,578,"E038, E018, E038, E006, E034, E032, E012, E005, E022, E039",15,M030,Juki,J3000,Yes
2023-10-14,Night,Jeans,578,"E038, E018, E038, E006, E034, E032, E012, E005, E022, E039",15,M031,Juki,J3000,No
2023-10-14,Night,Jeans,578,"E038, E018, E038, E006, E034, E032, E012, E005, E022, E039",15,M032,Brother,B2000,Yes
2023-10-14,Night,Jeans,578,"E038, E018, E038, E006, E034, E032, E012, E005, E022, E039",15,M033,Brother,S1000,No
2023-10-14,Night,Jeans,578,"E038, E018, E038, E006, E034, E032, E012, E005, E022, E039",15,M034,Brother,J3000,Yes
2023-10-14,Night,Jeans,578,"E038, E018, E038, E006, E034, E032, E012, E005, E022, E039",15,M035,Brother,J3000,Yes
2023-10-14,Night,Jeans,578,"E038, E018, E038, E006, E034, E032, E012, E005, E022, E039",15,M036,Brother,J3000,No
2023-10-14,Night,Jeans,578,"E038, E018, E038, E006, E034, E032, E012, E005, E022, E039",15,M037,Singer,J3000,No
2023-10-14,Night,Jeans,578,"E038, E018, E038, E006, E034, E032, E012, E005, E022, E039",15,M038,Singer,J3000,No
2023-10-14,Night,Jeans,578,"E038, E018, E038, E006, E034, E032, E012, E005, E022, E039",15,M039,Brother,S1000,No
2023-10-14,Night,Jeans,578,"E038, E018, E038, E006, E034, E032, E012, E005, E022, E039",15,M040,Brother,B2000,No
2023-10-14,Night,Jeans,578,"E038, E018, E038, E006, E034, E032, E012, E005, E022, E039",15,M041,Brother,B2000,No
2023-10-14,Night,Jeans,578,"E038, E018, E038, E006, E034, E032, E012, E005, E022, E039",15,M042,Singer,B2000,No
2023-10-14,Night,Jeans,578,"E038, E018, E038, E006, E034, E032, E012, E005, E022, E039",15,M043,Brother,S1000,No
2023-10-14,Night,Jeans,578,"E038, E018, E038, E006, E034, E032, E012, E005, E022, E039",15,M044,Brother,J3000,No
2023-10-14,Night,Jeans,578,"E038, E018, E038, E006, E034, E032, E012, E005, E022, E039",15,M045,Brother,J3000,No
2023-10-14,Night,Jeans,578,"E038, E018, E038, E006, E034, E032, E012, E005, E022, E039",15,M046,Singer,S1000,No
2023-10-14,Night,Jeans,578,"E038, E018, E038, E006, E034, E032, E012, E005, E022, E039",15,M047,Juki,J3000,No
2023-10-14,Night,Jeans,578,"E038, E018, E038, E006, E034, E032, E012, E005, E022, E039",15,M048,Singer,B2000,No
2023-10-14,Night,Jeans,578,"E038, E018, E038, E006, E034, E032, E012, E005, E022, E039",15,M049,Singer,S1000,No
2023-10-14,Night,Jeans,578,"E038, E018, E038, E006, E034, E032, E012, E005, E022, E039",15,M050,Brother,B2000,No
2023-10-15,Day,Dress,592,"E038, E043, E038, E050, E050, E014, E026, E018, E037, E016",13,M001,Juki,B2000,No
2023-10-15,Day,Dress,592,"E038, E043, E038, E050, E050, E014, E026, E018, E037, E016",13,M002,Juki,S1000,No
2023-10-15,Day,Dress,592,"E038, E043, E038, E050, E050, E014, E026, E018, E037, E016",13,M003,Brother,S1000,No
2023-10-15,Day,Dress,592,"E038, E043, E038, E050, E050, E014, E026, E018, E037, E016",13,M004,Singer,S1000,No
2023-10-15,Day,Dress,592,"E038, E043, E038, E050, E050, E014, E026, E018, E037, E016",13,M005,Juki,S1000,No
2023-10-15,Day,Dress,592,"E038, E043, E038, E050, E050, E014, E026, E018, E037, E016",13,M006,Juki,B2000,No
2023-10-15,Day,Dress,592,"E038, E043, E038, E050, E050, E014, E026, E018, E037, E016",13,M007,Singer,B2000,No
2023-10-15,Day,Dress,592,"E038, E043, E038, E050, E050, E014, E026, E018, E037, E016",13,M008,Juki,J3000,No
2023-10-15,Day,Dress,592,"E038, E043, E038, E050, E050, E014, E026, E018, E037, E016",13,M009,Singer,J3000,Yes
2023-10-15,Day,Dress,592,"E038, E043, E038, E050, E050, E014, E026, E018, E037, E016",13,M010,Singer,B2000,No
2023-10-15,Day,Dress,592,"E038, E043, E038, E050, E050, E014, E026, E018, E037, E016",13,M011,Brother,S1000,No
2023-10-15,Day,Dress,592,"E038, E043, E038, E050, E050, E014, E026, E018, E037, E016",13,M012,Singer,B2000,No
2023-10-15,Day,Dress,592,"E038, E043, E038, E050, E050, E014, E026, E018, E037, E016",13,M013,Singer,S1000,No
2023-10-15,Day,Dress,592,"E038, E043, E038, E050, E050, E014, E026, E018, E037, E016",13,M014,Singer,B2000,No
2023-10-15,Day,Dress,592,"E038, E043, E038, E050, E050, E014, E026, E018, E037, E016",13,M015,Brother,J3000,No
2023-10-15,Day,Dress,592,"E038, E043, E038, E050, E050, E014, E026, E018, E037, E016",13,M016,Singer,S1000,No
2023-10-15,Day,Dress,592,"E038, E043, E038, E050, E050, E014, E026, E018, E037, E016",13,M017,Juki,S1000,No
2023-10-15,Day,Dress,592,"E038, E043, E038, E050, E050, E014, E026, E018, E037, E016",13,M018,Singer,J3000,No
2023-10-15,Day,Dress,592,"E038, E043, E038, E050, E050, E014, E026, E018, E037, E016",13,M019,Brother,B2000,No
2023-10-15,Day,Dress,592,"E038, E043, E038, E050, E050, E014, E026, E018, E037, E016",13,M020,Brother,B2000,No
2023-10-15,Day,Dress,592,"E038, E043, E038, E050, E050, E014, E026, E018, E037, E016",13,M021,Singer,J3000,No
2023-10-15,Day,Dress,592,"E038, E043, E038, E050, E050, E014, E026, E018, E037, E016",13,M022,Singer,B2000,No
2023-10-15,Day,Dress,592,"E038, E043, E038, E050, E050, E014, E026, E018, E037, E016",13,M023,Singer,J3000,No
2023-10-15,Day,Dress,592,"E038, E043, E038, E050, E050, E014, E026, E018, E037, E016",13,M024,Juki,J3000,No
2023-10-15,Day,Dress,592,"E038, E043, E038, E050, E050, E014, E026, E018, E037, E016",13,M025,Brother,J3000,Yes
2023-10-15,Day,Dress,592,"E038, E043, E038, E050, E050, E014, E026, E018, E037, E016",13,M026,Brother,S1000,No
2023-10-15,Day,Dress,592,"E038, E043, E038, E050, E050, E014, E026, E018, E037, E016",13,M027,Singer,S1000,No
2023-10-15,Day,Dress,592,"E038, E043, E038, E050, E050, E014, E026, E018, E037, E016",13,M028,Brother,B2000,No
2023-10-15,Day,Dress,592,"E038, E043, E038, E050, E050, E014, E026, E018, E037, E016",13,M029,Juki,J3000,No
2023-10-15,Day,Dress,592,"E038, E043, E038, E050, E050, E014, E026, E018, E037, E016",13,M030,Brother,S1000,No
2023-10-15,Day,Dress,592,"E038, E043, E038, E050, E050, E014, E026, E018, E037, E016",13,M031,Brother,S1000,No
2023-10-15,Day,Dress,592,"E038, E043, E038, E050, E050, E014, E026, E018, E037, E016",13,M032,Singer,J3000,No
2023-10-15,Day,Dress,592,"E038, E043, E038, E050, E050, E014, E026, E018, E037, E016",13,M033,Brother,S1000,No
2023-10-15,Day,Dress,592,"E038, E043, E038, E050, E050, E014, E026, E018, E037, E016",13,M034,Brother,S1000,No
2023-10-15,Day,Dress,592,"E038, E043, E038, E050, E050, E014, E026, E018, E037, E016",13,M035,Juki,J3000,No
2023-10-15,Day,Dress,592,"E038, E043, E038, E050, E050, E014, E026, E018, E037, E016",13,M036,Singer,J3000,No
2023-10-15,Day,Dress,592,"E038, E043, E038, E050, E050, E014, E026, E018, E037, E016",13,M037,Juki,S1000,Yes
2023-10-15,Day,Dress,592,"E038, E043, E038, E050, E050, E014, E026, E018, E037, E016",13,M038,Juki,S1000,Yes
2023-10-15,Day,Dress,592,"E038, E043, E038, E050, E050, E014, E026, E018, E037, E016",13,M039,Singer,B2000,Yes
2023-10-15,Day,Dress,592,"E038, E043, E038, E050, E050, E014, E026, E018, E037, E016",13,M040,Juki,B2000,Yes
2023-10-15,Day,Dress,592,"E038, E043, E038, E050, E050, E014, E026, E018, E037, E016",13,M041,Singer,J3000,Yes
2023-10-15,Day,Dress,592,"E038, E043, E038, E050, E050, E014, E026, E018, E037, E016",13,M042,Brother,B2000,Yes
2023-10-15,Day,Dress,592,"E038, E043, E038, E050, E050, E014, E026, E018, E037, E016",13,M043,Singer,J3000,No
2023-10-15,Day,Dress,592,"E038, E043, E038, E050, E050, E014, E026, E018, E037, E016",13,M044,Juki,S1000,No
2023-10-15,Day,Dress,592,"E038, E043, E038, E050, E050, E014, E026, E018, E037, E016",13,M045,Brother,J3000,No
2023-10-15,Day,Dress,592,"E038, E043, E038, E050, E050, E014, E026, E018, E037, E016",13,M046,Singer,B2000,Yes
2023-10-15,Day,Dress,592,"E038, E043, E038, E050, E050, E014, E026, E018, E037, E016",13,M047,Brother,S1000,No
2023-10-15,Day,Dress,592,"E038, E043, E038, E050, E050, E014, E026, E018, E037, E016",13,M048,Juki,S1000,No
2023-10-15,Day,Dress,592,"E038, E043, E038, E050, E050, E014, E026, E018, E037, E016",13,M049,Singer,B2000,No
2023-10-15,Day,Dress,592,"E038, E043, E038, E050, E050, E014, E026, E018, E037, E016",13,M050,Brother,J3000,No
2023-10-15,Night,Dress,307,"E001, E008, E006, E013, E039, E014, E023, E010, E035, E013",8,M001,Brother,J3000,Yes
2023-10-15,Night,Dress,307,"E001, E008, E006, E013, E039, E014, E023, E010, E035, E013",8,M002,Juki,S1000,No
2023-10-15,Night,Dress,307,"E001, E008, E006, E013, E039, E014, E023, E010, E035, E013",8,M003,Brother,J3000,No
2023-10-15,Night,Dress,307,"E001, E008, E006, E013, E039, E014, E023, E010, E035, E013",8,M004,Juki,J3000,No
2023-10-15,Night,Dress,307,"E001, E008, E006, E013, E039, E014, E023, E010, E035, E013",8,M005,Juki,B2000,No
2023-10-15,Night,Dress,307,"E001, E008, E006, E013, E039, E014, E023, E010, E035, E013",8,M006,Brother,J3000,No
2023-10-15,Night,Dress,307,"E001, E008, E006, E013, E039, E014, E023, E010, E035, E013",8,M007,Juki,B2000,Yes
2023-10-15,Night,Dress,307,"E001, E008, E006, E013, E039, E014, E023, E010, E035, E013",8,M008,Juki,J3000,Yes
2023-10-15,Night,Dress,307,"E001, E008, E006, E013, E039, E014, E023, E010, E035, E013",8,M009,Singer,S1000,No
2023-10-15,Night,Dress,307,"E001, E008, E006, E013, E039, E014, E023, E010, E035, E013",8,M010,Singer,B2000,No
2023-10-15,Night,Dress,307,"E001, E008, E006, E013, E039, E014, E023, E010, E035, E013",8,M011,Juki,S1000,No
2023-10-15,Night,Dress,307,"E001, E008, E006, E013, E039, E014, E023, E010, E035, E013",8,M012,Singer,J3000,No
2023-10-15,Night,Dress,307,"E001, E008, E006, E013, E039, E014, E023, E010, E035, E013",8,M013,Brother,B2000,No
2023-10-15,Night,Dress,307,"E001, E008, E006, E013, E039, E014, E023, E010, E035, E013",8,M014,Singer,S1000,No
2023-10-15,Night,Dress,307,"E001, E008, E006, E013, E039, E014, E023, E010, E035, E013",8,M015,Brother,J3000,No
2023-10-15,Night,Dress,307,"E001, E008, E006, E013, E039, E014, E023, E010, E035, E013",8,M016,Singer,J3000,No
2023-10-15,Night,Dress,307,"E001, E008, E006, E013, E039, E014, E023, E010, E035, E013",8,M017,Singer,S1000,Yes
2023-10-15,Night,Dress,307,"E001, E008, E006, E013, E039, E014, E023, E010, E035, E013",8,M018,Juki,B2000,No
2023-10-15,Night,Dress,307,"E001, E008, E006, E013, E039, E014, E023, E010, E035, E013",8,M019,Juki,B2000,Yes
2023-10-15,Night,Dress,307,"E001, E008, E006, E013, E039, E014, E023, E010, E035, E013",8,M020,Singer,S1000,Yes
2023-10-15,Night,Dress,307,"E001, E008, E006, E013, E039, E014, E023, E010, E035, E013",8,M021,Brother,S1000,Yes
2023-10-15,Night,Dress,307,"E001, E008, E006, E013, E039, E014, E023, E010, E035, E013",8,M022,Brother,J3000,No
2023-10-15,Night,Dress,307,"E001, E008, E006, E013, E039, E014, E023, E010, E035, E013",8,M023,Singer,B2000,No
2023-10-15,Night,Dress,307,"E001, E008, E006, E013, E039, E014, E023, E010, E035, E013",8,M024,Juki,J3000,No
2023-10-15,Night,Dress,307,"E001, E008, E006, E013, E039, E014, E023, E010, E035, E013",8,M025,Brother,S1000,No
2023-10-15,Night,Dress,307,"E001, E008, E006, E013, E039, E014, E023, E010, E035, E013",8,M026,Brother,B2000,Yes
2023-10-15,Night,Dress,307,"E001, E008, E006, E013, E039, E014, E023, E010, E035, E013",8,M027,Brother,J3000,No
2023-10-15,Night,Dress,307,"E001, E008, E006, E013, E039, E014, E023, E010, E035, E013",8,M028,Singer,J3000,No
2023-10-15,Night,Dress,307,"E001, E008, E006, E013, E039, E014, E023, E010, E035, E013",8,M029,Brother,J3000,No
2023-10-15,Night,Dress,307,"E001, E008, E006, E013, E039, E014, E023, E010, E035, E013",8,M030,Brother,J3000,No
2023-10-15,Night,Dress,307,"E001, E008, E006, E013, E039, E014, E023, E010, E035, E013",8,M031,Juki,S1000,Yes
2023-10-15,Night,Dress,307,"E001, E008, E006, E013, E039, E014, E023, E010, E035, E013",8,M032,Brother,S1000,No
2023-10-15,Night,Dress,307,"E001, E008, E006, E013, E039, E014, E023, E010, E035, E013",8,M033,Brother,S1000,No
2023-10-15,Night,Dress,307,"E001, E008, E006, E013, E039, E014, E023, E010, E035, E013",8,M034,Brother,S1000,No
2023-10-15,Night,Dress,307,"E001, E008, E006, E013, E039, E014, E023, E010, E035, E013",8,M035,Juki,S1000,No
2023-10-15,Night,Dress,307,"E001, E008, E006, E013, E039, E014, E023, E010, E035, E013",8,M036,Brother,B2000,No
2023-10-15,Night,Dress,307,"E001, E008, E006, E013, E039, E014, E023, E010, E035, E013",8,M037,Singer,J3000,No
2023-10-15,Night,Dress,307,"E001, E008, E006, E013, E039, E014, E023, E010, E035, E013",8,M038,Juki,S1000,Yes
2023-10-15,Night,Dress,307,"E001, E008, E006, E013, E039, E014, E023, E010, E035, E013",8,M039,Singer,J3000,No
2023-10-15,Night,Dress,307,"E001, E008, E006, E013, E039, E014, E023, E010, E035, E013",8,M040,Brother,S1000,No
2023-10-15,Night,Dress,307,"E001, E008, E006, E013, E039, E014, E023, E010, E035, E013",8,M041,Singer,B2000,No
2023-10-15,Night,Dress,307,"E001, E008, E006, E013, E039, E014, E023, E010, E035, E013",8,M042,Brother,J3000,No
2023-10-15,Night,Dress,307,"E001, E008, E006, E013, E039, E014, E023, E010, E035, E013",8,M043,Brother,J3000,No
2023-10-15,Night,Dress,307,"E001, E008, E006, E013, E039, E014, E023, E010, E035, E013",8,M044,Brother,J3000,No
2023-10-15,Night,Dress,307,"E001, E008, E006, E013, E039, E014, E023, E010, E035, E013",8,M045,Brother,B2000,No
2023-10-15,Night,Dress,307,"E001, E008, E006, E013, E039, E014, E023, E010, E035, E013",8,M046,Singer,S1000,No
2023-10-15,Night,Dress,307,"E001, E008, E006, E013, E039, E014, E023, E010, E035, E013",8,M047,Juki,J3000,No
2023-10-15,Night,Dress,307,"E001, E008, E006, E013, E039, E014, E023, E010, E035, E013",8,M048,Singer,B2000,No
2023-10-15,Night,Dress,307,"E001, E008, E006, E013, E039, E014, E023, E010, E035, E013",8,M049,Singer,B2000,No
2023-10-15,Night,Dress,307,"E001, E008, E006, E013, E039, E014, E023, E010, E035, E013",8,M050,Brother,B2000,No
2023-10-16,Day,Jeans,553,"E027, E035, E005, E009, E033, E030, E041, E010, E006, E033",17,M001,Singer,J3000,No
2023-10-16,Day,Jeans,553,"E027, E035, E005, E009, E033, E030, E041, E010, E006, E033",17,M002,Juki,S1000,No
2023-10-16,Day,Jeans,553,"E027, E035, E005, E009, E033, E030, E041, E010, E006, E033",17,M003,Brother,J3000,No
2023-10-16,Day,Jeans,553,"E027, E035, E005, E009, E033, E030, E041, E010, E006, E033",17,M004,Juki,J3000,No
2023-10-16,Day,Jeans,553,"E027, E035, E005, E009, E033, E030, E041, E010, E006, E033",17,M005,Brother,B2000,No
2023-10-16,Day,Jeans,553,"E027, E035, E005, E009, E033, E030, E041, E010, E006, E033",17,M006,Singer,J3000,Yes
2023-10-16,Day,Jeans,553,"E027, E035, E005, E009, E033, E030, E041, E010, E006, E033",17,M007,Juki,B2000,No
2023-10-16,Day,Jeans,553,"E027, E035, E005, E009, E033, E030, E041, E010, E006, E033",17,M008,Singer,B2000,No
2023-10-16,Day,Jeans,553,"E027, E035, E005, E009, E033, E030, E041, E010, E006, E033",17,M009,Singer,B2000,No
2023-10-16,Day,Jeans,553,"E027, E035, E005, E009, E033, E030, E041, E010, E006, E033",17,M010,Brother,J3000,No
2023-10-16,Day,Jeans,553,"E027, E035, E005, E009, E033, E030, E041, E010, E006, E033",17,M011,Brother,S1000,No
2023-10-16,Day,Jeans,553,"E027, E035, E005, E009, E033, E030, E041, E010, E006, E033",17,M012,Brother,S1000,No
2023-10-16,Day,Jeans,553,"E027, E035, E005, E009, E033, E030, E041, E010, E006, E033",17,M013,Singer,B2000,No
2023-10-16,Day,Jeans,553,"E027, E035, E005, E009, E033, E030, E041, E010, E006, E033",17,M014,Juki,J3000,No
2023-10-16,Day,Jeans,553,"E027, E035, E005, E009, E033, E030, E041, E010, E006, E033",17,M015,Singer,S1000,No
2023-10-16,Day,Jeans,553,"E027, E035, E005, E009, E033, E030, E041, E010, E006, E033",17,M016,Brother,B2000,No
2023-10-16,Day,Jeans,553,"E027, E035, E005, E009, E033, E030, E041, E010, E006, E033",17,M017,Singer,S1000,No
2023-10-16,Day,Jeans,553,"E027, E035, E005, E009, E033, E030, E041, E010, E006, E033",17,M018,Brother,B2000,Yes
2023-10-16,Day,Jeans,553,"E027, E035, E005, E009, E033, E030, E041, E010, E006, E033",17,M019,Singer,B2000,No
2023-10-16,Day,Jeans,553,"E027, E035, E005, E009, E033, E030, E041, E010, E006, E033",17,M020,Singer,S1000,No
2023-10-16,Day,Jeans,553,"E027, E035, E005, E009, E033, E030, E041, E010, E006, E033",17,M021,Brother,S1000,Yes
2023-10-16,Day,Jeans,553,"E027, E035, E005, E009, E033, E030, E041, E010, E006, E033",17,M022,Juki,J3000,Yes
2023-10-16,Day,Jeans,553,"E027, E035, E005, E009, E033, E030, E041, E010, E006, E033",17,M023,Juki,J3000,No
2023-10-16,Day,Jeans,553,"E027, E035, E005, E009, E033, E030, E041, E010, E006, E033",17,M024,Brother,B2000,No
2023-10-16,Day,Jeans,553,"E027, E035, E005, E009, E033, E030, E041, E010, E006, E033",17,M025,Singer,S1000,No
2023-10-16,Day,Jeans,553,"E027, E035, E005, E009, E033, E030, E041, E010, E006, E033",17,M026,Singer,S1000,Yes
2023-10-16,Day,Jeans,553,"E027, E035, E005, E009, E033, E030, E041, E010, E006, E033",17,M027,Singer,B2000,No
2023-10-16,Day,Jeans,553,"E027, E035, E005, E009, E033, E030, E041, E010, E006, E033",17,M028,Singer,J3000,No
2023-10-16,Day,Jeans,553,"E027, E035, E005, E009, E033, E030, E041, E010, E006, E033",17,M029,Juki,S1000,Yes
2023-10-16,Day,Jeans,553,"E027, E035, E005, E009, E033, E030, E041, E010, E006, E033",17,M030,Brother,S1000,Yes
2023-10-16,Day,Jeans,553,"E027, E035, E005, E009, E033, E030, E041, E010, E006, E033",17,M031,Brother,S1000,No
2023-10-16,Day,Jeans,553,"E027, E035, E005, E009, E033, E030, E041, E010, E006, E033",17,M032,Juki,S1000,No
2023-10-16,Day,Jeans,553,"E027, E035, E005, E009, E033, E030, E041, E010, E006, E033",17,M033,Juki,B2000,No
2023-10-16,Day,Jeans,553,"E027, E035, E005, E009, E033, E030, E041, E010, E006, E033",17,M034,Brother,J3000,No
2023-10-16,Day,Jeans,553,"E027, E035, E005, E009, E033, E030, E041, E010, E006, E033",17,M035,Juki,J3000,No
2023-10-16,Day,Jeans,553,"E027, E035, E005, E009, E033, E030, E041, E010, E006, E033",17,M036,Juki,S1000,No
2023-10-16,Day,Jeans,553,"E027, E035, E005, E009, E033, E030, E041, E010, E006, E033",17,M037,Juki,S1000,No
2023-10-16,Day,Jeans,553,"E027, E035, E005, E009, E033, E030, E041, E010, E006, E033",17,M038,Juki,J3000,No
2023-10-16,Day,Jeans,553,"E027, E035, E005, E009, E033, E030, E041, E010, E006, E033",17,M039,Singer,B2000,Yes
2023-10-16,Day,Jeans,553,"E027, E035, E005, E009, E033, E030, E041, E010, E006, E033",17,M040,Singer,B2000,No
2023-10-16,Day,Jeans,553,"E027, E035, E005, E009, E033, E030, E041, E010, E006, E033",17,M041,Brother,J3000,No
2023-10-16,Day,Jeans,553,"E027, E035, E005, E009, E033, E030, E041, E010, E006, E033",17,M042,Singer,B2000,No
2023-10-16,Day,Jeans,553,"E027, E035, E005, E009, E033, E030, E041, E010, E006, E033",17,M043,Singer,B2000,No
2023-10-16,Day,Jeans,553,"E027, E035, E005, E009, E033, E030, E041, E010, E006, E033",17,M044,Singer,J3000,No
2023-10-16,Day,Jeans,553,"E027, E035, E005, E009, E033, E030, E041, E010, E006, E033",17,M045,Juki,S1000,Yes
2023-10-16,Day,Jeans,553,"E027, E035, E005, E009, E033, E030, E041, E010, E006, E033",17,M046,Juki,S1000,No
2023-10-16,Day,Jeans,553,"E027, E035, E005, E009, E033, E030, E041, E010, E006, E033",17,M047,Singer,B2000,No
2023-10-16,Day,Jeans,553,"E027, E035, E005, E009, E033, E030, E041, E010, E006, E033",17,M048,Brother,B2000,No
2023-10-16,Day,Jeans,553,"E027, E035, E005, E009, E033, E030, E041, E010, E006, E033",17,M049,Juki,J3000,No
2023-10-16,Day,Jeans,553,"E027, E035, E005, E009, E033, E030, E041, E010, E006, E033",17,M050,Singer,S1000,No
2023-10-16,Night,Shirt,562,"E036, E041, E006, E025, E032, E045, E027, E010, E007, E044",8,M001,Singer,J3000,No
2023-10-16,Night,Shirt,562,"E036, E041, E006, E025, E032, E045, E027, E010, E007, E044",8,M002,Singer,S1000,No
2023-10-16,Night,Shirt,562,"E036, E041, E006, E025, E032, E045, E027, E010, E007, E044",8,M003,Juki,J3000,No
2023-10-16,Night,Shirt,562,"E036, E041, E006, E025, E032, E045, E027, E010, E007, E044",8,M004,Brother,B2000,No
2023-10-16,Night,Shirt,562,"E036, E041, E006, E025, E032, E045, E027, E010, E007, E044",8,M005,Juki,B2000,No
2023-10-16,Night,Shirt,562,"E036, E041, E006, E025, E032, E045, E027, E010, E007, E044",8,M006,Juki,B2000,No
2023-10-16,Night,Shirt,562,"E036, E041, E006, E025, E032, E045, E027, E010, E007, E044",8,M007,Juki,S1000,No
2023-10-16,Night,Shirt,562,"E036, E041, E006, E025, E032, E045, E027, E010, E007, E044",8,M008,Brother,B2000,No
2023-10-16,Night,Shirt,562,"E036, E041, E006, E025, E032, E045, E027, E010, E007, E044",8,M009,Singer,B2000,No
2023-10-16,Night,Shirt,562,"E036, E041, E006, E025, E032, E045, E027, E010, E007, E044",8,M010,Singer,B2000,No
2023-10-16,Night,Shirt,562,"E036, E041, E006, E025, E032, E045, E027, E010, E007, E044",8,M011,Singer,S1000,Yes
2023-10-16,Night,Shirt,562,"E036, E041, E006, E025, E032, E045, E027, E010, E007, E044",8,M012,Brother,B2000,No
2023-10-16,Night,Shirt,562,"E036, E041, E006, E025, E032, E045, E027, E010, E007, E044",8,M013,Brother,J3000,No
2023-10-16,Night,Shirt,562,"E036, E041, E006, E025, E032, E045, E027, E010, E007, E044",8,M014,Juki,B2000,No
2023-10-16,Night,Shirt,562,"E036, E041, E006, E025, E032, E045, E027, E010, E007, E044",8,M015,Brother,B2000,No
2023-10-16,Night,Shirt,562,"E036, E041, E006, E025, E032, E045, E027, E010, E007, E044",8,M016,Brother,S1000,No
2023-10-16,Night,Shirt,562,"E036, E041, E006, E025, E032, E045, E027, E010, E007, E044",8,M017,Juki,J3000,No
2023-10-16,Night,Shirt,562,"E036, E041, E006, E025, E032, E045, E027, E010, E007, E044",8,M018,Brother,J3000,No
2023-10-16,Night,Shirt,562,"E036, E041, E006, E025, E032, E045, E027, E010, E007, E044",8,M019,Singer,S1000,Yes
2023-10-16,Night,Shirt,562,"E036, E041, E006, E025, E032, E045, E027, E010, E007, E044",8,M020,Singer,B2000,Yes
2023-10-16,Night,Shirt,562,"E036, E041, E006, E025, E032, E045, E027, E010, E007, E044",8,M021,Brother,B2000,No
2023-10-16,Night,Shirt,562,"E036, E041, E006, E025, E032, E045, E027, E010, E007, E044",8,M022,Brother,B2000,No
2023-10-16,Night,Shirt,562,"E036, E041, E006, E025, E032, E045, E027, E010, E007, E044",8,M023,Singer,J3000,No
2023-10-16,Night,Shirt,562,"E036, E041, E006, E025, E032, E045, E027, E010, E007, E044",8,M024,Juki,J3000,No
2023-10-16,Night,Shirt,562,"E036, E041, E006, E025, E032, E045, E027, E010, E007, E044",8,M025,Juki,S1000,No
2023-10-16,Night,Shirt,562,"E036, E041, E006, E025, E032, E045, E027, E010, E007, E044",8,M026,Brother,S1000,No
2023-10-16,Night,Shirt,562,"E036, E041, E006, E025, E032, E045, E027, E010, E007, E044",8,M027,Juki,B2000,No
2023-10-16,Night,Shirt,562,"E036, E041, E006, E025, E032, E045, E027, E010, E007, E044",8,M028,Singer,J3000,No
2023-10-16,Night,Shirt,562,"E036, E041, E006, E025, E032, E045, E027, E010, E007, E044",8,M029,Juki,J3000,No
2023-10-16,Night,Shirt,562,"E036, E041, E006, E025, E032, E045, E027, E010, E007, E044",8,M030,Juki,S1000,Yes
2023-10-16,Night,Shirt,562,"E036, E041, E006, E025, E032, E045, E027, E010, E007, E044",8,M031,Juki,J3000,Yes
2023-10-16,Night,Shirt,562,"E036, E041, E006, E025, E032, E045, E027, E010, E007, E044",8,M032,Singer,J3000,Yes
2023-10-16,Night,Shirt,562,"E036, E041, E006, E025, E032, E045, E027, E010, E007, E044",8,M033,Singer,B2000,Yes
2023-10-16,Night,Shirt,562,"E036, E041, E006, E025, E032, E045, E027, E010, E007, E044",8,M034,Brother,J3000,No
2023-10-16,Night,Shirt,562,"E036, E041, E006, E025, E032, E045, E027, E010, E007, E044",8,M035,Brother,B2000,Yes
2023-10-16,Night,Shirt,562,"E036, E041, E006, E025, E032, E045, E027, E010, E007, E044",8,M036,Juki,S1000,No
2023-10-16,Night,Shirt,562,"E036, E041, E006, E025, E032, E045, E027, E010, E007, E044",8,M037,Singer,J3000,No
2023-10-16,Night,Shirt,562,"E036, E041, E006, E025, E032, E045, E027, E010, E007, E044",8,M038,Singer,B2000,No
2023-10-16,Night,Shirt,562,"E036, E041, E006, E025, E032, E045, E027, E010, E007, E044",8,M039,Juki,S1000,Yes
2023-10-16,Night,Shirt,562,"E036, E041, E006, E025, E032, E045, E027, E010, E007, E044",8,M040,Juki,S1000,No
2023-10-16,Night,Shirt,562,"E036, E041, E006, E025, E032, E045, E027, E010, E007, E044",8,M041,Singer,B2000,No
2023-10-16,Night,Shirt,562,"E036, E041, E006, E025, E032, E045, E027, E010, E007, E044",8,M042,Singer,B2000,No
2023-10-16,Night,Shirt,562,"E036, E041, E006, E025, E032, E045, E027, E010, E007, E044",8,M043,Singer,J3000,No
2023-10-16,Night,Shirt,562,"E036, E041, E006, E025, E032, E045, E027, E010, E007, E044",8,M044,Juki,B2000,No
2023-10-16,Night,Shirt,562,"E036, E041, E006, E025, E032, E045, E027, E010, E007, E044",8,M045,Singer,B2000,No
2023-10-16,Night,Shirt,562,"E036, E041, E006, E025, E032, E045, E027, E010, E007, E044",8,M046,Singer,S1000,No
2023-10-16,Night,Shirt,562,"E036, E041, E006, E025, E032, E045, E027, E010, E007, E044",8,M047,Brother,B2000,No
2023-10-16,Night,Shirt,562,"E036, E041, E006, E025, E032, E045, E027, E010, E007, E044",8,M048,Singer,B2000,No
2023-10-16,Night,Shirt,562,"E036, E041, E006, E025, E032, E045, E027, E010, E007, E044",8,M049,Juki,J3000,No
2023-10-16,Night,Shirt,562,"E036, E041, E006, E025, E032, E045, E027, E010, E007, E044",8,M050,Juki,B2000,No
2023-10-17,Day,Shirt,473,"E005, E015, E045, E025, E020, E033, E024, E044, E016, E009",18,M001,Juki,B2000,No
2023-10-17,Day,Shirt,473,"E005, E015, E045, E025, E020, E033, E024, E044, E016, E009",18,M002,Singer,S1000,Yes
2023-10-17,Day,Shirt,473,"E005, E015, E045, E025, E020, E033, E024, E044, E016, E009",18,M003,Brother,B2000,No
2023-10-17,Day,Shirt,473,"E005, E015, E045, E025, E020, E033, E024, E044, E016, E009",18,M004,Singer,S1000,No
2023-10-17,Day,Shirt,473,"E005, E015, E045, E025, E020, E033, E024, E044, E016, E009",18,M005,Juki,J3000,No
2023-10-17,Day,Shirt,473,"E005, E015, E045, E025, E020, E033, E024, E044, E016, E009",18,M006,Singer,S1000,No
2023-10-17,Day,Shirt,473,"E005, E015, E045, E025, E020, E033, E024, E044, E016, E009",18,M007,Brother,B2000,No
2023-10-17,Day,Shirt,473,"E005, E015, E045, E025, E020, E033, E024, E044, E016, E009",18,M008,Singer,B2000,Yes
2023-10-17,Day,Shirt,473,"E005, E015, E045, E025, E020, E033, E024, E044, E016, E009",18,M009,Singer,J3000,No
2023-10-17,Day,Shirt,473,"E005, E015, E045, E025, E020, E033, E024, E044, E016, E009",18,M010,Brother,S1000,No
2023-10-17,Day,Shirt,473,"E005, E015, E045, E025, E020, E033, E024, E044, E016, E009",18,M011,Juki,J3000,Yes
2023-10-17,Day,Shirt,473,"E005, E015, E045, E025, E020, E033, E024, E044, E016, E009",18,M012,Brother,B2000,No
2023-10-17,Day,Shirt,473,"E005, E015, E045, E025, E020, E033, E024, E044, E016, E009",18,M013,Juki,S1000,No
2023-10-17,Day,Shirt,473,"E005, E015, E045, E025, E020, E033, E024, E044, E016, E009",18,M014,Brother,J3000,No
2023-10-17,Day,Shirt,473,"E005, E015, E045, E025, E020, E033, E024, E044, E016, E009",18,M015,Singer,S1000,Yes
2023-10-17,Day,Shirt,473,"E005, E015, E045, E025, E020, E033, E024, E044, E016, E009",18,M016,Brother,S1000,Yes
2023-10-17,Day,Shirt,473,"E005, E015, E045, E025, E020, E033, E024, E044, E016, E009",18,M017,Brother,S1000,No
2023-10-17,Day,Shirt,473,"E005, E015, E045, E025, E020, E033, E024, E044, E016, E009",18,M018,Brother,S1000,Yes
2023-10-17,Day,Shirt,473,"E005, E015, E045, E025, E020, E033, E024, E044, E016, E009",18,M019,Juki,B2000,No
2023-10-17,Day,Shirt,473,"E005, E015, E045, E025, E020, E033, E024, E044, E016, E009",18,M020,Singer,S1000,No
2023-10-17,Day,Shirt,473,"E005, E015, E045, E025, E020, E033, E024, E044, E016, E009",18,M021,Singer,S1000,No
2023-10-17,Day,Shirt,473,"E005, E015, E045, E025, E020, E033, E024, E044, E016, E009",18,M022,Singer,J3000,No
2023-10-17,Day,Shirt,473,"E005, E015, E045, E025, E020, E033, E024, E044, E016, E009",18,M023,Brother,S1000,No
2023-10-17,Day,Shirt,473,"E005, E015, E045, E025, E020, E033, E024, E044, E016, E009",18,M024,Brother,S1000,No
2023-10-17,Day,Shirt,473,"E005, E015, E045, E025, E020, E033, E024, E044, E016, E009",18,M025,Singer,J3000,No
2023-10-17,Day,Shirt,473,"E005, E015, E045, E025, E020, E033, E024, E044, E016, E009",18,M026,Juki,J3000,No
2023-10-17,Day,Shirt,473,"E005, E015, E045, E025, E020, E033, E024, E044, E016, E009",18,M027,Singer,J3000,No
2023-10-17,Day,Shirt,473,"E005, E015, E045, E025, E020, E033, E024, E044, E016, E009",18,M028,Juki,J3000,No
2023-10-17,Day,Shirt,473,"E005, E015, E045, E025, E020, E033, E024, E044, E016, E009",18,M029,Singer,S1000,No
2023-10-17,Day,Shirt,473,"E005, E015, E045, E025, E020, E033, E024, E044, E016, E009",18,M030,Brother,B2000,No
2023-10-17,Day,Shirt,473,"E005, E015, E045, E025, E020, E033, E024, E044, E016, E009",18,M031,Brother,S1000,No
2023-10-17,Day,Shirt,473,"E005, E015, E045, E025, E020, E033, E024, E044, E016, E009",18,M032,Singer,B2000,No
2023-10-17,Day,Shirt,473,"E005, E015, E045, E025, E020, E033, E024, E044, E016, E009",18,M033,Singer,S1000,No
2023-10-17,Day,Shirt,473,"E005, E015, E045, E025, E020, E033, E024, E044, E016, E009",18,M034,Brother,S1000,Yes
2023-10-17,Day,Shirt,473,"E005, E015, E045, E025, E020, E033, E024, E044, E016, E009",18,M035,Brother,J3000,No
2023-10-17,Day,Shirt,473,"E005, E015, E045, E025, E020, E033, E024, E044, E016, E009",18,M036,Singer,S1000,No
2023-10-17,Day,Shirt,473,"E005, E015, E045, E025, E020, E033, E024, E044, E016, E009",18,M037,Singer,S1000,No
2023-10-17,Day,Shirt,473,"E005, E015, E045, E025, E020, E033, E024, E044, E016, E009",18,M038,Juki,S1000,No
2023-10-17,Day,Shirt,473,"E005, E015, E045, E025, E020, E033, E024, E044, E016, E009",18,M039,Singer,J3000,No
2023-10-17,Day,Shirt,473,"E005, E015, E045, E025, E020, E033, E024, E044, E016, E009",18,M040,Juki,B2000,No
2023-10-17,Day,Shirt,473,"E005, E015, E045, E025, E020, E033, E024, E044, E016, E009",18,M041,Brother,J3000,No
2023-10-17,Day,Shirt,473,"E005, E015, E045, E025, E020, E033, E024, E044, E016, E009",18,M042,Brother,S1000,No
2023-10-17,Day,Shirt,473,"E005, E015, E045, E025, E020, E033, E024, E044, E016, E009",18,M043,Juki,J3000,Yes
2023-10-17,Day,Shirt,473,"E005, E015, E045, E025, E020, E033, E024, E044, E016, E009",18,M044,Brother,B2000,No
2023-10-17,Day,Shirt,473,"E005, E015, E045, E025, E020, E033, E024, E044, E016, E009",18,M045,Brother,B2000,No
2023-10-17,Day,Shirt,473,"E005, E015, E045, E025, E020, E033, E024, E044, E016, E009",18,M046,Singer,B2000,Yes
2023-10-17,Day,Shirt,473,"E005, E015, E045, E025, E020, E033, E024, E044, E016, E009",18,M047,Juki,S1000,No
2023-10-17,Day,Shirt,473,"E005, E015, E045, E025, E020, E033, E024, E044, E016, E009",18,M048,Singer,S1000,No
2023-10-17,Day,Shirt,473,"E005, E015, E045, E025, E020, E033, E024, E044, E016, E009",18,M049,Brother,B2000,No
2023-10-17,Day,Shirt,473,"E005, E015, E045, E025, E020, E033, E024, E044, E016, E009",18,M050,Brother,J3000,No
2023-10-17,Night,Shirt,333,"E031, E032, E026, E034, E024, E039, E034, E015, E008, E030",14,M001,Brother,J3000,No
2023-10-17,Night,Shirt,333,"E031, E032, E026, E034, E024, E039, E034, E015, E008, E030",14,M002,Juki,B2000,No
2023-10-17,Night,Shirt,333,"E031, E032, E026, E034, E024, E039, E034, E015, E008, E030",14,M003,Brother,B2000,No
2023-10-17,Night,Shirt,333,"E031, E032, E026, E034, E024, E039, E034, E015, E008, E030",14,M004,Brother,B2000,Yes
2023-10-17,Night,Shirt,333,"E031, E032, E026, E034, E024, E039, E034, E015, E008, E030",14,M005,Brother,B2000,No
2023-10-17,Night,Shirt,333,"E031, E032, E026, E034, E024, E039, E034, E015, E008, E030",14,M006,Juki,B2000,No
2023-10-17,Night,Shirt,333,"E031, E032, E026, E034, E024, E039, E034, E015, E008, E030",14,M007,Juki,S1000,No
2023-10-17,Night,Shirt,333,"E031, E032, E026, E034, E024, E039, E034, E015, E008, E030",14,M008,Juki,B2000,No
2023-10-17,Night,Shirt,333,"E031, E032, E026, E034, E024, E039, E034, E015, E008, E030",14,M009,Juki,S1000,No
2023-10-17,Night,Shirt,333,"E031, E032, E026, E034, E024, E039, E034, E015, E008, E030",14,M010,Singer,J3000,Yes
2023-10-17,Night,Shirt,333,"E031, E032, E026, E034, E024, E039, E034, E015, E008, E030",14,M011,Singer,S1000,Yes
2023-10-17,Night,Shirt,333,"E031, E032, E026, E034, E024, E039, E034, E015, E008, E030",14,M012,Juki,B2000,Yes
2023-10-17,Night,Shirt,333,"E031, E032, E026, E034, E024, E039, E034, E015, E008, E030",14,M013,Brother,B2000,No
2023-10-17,Night,Shirt,333,"E031, E032, E026, E034, E024, E039, E034, E015, E008, E030",14,M014,Brother,J3000,No
2023-10-17,Night,Shirt,333,"E031, E032, E026, E034, E024, E039, E034, E015, E008, E030",14,M015,Juki,S1000,No
2023-10-17,Night,Shirt,333,"E031, E032, E026, E034, E024, E039, E034, E015, E008, E030",14,M016,Juki,J3000,No
2023-10-17,Night,Shirt,333,"E031, E032, E026, E034, E024, E039, E034, E015, E008, E030",14,M017,Singer,S1000,No
2023-10-17,Night,Shirt,333,"E031, E032, E026, E034, E024, E039, E034, E015, E008, E030",14,M018,Juki,B2000,No
2023-10-17,Night,Shirt,333,"E031, E032, E026, E034, E024, E039, E034, E015, E008, E030",14,M019,Brother,J3000,No
2023-10-17,Night,Shirt,333,"E031, E032, E026, E034, E024, E039, E034, E015, E008, E030",14,M020,Singer,B2000,Yes
2023-10-17,Night,Shirt,333,"E031, E032, E026, E034, E024, E039, E034, E015, E008, E030",14,M021,Brother,B2000,Yes
2023-10-17,Night,Shirt,333,"E031, E032, E026, E034, E024, E039, E034, E015, E008, E030",14,M022,Brother,S1000,No
2023-10-17,Night,Shirt,333,"E031, E032, E026, E034, E024, E039, E034, E015, E008, E030",14,M023,Singer,J3000,No
2023-10-17,Night,Shirt,333,"E031, E032, E026, E034, E024, E039, E034, E015, E008, E030",14,M024,Singer,J3000,No
2023-10-17,Night,Shirt,333,"E031, E032, E026, E034, E024, E039, E034, E015, E008, E030",14,M025,Juki,S1000,No
2023-10-17,Night,Shirt,333,"E031, E032, E026, E034, E024, E039, E034, E015, E008, E030",14,M026,Brother,S1000,No
2023-10-17,Night,Shirt,333,"E031, E032, E026, E034, E024, E039, E034, E015, E008, E030",14,M027,Singer,S1000,No
2023-10-17,Night,Shirt,333,"E031, E032, E026, E034, E024, E039, E034, E015, E008, E030",14,M028,Singer,B2000,No
2023-10-17,Night,Shirt,333,"E031, E032, E026, E034, E024, E039, E034, E015, E008, E030",14,M029,Brother,J3000,No
2023-10-17,Night,Shirt,333,"E031, E032, E026, E034, E024, E039, E034, E015, E008, E030",14,M030,Brother,B2000,No
2023-10-17,Night,Shirt,333,"E031, E032, E026, E034, E024, E039, E034, E015, E008, E030",14,M031,Brother,B2000,No
2023-10-17,Night,Shirt,333,"E031, E032, E026, E034, E024, E039, E034, E015, E008, E030",14,M032,Brother,S1000,No
2023-10-17,Night,Shirt,333,"E031, E032, E026, E034, E024, E039, E034, E015, E008, E030",14,M033,Juki,B2000,No
2023-10-17,Night,Shirt,333,"E031, E032, E026, E034, E024, E039, E034, E015, E008, E030",14,M034,Juki,S1000,Yes
2023-10-17,Night,Shirt,333,"E031, E032, E026, E034, E024, E039, E034, E015, E008, E030",14,M035,Singer,S1000,No
2023-10-17,Night,Shirt,333,"E031, E032, E026, E034, E024, E039, E034, E015, E008, E030",14,M036,Brother,J3000,No
2023-10-17,Night,Shirt,333,"E031, E032, E026, E034, E024, E039, E034, E015, E008, E030",14,M037,Juki,B2000,No
2023-10-17,Night,Shirt,333,"E031, E032, E026, E034, E024, E039, E034, E015, E008, E030",14,M038,Singer,J3000,No
2023-10-17,Night,Shirt,333,"E031, E032, E026, E034, E024, E039, E034, E015, E008, E030",14,M039,Singer,J3000,No
2023-10-17,Night,Shirt,333,"E031, E032, E026, E034, E024, E039, E034, E015, E008, E030",14,M040,Juki,S1000,No
2023-10-17,Night,Shirt,333,"E031, E032, E026, E034, E024, E039, E034, E015, E008, E030",14,M041,Juki,S1000,Yes
2023-10-17,Night,Shirt,333,"E031, E032, E026, E034, E024, E039, E034, E015, E008, E030",14,M042,Juki,B2000,No
2023-10-17,Night,Shirt,333,"E031, E032, E026, E034, E024, E039, E034, E015, E008, E030",14,M043,Singer,B2000,No
2023-10-17,Night,Shirt,333,"E031, E032, E026, E034, E024, E039, E034, E015, E008, E030",14,M044,Singer,B2000,Yes
2023-10-17,Night,Shirt,333,"E031, E032, E026, E034, E024, E039, E034, E015, E008, E030",14,M045,Brother,J3000,Yes
2023-10-17,Night,Shirt,333,"E031, E032, E026, E034, E024, E039, E034, E015, E008, E030",14,M046,Juki,S1000,No
2023-10-17,Night,Shirt,333,"E031, E032, E026, E034, E024, E039, E034, E015, E008, E030",14,M047,Juki,B2000,No
2023-10-17,Night,Shirt,333,"E031, E032, E026, E034, E024, E039, E034, E015, E008, E030",14,M048,Juki,B2000,No
2023-10-17,Night,Shirt,333,"E031, E032, E026, E034, E024, E039, E034, E015, E008, E030",14,M049,Brother,J3000,No
2023-10-17,Night,Shirt,333,"E031, E032, E026, E034, E024, E039, E034, E015, E008, E030",14,M050,Singer,S1000,No
2023-10-18,Day,Shirt,522,"E012, E045, E046, E016, E030, E004, E045, E031, E017, E013",12,M001,Brother,S1000,No
2023-10-18,Day,Shirt,522,"E012, E045, E046, E016, E030, E004, E045, E031, E017, E013",12,M002,Juki,B2000,No
2023-10-18,Day,Shirt,522,"E012, E045, E046, E016, E030, E004, E045, E031, E017, E013",12,M003,Singer,B2000,No
2023-10-18,Day,Shirt,522,"E012, E045, E046, E016, E030, E004, E045, E031, E017, E013",12,M004,Singer,J3000,Yes
2023-10-18,Day,Shirt,522,"E012, E045, E046, E016, E030, E004, E045, E031, E017, E013",12,M005,Singer,B2000,No
2023-10-18,Day,Shirt,522,"E012, E045, E046, E016, E030, E004, E045, E031, E017, E013",12,M006,Brother,J3000,No
2023-10-18,Day,Shirt,522,"E012, E045, E046, E016, E030, E004, E045, E031, E017, E013",12,M007,Brother,B2000,No
2023-10-18,Day,Shirt,522,"E012, E045, E046, E016, E030, E004, E045, E031, E017, E013",12,M008,Brother,B2000,No
2023-10-18,Day,Shirt,522,"E012, E045, E046, E016, E030, E004, E045, E031, E017, E013",12,M009,Brother,S1000,Yes
2023-10-18,Day,Shirt,522,"E012, E045, E046, E016, E030, E004, E045, E031, E017, E013",12,M010,Singer,S1000,No
2023-10-18,Day,Shirt,522,"E012, E045, E046, E016, E030, E004, E045, E031, E017, E013",12,M011,Singer,B2000,Yes
2023-10-18,Day,Shirt,522,"E012, E045, E046, E016, E030, E004, E045, E031, E017, E013",12,M012,Juki,S1000,No
2023-10-18,Day,Shirt,522,"E012, E045, E046, E016, E030, E004, E045, E031, E017, E013",12,M013,Brother,S1000,No
2023-10-18,Day,Shirt,522,"E012, E045, E046, E016, E030, E004, E045, E031, E017, E013",12,M014,Juki,B2000,No
2023-10-18,Day,Shirt,522,"E012, E045, E046, E016, E030, E004, E045, E031, E017, E013",12,M015,Brother,S1000,No
2023-10-18,Day,Shirt,522,"E012, E045, E046, E016, E030, E004, E045, E031, E017, E013",12,M016,Juki,B2000,No
2023-10-18,Day,Shirt,522,"E012, E045, E046, E016, E030, E004, E045, E031, E017, E013",12,M017,Singer,B2000,No
2023-10-18,Day,Shirt,522,"E012, E045, E046, E016, E030, E004, E045, E031, E017, E013",12,M018,Brother,B2000,Yes
2023-10-18,Day,Shirt,522,"E012, E045, E046, E016, E030, E004, E045, E031, E017, E013",12,M019,Brother,S1000,Yes
2023-10-18,Day,Shirt,522,"E012, E045, E046, E016, E030, E004, E045, E031, E017, E013",12,M020,Brother,S1000,No
2023-10-18,Day,Shirt,522,"E012, E045, E046, E016, E030, E004, E045, E031, E017, E013",12,M021,Brother,B2000,No
2023-10-18,Day,Shirt,522,"E012, E045, E046, E016, E030, E004, E045, E031, E017, E013",12,M022,Juki,J3000,No
2023-10-18,Day,Shirt,522,"E012, E045, E046, E016, E030, E004, E045, E031, E017, E013",12,M023,Juki,J3000,No
2023-10-18,Day,Shirt,522,"E012, E045, E046, E016, E030, E004, E045, E031, E017, E013",12,M024,Singer,S1000,No
2023-10-18,Day,Shirt,522,"E012, E045, E046, E016, E030, E004, E045, E031, E017, E013",12,M025,Singer,B2000,No
2023-10-18,Day,Shirt,522,"E012, E045, E046, E016, E030, E004, E045, E031, E017, E013",12,M026,Brother,B2000,Yes
2023-10-18,Day,Shirt,522,"E012, E045, E046, E016, E030, E004, E045, E031, E017, E013",12,M027,Juki,S1000,No
2023-10-18,Day,Shirt,522,"E012, E045, E046, E016, E030, E004, E045, E031, E017, E013",12,M028,Singer,S1000,No
2023-10-18,Day,Shirt,522,"E012, E045, E046, E016, E030, E004, E045, E031, E017, E013",12,M029,Juki,J3000,No
2023-10-18,Day,Shirt,522,"E012, E045, E046, E016, E030, E004, E045, E031, E017, E013",12,M030,Singer,B2000,No
2023-10-18,Day,Shirt,522,"E012, E045, E046, E016, E030, E004, E045, E031, E017, E013",12,M031,Singer,S1000,No
2023-10-18,Day,Shirt,522,"E012, E045, E046, E016, E030, E004, E045, E031, E017, E013",12,M032,Brother,B2000,No
2023-10-18,Day,Shirt,522,"E012, E045, E046, E016, E030, E004, E045, E031, E017, E013",12,M033,Singer,B2000,Yes
2023-10-18,Day,Shirt,522,"E012, E045, E046, E016, E030, E004, E045, E031, E017, E013",12,M034,Juki,S1000,No
2023-10-18,Day,Shirt,522,"E012, E045, E046, E016, E030, E004, E045, E031, E017, E013",12,M035,Juki,B2000,No
2023-10-18,Day,Shirt,522,"E012, E045, E046, E016, E030, E004, E045, E031, E017, E013",12,M036,Singer,S1000,No
2023-10-18,Day,Shirt,522,"E012, E045, E046, E016, E030, E004, E045, E031, E017, E013",12,M037,Brother,J3000,No
2023-10-18,Day,Shirt,522,"E012, E045, E046, E016, E030, E004, E045, E031, E017, E013",12,M038,Juki,S1000,No
2023-10-18,Day,Shirt,522,"E012, E045, E046, E016, E030, E004, E045, E031, E017, E013",12,M039,Singer,J3000,No
2023-10-18,Day,Shirt,522,"E012, E045, E046, E016, E030, E004, E045, E031, E017, E013",12,M040,Juki,B2000,No
2023-10-18,Day,Shirt,522,"E012, E045, E046, E016, E030, E004, E045, E031, E017, E013",12,M041,Juki,S1000,Yes
2023-10-18,Day,Shirt,522,"E012, E045, E046, E016, E030, E004, E045, E031, E017, E013",12,M042,Brother,J3000,No
2023-10-18,Day,Shirt,522,"E012, E045, E046, E016, E030, E004, E045, E031, E017, E013",12,M043,Juki,B2000,No
2023-10-18,Day,Shirt,522,"E012, E045, E046, E016, E030, E004, E045, E031, E017, E013",12,M044,Juki,J3000,No
2023-10-18,Day,Shirt,522,"E012, E045, E046, E016, E030, E004, E045, E031, E017, E013",12,M045,Singer,S1000,No
2023-10-18,Day,Shirt,522,"E012, E045, E046, E016, E030, E004, E045, E031, E017, E013",12,M046,Brother,J3000,No
2023-10-18,Day,Shirt,522,"E012, E045, E046, E016, E030, E004, E045, E031, E017, E013",12,M047,Singer,S1000,No
2023-10-18,Day,Shirt,522,"E012, E045, E046, E016, E030, E004, E045, E031, E017, E013",12,M048,Juki,J3000,No
2023-10-18,Day,Shirt,522,"E012, E045, E046, E016, E030, E004, E045, E031, E017, E013",12,M049,Juki,J3000,Yes
2023-10-18,Day,Shirt,522,"E012, E045, E046, E016, E030, E004, E045, E031, E017, E013",12,M050,Brother,B2000,No
2023-10-18,Night,T-Shirt,596,"E048, E001, E011, E020, E030, E017, E003, E015, E004, E008",8,M001,Singer,S1000,No
2023-10-18,Night,T-Shirt,596,"E048, E001, E011, E020, E030, E017, E003, E015, E004, E008",8,M002,Juki,S1000,No
2023-10-18,Night,T-Shirt,596,"E048, E001, E011, E020, E030, E017, E003, E015, E004, E008",8,M003,Brother,J3000,No
2023-10-18,Night,T-Shirt,596,"E048, E001, E011, E020, E030, E017, E003, E015, E004, E008",8,M004,Brother,J3000,Yes
2023-10-18,Night,T-Shirt,596,"E048, E001, E011, E020, E030, E017, E003, E015, E004, E008",8,M005,Juki,B2000,Yes
2023-10-18,Night,T-Shirt,596,"E048, E001, E011, E020, E030, E017, E003, E015, E004, E008",8,M006,Juki,S1000,No
2023-10-18,Night,T-Shirt,596,"E048, E001, E011, E020, E030, E017, E003, E015, E004, E008",8,M007,Singer,B2000,Yes
2023-10-18,Night,T-Shirt,596,"E048, E001, E011, E020, E030, E017, E003, E015, E004, E008",8,M008,Brother,S1000,No
2023-10-18,Night,T-Shirt,596,"E048, E001, E011, E020, E030, E017, E003, E015, E004, E008",8,M009,Juki,J3000,No
2023-10-18,Night,T-Shirt,596,"E048, E001, E011, E020, E030, E017, E003, E015, E004, E008",8,M010,Singer,B2000,No
2023-10-18,Night,T-Shirt,596,"E048, E001, E011, E020, E030, E017, E003, E015, E004, E008",8,M011,Juki,J3000,No
2023-10-18,Night,T-Shirt,596,"E048, E001, E011, E020, E030, E017, E003, E015, E004, E008",8,M012,Singer,J3000,No
2023-10-18,Night,T-Shirt,596,"E048, E001, E011, E020, E030, E017, E003, E015, E004, E008",8,M013,Juki,J3000,No
2023-10-18,Night,T-Shirt,596,"E048, E001, E011, E020, E030, E017, E003, E015, E004, E008",8,M014,Brother,J3000,No
2023-10-18,Night,T-Shirt,596,"E048, E001, E011, E020, E030, E017, E003, E015, E004, E008",8,M015,Brother,B2000,No
2023-10-18,Night,T-Shirt,596,"E048, E001, E011, E020, E030, E017, E003, E015, E004, E008",8,M016,Juki,J3000,No
2023-10-18,Night,T-Shirt,596,"E048, E001, E011, E020, E030, E017, E003, E015, E004, E008",8,M017,Singer,B2000,No
2023-10-18,Night,T-Shirt,596,"E048, E001, E011, E020, E030, E017, E003, E015, E004, E008",8,M018,Brother,J3000,No
2023-10-18,Night,T-Shirt,596,"E048, E001, E011, E020, E030, E017, E003, E015, E004, E008",8,M019,Brother,J3000,No
2023-10-18,Night,T-Shirt,596,"E048, E001, E011, E020, E030, E017, E003, E015, E004, E008",8,M020,Brother,J3000,Yes
2023-10-18,Night,T-Shirt,596,"E048, E001, E011, E020, E030, E017, E003, E015, E004, E008",8,M021,Singer,B2000,Yes
2023-10-18,Night,T-Shirt,596,"E048, E001, E011, E020, E030, E017, E003, E015, E004, E008",8,M022,Brother,S1000,No
2023-10-18,Night,T-Shirt,596,"E048, E001, E011, E020, E030, E017, E003, E015, E004, E008",8,M023,Juki,J3000,No
2023-10-18,Night,T-Shirt,596,"E048, E001, E011, E020, E030, E017, E003, E015, E004, E008",8,M024,Brother,J3000,No
2023-10-18,Night,T-Shirt,596,"E048, E001, E011, E020, E030, E017, E003, E015, E004, E008",8,M025,Singer,S1000,No
2023-10-18,Night,T-Shirt,596,"E048, E001, E011, E020, E030, E017, E003, E015, E004, E008",8,M026,Juki,J3000,Yes
2023-10-18,Night,T-Shirt,596,"E048, E001, E011, E020, E030, E017, E003, E015, E004, E008",8,M027,Singer,J3000,No
2023-10-18,Night,T-Shirt,596,"E048, E001, E011, E020, E030, E017, E003, E015, E004, E008",8,M028,Brother,S1000,No
2023-10-18,Night,T-Shirt,596,"E048, E001, E011, E020, E030, E017, E003, E015, E004, E008",8,M029,Singer,S1000,No
2023-10-18,Night,T-Shirt,596,"E048, E001, E011, E020, E030, E017, E003, E015, E004, E008",8,M030,Brother,J3000,Yes
2023-10-18,Night,T-Shirt,596,"E048, E001, E011, E020, E030, E017, E003, E015, E004, E008",8,M031,Brother,J3000,No
2023-10-18,Night,T-Shirt,596,"E048, E001, E011, E020, E030, E017, E003, E015, E004, E008",8,M032,Singer,S1000,No
2023-10-18,Night,T-Shirt,596,"E048, E001, E011, E020, E030, E017, E003, E015, E004, E008",8,M033,Juki,B2000,Yes
2023-10-18,Night,T-Shirt,596,"E048, E001, E011, E020, E030, E017, E003, E015, E004, E008",8,M034,Juki,S1000,No
2023-10-18,Night,T-Shirt,596,"E048, E001, E011, E020, E030, E017, E003, E015, E004, E008",8,M035,Juki,S1000,No
2023-10-18,Night,T-Shirt,596,"E048, E001, E011, E020, E030, E017, E003, E015, E004, E008",8,M036,Brother,S1000,No
2023-10-18,Night,T-Shirt,596,"E048, E001, E011, E020, E030, E017, E003, E015, E004, E008",8,M037,Juki,J3000,No
2023-10-18,Night,T-Shirt,596,"E048, E001, E011, E020, E030, E017, E003, E015, E004, E008",8,M038,Singer,S1000,No
2023-10-18,Night,T-Shirt,596,"E048, E001, E011, E020, E030, E017, E003, E015, E004, E008",8,M039,Singer,B2000,No
2023-10-18,Night,T-Shirt,596,"E048, E001, E011, E020, E030, E017, E003, E015, E004, E008",8,M040,Juki,B2000,No
2023-10-18,Night,T-Shirt,596,"E048, E001, E011, E020, E030, E017, E003, E015, E004, E008",8,M041,Brother,J3000,No
2023-10-18,Night,T-Shirt,596,"E048, E001, E011, E020, E030, E017, E003, E015, E004, E008",8,M042,Singer,B2000,No
2023-10-18,Night,T-Shirt,596,"E048, E001, E011, E020, E030, E017, E003, E015, E004, E008",8,M043,Singer,S1000,No
2023-10-18,Night,T-Shirt,596,"E048, E001, E011, E020, E030, E017, E003, E015, E004, E008",8,M044,Singer,J3000,No
2023-10-18,Night,T-Shirt,596,"E048, E001, E011, E020, E030, E017, E003, E015, E004, E008",8,M045,Juki,J3000,No
2023-10-18,Night,T-Shirt,596,"E048, E001, E011, E020, E030, E017, E003, E015, E004, E008",8,M046,Juki,S1000,No
2023-10-18,Night,T-Shirt,596,"E048, E001, E011, E020, E030, E017, E003, E015, E004, E008",8,M047,Brother,S1000,Yes
2023-10-18,Night,T-Shirt,596,"E048, E001, E011, E020, E030, E017, E003, E015, E004, E008",8,M048,Singer,S1000,No
2023-10-18,Night,T-Shirt,596,"E048, E001, E011, E020, E030, E017, E003, E015, E004, E008",8,M049,Juki,B2000,No
2023-10-18,Night,T-Shirt,596,"E048, E001, E011, E020, E030, E017, E003, E015, E004, E008",8,M050,Brother,B2000,No
2023-10-19,Day,T-Shirt,616,"E005, E026, E018, E038, E024, E036, E007, E002, E039, E042",20,M001,Juki,J3000,No
2023-10-19,Day,T-Shirt,616,"E005, E026, E018, E038, E024, E036, E007, E002, E039, E042",20,M002,Juki,J3000,Yes
2023-10-19,Day,T-Shirt,616,"E005, E026, E018, E038, E024, E036, E007, E002, E039, E042",20,M003,Juki,B2000,Yes
2023-10-19,Day,T-Shirt,616,"E005, E026, E018, E038, E024, E036, E007, E002, E039, E042",20,M004,Juki,J3000,Yes
2023-10-19,Day,T-Shirt,616,"E005, E026, E018, E038, E024, E036, E007, E002, E039, E042",20,M005,Juki,S1000,Yes
2023-10-19,Day,T-Shirt,616,"E005, E026, E018, E038, E024, E036, E007, E002, E039, E042",20,M006,Juki,J3000,No
2023-10-19,Day,T-Shirt,616,"E005, E026, E018, E038, E024, E036, E007, E002, E039, E042",20,M007,Brother,S1000,No
2023-10-19,Day,T-Shirt,616,"E005, E026, E018, E038, E024, E036, E007, E002, E039, E042",20,M008,Brother,S1000,No
2023-10-19,Day,T-Shirt,616,"E005, E026, E018, E038, E024, E036, E007, E002, E039, E042",20,M009,Juki,S1000,No
2023-10-19,Day,T-Shirt,616,"E005, E026, E018, E038, E024, E036, E007, E002, E039, E042",20,M010,Brother,B2000,Yes
2023-10-19,Day,T-Shirt,616,"E005, E026, E018, E038, E024, E036, E007, E002, E039, E042",20,M011,Brother,J3000,No
2023-10-19,Day,T-Shirt,616,"E005, E026, E018, E038, E024, E036, E007, E002, E039, E042",20,M012,Singer,S1000,No
2023-10-19,Day,T-Shirt,616,"E005, E026, E018, E038, E024, E036, E007, E002, E039, E042",20,M013,Singer,S1000,No
2023-10-19,Day,T-Shirt,616,"E005, E026, E018, E038, E024, E036, E007, E002, E039, E042",20,M014,Brother,B2000,Yes
2023-10-19,Day,T-Shirt,616,"E005, E026, E018, E038, E024, E036, E007, E002, E039, E042",20,M015,Brother,J3000,No
2023-10-19,Day,T-Shirt,616,"E005, E026, E018, E038, E024, E036, E007, E002, E039, E042",20,M016,Singer,S1000,Yes
2023-10-19,Day,T-Shirt,616,"E005, E026, E018, E038, E024, E036, E007, E002, E039, E042",20,M017,Brother,B2000,Yes
2023-10-19,Day,T-Shirt,616,"E005, E026, E018, E038, E024, E036, E007, E002, E039, E042",20,M018,Singer,S1000,No
2023-10-19,Day,T-Shirt,616,"E005, E026, E018, E038, E024, E036, E007, E002, E039, E042",20,M019,Singer,B2000,No
2023-10-19,Day,T-Shirt,616,"E005, E026, E018, E038, E024, E036, E007, E002, E039, E042",20,M020,Brother,J3000,No
2023-10-19,Day,T-Shirt,616,"E005, E026, E018, E038, E024, E036, E007, E002, E039, E042",20,M021,Singer,S1000,No
2023-10-19,Day,T-Shirt,616,"E005, E026, E018, E038, E024, E036, E007, E002, E039, E042",20,M022,Brother,J3000,No
2023-10-19,Day,T-Shirt,616,"E005, E026, E018, E038, E024, E036, E007, E002, E039, E042",20,M023,Singer,J3000,No
2023-10-19,Day,T-Shirt,616,"E005, E026, E018, E038, E024, E036, E007, E002, E039, E042",20,M024,Brother,S1000,No
2023-10-19,Day,T-Shirt,616,"E005, E026, E018, E038, E024, E036, E007, E002, E039, E042",20,M025,Brother,B2000,No
2023-10-19,Day,T-Shirt,616,"E005, E026, E018, E038, E024, E036, E007, E002, E039, E042",20,M026,Brother,B2000,No
2023-10-19,Day,T-Shirt,616,"E005, E026, E018, E038, E024, E036, E007, E002, E039, E042",20,M027,Brother,S1000,No
2023-10-19,Day,T-Shirt,616,"E005, E026, E018, E038, E024, E036, E007, E002, E039, E042",20,M028,Brother,S1000,No
2023-10-19,Day,T-Shirt,616,"E005, E026, E018, E038, E024, E036, E007, E002, E039, E042",20,M029,Singer,J3000,No
2023-10-19,Day,T-Shirt,616,"E005, E026, E018, E038, E024, E036, E007, E002, E039, E042",20,M030,Singer,S1000,No
2023-10-19,Day,T-Shirt,616,"E005, E026, E018, E038, E024, E036, E007, E002, E039, E042",20,M031,Brother,J3000,No
2023-10-19,Day,T-Shirt,616,"E005, E026, E018, E038, E024, E036, E007, E002, E039, E042",20,M032,Brother,S1000,No
2023-10-19,Day,T-Shirt,616,"E005, E026, E018, E038, E024, E036, E007, E002, E039, E042",20,M033,Brother,S1000,No
2023-10-19,Day,T-Shirt,616,"E005, E026, E018, E038, E024, E036, E007, E002, E039, E042",20,M034,Brother,J3000,No
2023-10-19,Day,T-Shirt,616,"E005, E026, E018, E038, E024, E036, E007, E002, E039, E042",20,M035,Singer,S1000,No
2023-10-19,Day,T-Shirt,616,"E005, E026, E018, E038, E024, E036, E007, E002, E039, E042",20,M036,Juki,S1000,No
2023-10-19,Day,T-Shirt,616,"E005, E026, E018, E038, E024, E036, E007, E002, E039, E042",20,M037,Juki,S1000,No
2023-10-19,Day,T-Shirt,616,"E005, E026, E018, E038, E024, E036, E007, E002, E039, E042",20,M038,Juki,S1000,No
2023-10-19,Day,T-Shirt,616,"E005, E026, E018, E038, E024, E036, E007, E002, E039, E042",20,M039,Singer,J3000,No
2023-10-19,Day,T-Shirt,616,"E005, E026, E018, E038, E024, E036, E007, E002, E039, E042",20,M040,Juki,B2000,Yes
2023-10-19,Day,T-Shirt,616,"E005, E026, E018, E038, E024, E036, E007, E002, E039, E042",20,M041,Brother,J3000,No
2023-10-19,Day,T-Shirt,616,"E005, E026, E018, E038, E024, E036, E007, E002, E039, E042",20,M042,Singer,B2000,No
2023-10-19,Day,T-Shirt,616,"E005, E026, E018, E038, E024, E036, E007, E002, E039, E042",20,M043,Brother,B2000,No
2023-10-19,Day,T-Shirt,616,"E005, E026, E018, E038, E024, E036, E007, E002, E039, E042",20,M044,Singer,B2000,No
2023-10-19,Day,T-Shirt,616,"E005, E026, E018, E038, E024, E036, E007, E002, E039, E042",20,M045,Brother,J3000,No
2023-10-19,Day,T-Shirt,616,"E005, E026, E018, E038, E024, E036, E007, E002, E039, E042",20,M046,Juki,J3000,No
2023-10-19,Day,T-Shirt,616,"E005, E026, E018, E038, E024, E036, E007, E002, E039, E042",20,M047,Juki,J3000,No
2023-10-19,Day,T-Shirt,616,"E005, E026, E018, E038, E024, E036, E007, E002, E039, E042",20,M048,Brother,J3000,No
2023-10-19,Day,T-Shirt,616,"E005, E026, E018, E038, E024, E036, E007, E002, E039, E042",20,M049,Juki,S1000,No
2023-10-19,Day,T-Shirt,616,"E005, E026, E018, E038, E024, E036, E007, E002, E039, E042",20,M050,Juki,S1000,No
2023-10-19,Night,Dress,402,"E021, E001, E027, E001, E049, E013, E046, E048, E020, E033",14,M001,Singer,J3000,Yes
2023-10-19,Night,Dress,402,"E021, E001, E027, E001, E049, E013, E046, E048, E020, E033",14,M002,Juki,B2000,No
2023-10-19,Night,Dress,402,"E021, E001, E027, E001, E049, E013, E046, E048, E020, E033",14,M003,Brother,B2000,No
2023-10-19,Night,Dress,402,"E021, E001, E027, E001, E049, E013, E046, E048, E020, E033",14,M004,Singer,S1000,No
2023-10-19,Night,Dress,402,"E021, E001, E027, E001, E049, E013, E046, E048, E020, E033",14,M005,Singer,B2000,No
2023-10-19,Night,Dress,402,"E021, E001, E027, E001, E049, E013, E046, E048, E020, E033",14,M006,Brother,S1000,No
2023-10-19,Night,Dress,402,"E021, E001, E027, E001, E049, E013, E046, E048, E020, E033",14,M007,Singer,S1000,No
2023-10-19,Night,Dress,402,"E021, E001, E027, E001, E049, E013, E046, E048, E020, E033",14,M008,Juki,B2000,Yes
2023-10-19,Night,Dress,402,"E021, E001, E027, E001, E049, E013, E046, E048, E020, E033",14,M009,Singer,B2000,No
2023-10-19,Night,Dress,402,"E021, E001, E027, E001, E049, E013, E046, E048, E020, E033",14,M010,Juki,S1000,No
2023-10-19,Night,Dress,402,"E021, E001, E027, E001, E049, E013, E046, E048, E020, E033",14,M011,Brother,J3000,No
2023-10-19,Night,Dress,402,"E021, E001, E027, E001, E049, E013, E046, E048, E020, E033",14,M012,Brother,J3000,No
2023-10-19,Night,Dress,402,"E021, E001, E027, E001, E049, E013, E046, E048, E020, E033",14,M013,Brother,B2000,Yes
2023-10-19,Night,Dress,402,"E021, E001, E027, E001, E049, E013, E046, E048, E020, E033",14,M014,Brother,J3000,No
2023-10-19,Night,Dress,402,"E021, E001, E027, E001, E049, E013, E046, E048, E020, E033",14,M015,Singer,S1000,No
2023-10-19,Night,Dress,402,"E021, E001, E027, E001, E049, E013, E046, E048, E020, E033",14,M016,Singer,S1000,No
2023-10-19,Night,Dress,402,"E021, E001, E027, E001, E049, E013, E046, E048, E020, E033",14,M017,Juki,S1000,No
2023-10-19,Night,Dress,402,"E021, E001, E027, E001, E049, E013, E046, E048, E020, E033",14,M018,Juki,J3000,No
2023-10-19,Night,Dress,402,"E021, E001, E027, E001, E049, E013, E046, E048, E020, E033",14,M019,Singer,S1000,Yes
2023-10-19,Night,Dress,402,"E021, E001, E027, E001, E049, E013, E046, E048, E020, E033",14,M020,Singer,J3000,Yes
2023-10-19,Night,Dress,402,"E021, E001, E027, E001, E049, E013, E046, E048, E020, E033",14,M021,Juki,J3000,No
2023-10-19,Night,Dress,402,"E021, E001, E027, E001, E049, E013, E046, E048, E020, E033",14,M022,Singer,J3000,No
2023-10-19,Night,Dress,402,"E021, E001, E027, E001, E049, E013, E046, E048, E020, E033",14,M023,Brother,J3000,No
2023-10-19,Night,Dress,402,"E021, E001, E027, E001, E049, E013, E046, E048, E020, E033",14,M024,Singer,B2000,No
2023-10-19,Night,Dress,402,"E021, E001, E027, E001, E049, E013, E046, E048, E020, E033",14,M025,Juki,B2000,No
2023-10-19,Night,Dress,402,"E021, E001, E027, E001, E049, E013, E046, E048, E020, E033",14,M026,Juki,S1000,No
2023-10-19,Night,Dress,402,"E021, E001, E027, E001, E049, E013, E046, E048, E020, E033",14,M027,Singer,J3000,No
2023-10-19,Night,Dress,402,"E021, E001, E027, E001, E049, E013, E046, E048, E020, E033",14,M028,Singer,S1000,No
2023-10-19,Night,Dress,402,"E021, E001, E027, E001, E049, E013, E046, E048, E020, E033",14,M029,Juki,J3000,No
2023-10-19,Night,Dress,402,"E021, E001, E027, E001, E049, E013, E046, E048, E020, E033",14,M030,Juki,S1000,Yes
2023-10-19,Night,Dress,402,"E021, E001, E027, E001, E049, E013, E046, E048, E020, E033",14,M031,Juki,J3000,No
2023-10-19,Night,Dress,402,"E021, E001, E027, E001, E049, E013, E046, E048, E020, E033",14,M032,Brother,J3000,No
2023-10-19,Night,Dress,402,"E021, E001, E027, E001, E049, E013, E046, E048, E020, E033",14,M033,Brother,S1000,Yes
2023-10-19,Night,Dress,402,"E021, E001, E027, E001, E049, E013, E046, E048, E020, E033",14,M034,Brother,S1000,No
2023-10-19,Night,Dress,402,"E021, E001, E027, E001, E049, E013, E046, E048, E020, E033",14,M035,Singer,B2000,No
2023-10-19,Night,Dress,402,"E021, E001, E027, E001, E049, E013, E046, E048, E020, E033",14,M036,Singer,J3000,No
2023-10-19,Night,Dress,402,"E021, E001, E027, E001, E049, E013, E046, E048, E020, E033",14,M037,Brother,J3000,No
2023-10-19,Night,Dress,402,"E021, E001, E027, E001, E049, E013, E046, E048, E020, E033",14,M038,Brother,B2000,No
2023-10-19,Night,Dress,402,"E021, E001, E027, E001, E049, E013, E046, E048, E020, E033",14,M039,Brother,S1000,No
2023-10-19,Night,Dress,402,"E021, E001, E027, E001, E049, E013, E046, E048, E020, E033",14,M040,Juki,B2000,Yes
2023-10-19,Night,Dress,402,"E021, E001, E027, E001, E049, E013, E046, E048, E020, E033",14,M041,Singer,J3000,Yes
2023-10-19,Night,Dress,402,"E021, E001, E027, E001, E049, E013, E046, E048, E020, E033",14,M042,Juki,S1000,No
2023-10-19,Night,Dress,402,"E021, E001, E027, E001, E049, E013, E046, E048, E020, E033",14,M043,Singer,B2000,No
2023-10-19,Night,Dress,402,"E021, E001, E027, E001, E049, E013, E046, E048, E020, E033",14,M044,Juki,S1000,Yes
2023-10-19,Night,Dress,402,"E021, E001, E027, E001, E049, E013, E046, E048, E020, E033",14,M045,Brother,B2000,No
2023-10-19,Night,Dress,402,"E021, E001, E027, E001, E049, E013, E046, E048, E020, E033",14,M046,Singer,J3000,No
2023-10-19,Night,Dress,402,"E021, E001, E027, E001, E049, E013, E046, E048, E020, E033",14,M047,Juki,S1000,No
2023-10-19,Night,Dress,402,"E021, E001, E027, E001, E049, E013, E046, E048, E020, E033",14,M048,Singer,S1000,No
2023-10-19,Night,Dress,402,"E021, E001, E027, E001, E049, E013, E046, E048, E020, E033",14,M049,Juki,S1000,No
2023-10-19,Night,Dress,402,"E021, E001, E027, E001, E049, E013, E046, E048, E020, E033",14,M050,Singer,S1000,No
2023-10-20,Day,Shirt,418,"E034, E050, E043, E007, E030, E040, E020, E032, E002, E007",24,M001,Brother,S1000,No
2023-10-20,Day,Shirt,418,"E034, E050, E043, E007, E030, E040, E020, E032, E002, E007",24,M002,Singer,S1000,No
2023-10-20,Day,Shirt,418,"E034, E050, E043, E007, E030, E040, E020, E032, E002, E007",24,M003,Singer,B2000,Yes
2023-10-20,Day,Shirt,418,"E034, E050, E043, E007, E030, E040, E020, E032, E002, E007",24,M004,Singer,B2000,No
2023-10-20,Day,Shirt,418,"E034, E050, E043, E007, E030, E040, E020, E032, E002, E007",24,M005,Singer,J3000,Yes
2023-10-20,Day,Shirt,418,"E034, E050, E043, E007, E030, E040, E020, E032, E002, E007",24,M006,Brother,S1000,No
2023-10-20,Day,Shirt,418,"E034, E050, E043, E007, E030, E040, E020, E032, E002, E007",24,M007,Brother,S1000,Yes
2023-10-20,Day,Shirt,418,"E034, E050, E043, E007, E030, E040, E020, E032, E002, E007",24,M008,Juki,J3000,No
2023-10-20,Day,Shirt,418,"E034, E050, E043, E007, E030, E040, E020, E032, E002, E007",24,M009,Brother,S1000,No
2023-10-20,Day,Shirt,418,"E034, E050, E043, E007, E030, E040, E020, E032, E002, E007",24,M010,Juki,B2000,No
2023-10-20,Day,Shirt,418,"E034, E050, E043, E007, E030, E040, E020, E032, E002, E007",24,M011,Brother,B2000,Yes
2023-10-20,Day,Shirt,418,"E034, E050, E043, E007, E030, E040, E020, E032, E002, E007",24,M012,Brother,B2000,No
2023-10-20,Day,Shirt,418,"E034, E050, E043, E007, E030, E040, E020, E032, E002, E007",24,M013,Brother,B2000,No
2023-10-20,Day,Shirt,418,"E034, E050, E043, E007, E030, E040, E020, E032, E002, E007",24,M014,Singer,J3000,No
2023-10-20,Day,Shirt,418,"E034, E050, E043, E007, E030, E040, E020, E032, E002, E007",24,M015,Juki,S1000,Yes
2023-10-20,Day,Shirt,418,"E034, E050, E043, E007, E030, E040, E020, E032, E002, E007",24,M016,Juki,S1000,No
2023-10-20,Day,Shirt,418,"E034, E050, E043, E007, E030, E040, E020, E032, E002, E007",24,M017,Juki,S1000,No
2023-10-20,Day,Shirt,418,"E034, E050, E043, E007, E030, E040, E020, E032, E002, E007",24,M018,Juki,S1000,No
2023-10-20,Day,Shirt,418,"E034, E050, E043, E007, E030, E040, E020, E032, E002, E007",24,M019,Brother,S1000,Yes
2023-10-20,Day,Shirt,418,"E034, E050, E043, E007, E030, E040, E020, E032, E002, E007",24,M020,Brother,B2000,No
2023-10-20,Day,Shirt,418,"E034, E050, E043, E007, E030, E040, E020, E032, E002, E007",24,M021,Brother,S1000,No
2023-10-20,Day,Shirt,418,"E034, E050, E043, E007, E030, E040, E020, E032, E002, E007",24,M022,Brother,S1000,No
2023-10-20,Day,Shirt,418,"E034, E050, E043, E007, E030, E040, E020, E032, E002, E007",24,M023,Singer,B2000,No
2023-10-20,Day,Shirt,418,"E034, E050, E043, E007, E030, E040, E020, E032, E002, E007",24,M024,Brother,S1000,No
2023-10-20,Day,Shirt,418,"E034, E050, E043, E007, E030, E040, E020, E032, E002, E007",24,M025,Brother,S1000,No
2023-10-20,Day,Shirt,418,"E034, E050, E043, E007, E030, E040, E020, E032, E002, E007",24,M026,Brother,J3000,Yes
2023-10-20,Day,Shirt,418,"E034, E050, E043, E007, E030, E040, E020, E032, E002, E007",24,M027,Singer,B2000,No
2023-10-20,Day,Shirt,418,"E034, E050, E043, E007, E030, E040, E020, E032, E002, E007",24,M028,Brother,J3000,No
2023-10-20,Day,Shirt,418,"E034, E050, E043, E007, E030, E040, E020, E032, E002, E007",24,M029,Singer,S1000,No
2023-10-20,Day,Shirt,418,"E034, E050, E043, E007, E030, E040, E020, E032, E002, E007",24,M030,Juki,B2000,No
2023-10-20,Day,Shirt,418,"E034, E050, E043, E007, E030, E040, E020, E032, E002, E007",24,M031,Singer,S1000,No
2023-10-20,Day,Shirt,418,"E034, E050, E043, E007, E030, E040, E020, E032, E002, E007",24,M032,Juki,B2000,No
2023-10-20,Day,Shirt,418,"E034, E050, E043, E007, E030, E040, E020, E032, E002, E007",24,M033,Singer,J3000,No
2023-10-20,Day,Shirt,418,"E034, E050, E043, E007, E030, E040, E020, E032, E002, E007",24,M034,Singer,J3000,No
2023-10-20,Day,Shirt,418,"E034, E050, E043, E007, E030, E040, E020, E032, E002, E007",24,M035,Brother,S1000,No
2023-10-20,Day,Shirt,418,"E034, E050, E043, E007, E030, E040, E020, E032, E002, E007",24,M036,Brother,S1000,No
2023-10-20,Day,Shirt,418,"E034, E050, E043, E007, E030, E040, E020, E032, E002, E007",24,M037,Singer,J3000,No
2023-10-20,Day,Shirt,418,"E034, E050, E043, E007, E030, E040, E020, E032, E002, E007",24,M038,Singer,B2000,Yes
2023-10-20,Day,Shirt,418,"E034, E050, E043, E007, E030, E040, E020, E032, E002, E007",24,M039,Juki,B2000,No
2023-10-20,Day,Shirt,418,"E034, E050, E043, E007, E030, E040, E020, E032, E002, E007",24,M040,Singer,B2000,No
2023-10-20,Day,Shirt,418,"E034, E050, E043, E007, E030, E040, E020, E032, E002, E007",24,M041,Brother,J3000,No
2023-10-20,Day,Shirt,418,"E034, E050, E043, E007, E030, E040, E020, E032, E002, E007",24,M042,Brother,J3000,Yes
2023-10-20,Day,Shirt,418,"E034, E050, E043, E007, E030, E040, E020, E032, E002, E007",24,M043,Juki,S1000,No
2023-10-20,Day,Shirt,418,"E034, E050, E043, E007, E030, E040, E020, E032, E002, E007",24,M044,Juki,J3000,No
2023-10-20,Day,Shirt,418,"E034, E050, E043, E007, E030, E040, E020, E032, E002, E007",24,M045,Brother,J3000,No
2023-10-20,Day,Shirt,418,"E034, E050, E043, E007, E030, E040, E020, E032, E002, E007",24,M046,Juki,J3000,No
2023-10-20,Day,Shirt,418,"E034, E050, E043, E007, E030, E040, E020, E032, E002, E007",24,M047,Singer,S1000,No
2023-10-20,Day,Shirt,418,"E034, E050, E043, E007, E030, E040, E020, E032, E002, E007",24,M048,Singer,B2000,Yes
2023-10-20,Day,Shirt,418,"E034, E050, E043, E007, E030, E040, E020, E032, E002, E007",24,M049,Brother,S1000,No
2023-10-20,Day,Shirt,418,"E034, E050, E043, E007, E030, E040, E020, E032, E002, E007",24,M050,Juki,B2000,No
2023-10-20,Night,Jacket,360,"E031, E041, E005, E003, E038, E014, E034, E011, E032, E023",23,M001,Singer,S1000,Yes
2023-10-20,Night,Jacket,360,"E031, E041, E005, E003, E038, E014, E034, E011, E032, E023",23,M002,Brother,B2000,Yes
2023-10-20,Night,Jacket,360,"E031, E041, E005, E003, E038, E014, E034, E011, E032, E023",23,M003,Brother,S1000,No
2023-10-20,Night,Jacket,360,"E031, E041, E005, E003, E038, E014, E034, E011, E032, E023",23,M004,Singer,J3000,Yes
2023-10-20,Night,Jacket,360,"E031, E041, E005, E003, E038, E014, E034, E011, E032, E023",23,M005,Juki,J3000,No
2023-10-20,Night,Jacket,360,"E031, E041, E005, E003, E038, E014, E034, E011, E032, E023",23,M006,Juki,B2000,No
2023-10-20,Night,Jacket,360,"E031, E041, E005, E003, E038, E014, E034, E011, E032, E023",23,M007,Singer,B2000,No
2023-10-20,Night,Jacket,360,"E031, E041, E005, E003, E038, E014, E034, E011, E032, E023",23,M008,Brother,S1000,No
2023-10-20,Night,Jacket,360,"E031, E041, E005, E003, E038, E014, E034, E011, E032, E023",23,M009,Singer,J3000,No
2023-10-20,Night,Jacket,360,"E031, E041, E005, E003, E038, E014, E034, E011, E032, E023",23,M010,Juki,S1000,No
2023-10-20,Night,Jacket,360,"E031, E041, E005, E003, E038, E014, E034, E011, E032, E023",23,M011,Brother,J3000,No
2023-10-20,Night,Jacket,360,"E031, E041, E005, E003, E038, E014, E034, E011, E032, E023",23,M012,Juki,B2000,Yes
2023-10-20,Night,Jacket,360,"E031, E041, E005, E003, E038, E014, E034, E011, E032, E023",23,M013,Brother,J3000,No
2023-10-20,Night,Jacket,360,"E031, E041, E005, E003, E038, E014, E034, E011, E032, E023",23,M014,Singer,J3000,No
2023-10-20,Night,Jacket,360,"E031, E041, E005, E003, E038, E014, E034, E011, E032, E023",23,M015,Juki,J3000,No
2023-10-20,Night,Jacket,360,"E031, E041, E005, E003, E038, E014, E034, E011, E032, E023",23,M016,Singer,B2000,No
2023-10-20,Night,Jacket,360,"E031, E041, E005, E003, E038, E014, E034, E011, E032, E023",23,M017,Singer,S1000,No
2023-10-20,Night,Jacket,360,"E031, E041, E005, E003, E038, E014, E034, E011, E032, E023",23,M018,Singer,B2000,Yes
2023-10-20,Night,Jacket,360,"E031, E041, E005, E003, E038, E014, E034, E011, E032, E023",23,M019,Brother,S1000,No
2023-10-20,Night,Jacket,360,"E031, E041, E005, E003, E038, E014, E034, E011, E032, E023",23,M020,Singer,S1000,No
2023-10-20,Night,Jacket,360,"E031, E041, E005, E003, E038, E014, E034, E011, E032, E023",23,M021,Brother,B2000,No
2023-10-20,Night,Jacket,360,"E031, E041, E005, E003, E038, E014, E034, E011, E032, E023",23,M022,Singer,J3000,No
2023-10-20,Night,Jacket,360,"E031, E041, E005, E003, E038, E014, E034, E011, E032, E023",23,M023,Brother,B2000,No
2023-10-20,Night,Jacket,360,"E031, E041, E005, E003, E038, E014, E034, E011, E032, E023",23,M024,Brother,S1000,Yes
2023-10-20,Night,Jacket,360,"E031, E041, E005, E003, E038, E014, E034, E011, E032, E023",23,M025,Singer,B2000,No
2023-10-20,Night,Jacket,360,"E031, E041, E005, E003, E038, E014, E034, E011, E032, E023",23,M026,Juki,J3000,No
2023-10-20,Night,Jacket,360,"E031, E041, E005, E003, E038, E014, E034, E011, E032, E023",23,M027,Singer,S1000,No
2023-10-20,Night,Jacket,360,"E031, E041, E005, E003, E038, E014, E034, E011, E032, E023",23,M028,Brother,B2000,No
2023-10-20,Night,Jacket,360,"E031, E041, E005, E003, E038, E014, E034, E011, E032, E023",23,M029,Brother,S1000,No
2023-10-20,Night,Jacket,360,"E031, E041, E005, E003, E038, E014, E034, E011, E032, E023",23,M030,Juki,S1000,No
2023-10-20,Night,Jacket,360,"E031, E041, E005, E003, E038, E014, E034, E011, E032, E023",23,M031,Brother,S1000,No
2023-10-20,Night,Jacket,360,"E031, E041, E005, E003, E038, E014, E034, E011, E032, E023",23,M032,Singer,J3000,No
2023-10-20,Night,Jacket,360,"E031, E041, E005, E003, E038, E014, E034, E011, E032, E023",23,M033,Brother,J3000,Yes
2023-10-20,Night,Jacket,360,"E031, E041, E005, E003, E038, E014, E034, E011, E032, E023",23,M034,Juki,B2000,Yes
2023-10-20,Night,Jacket,360,"E031, E041, E005, E003, E038, E014, E034, E011, E032, E023",23,M035,Juki,J3000,No
2023-10-20,Night,Jacket,360,"E031, E041, E005, E003, E038, E014, E034, E011, E032, E023",23,M036,Juki,B2000,No
2023-10-20,Night,Jacket,360,"E031, E041, E005, E003, E038, E014, E034, E011, E032, E023",23,M037,Juki,B2000,No
2023-10-20,Night,Jacket,360,"E031, E041, E005, E003, E038, E014, E034, E011, E032, E023",23,M038,Singer,S1000,No
2023-10-20,Night,Jacket,360,"E031, E041, E005, E003, E038, E014, E034, E011, E032, E023",23,M039,Brother,B2000,No
2023-10-20,Night,Jacket,360,"E031, E041, E005, E003, E038, E014, E034, E011, E032, E023",23,M040,Brother,S1000,No
2023-10-20,Night,Jacket,360,"E031, E041, E005, E003, E038, E014, E034, E011, E032, E023",23,M041,Juki,J3000,No
2023-10-20,Night,Jacket,360,"E031, E041, E005, E003, E038, E014, E034, E011, E032, E023",23,M042,Brother,J3000,No
2023-10-20,Night,Jacket,360,"E031, E041, E005, E003, E038, E014, E034, E011, E032, E023",23,M043,Brother,B2000,No
2023-10-20,Night,Jacket,360,"E031, E041, E005, E003, E038, E014, E034, E011, E032, E023",23,M044,Juki,J3000,No
2023-10-20,Night,Jacket,360,"E031, E041, E005, E003, E038, E014, E034, E011, E032, E023",23,M045,Brother,J3000,No
2023-10-20,Night,Jacket,360,"E031, E041, E005, E003, E038, E014, E034, E011, E032, E023",23,M046,Juki,J3000,No
2023-10-20,Night,Jacket,360,"E031, E041, E005, E003, E038, E014, E034, E011, E032, E023",23,M047,Brother,J3000,No
2023-10-20,Night,Jacket,360,"E031, E041, E005, E003, E038, E014, E034, E011, E032, E023",23,M048,Singer,B2000,Yes
2023-10-20,Night,Jacket,360,"E031, E041, E005, E003, E038, E014, E034, E011, E032, E023",23,M049,Juki,J3000,No
2023-10-20,Night,Jacket,360,"E031, E041, E005, E003, E038, E014, E034, E011, E032, E023",23,M050,Juki,S1000,No
2023-10-21,Day,Shirt,533,"E046, E009, E037, E002, E019, E012, E038, E029, E013, E039",8,M001,Juki,B2000,Yes
2023-10-21,Day,Shirt,533,"E046, E009, E037, E002, E019, E012, E038, E029, E013, E039",8,M002,Singer,J3000,No
2023-10-21,Day,Shirt,533,"E046, E009, E037, E002, E019, E012, E038, E029, E013, E039",8,M003,Singer,S1000,No
2023-10-21,Day,Shirt,533,"E046, E009, E037, E002, E019, E012, E038, E029, E013, E039",8,M004,Juki,J3000,No
2023-10-21,Day,Shirt,533,"E046, E009, E037, E002, E019, E012, E038, E029, E013, E039",8,M005,Singer,S1000,No
2023-10-21,Day,Shirt,533,"E046, E009, E037, E002, E019, E012, E038, E029, E013, E039",8,M006,Singer,S1000,No
2023-10-21,Day,Shirt,533,"E046, E009, E037, E002, E019, E012, E038, E029, E013, E039",8,M007,Juki,B2000,No
2023-10-21,Day,Shirt,533,"E046, E009, E037, E002, E019, E012, E038, E029, E013, E039",8,M008,Brother,J3000,No
2023-10-21,Day,Shirt,533,"E046, E009, E037, E002, E019, E012, E038, E029, E013, E039",8,M009,Brother,J3000,No
2023-10-21,Day,Shirt,533,"E046, E009, E037, E002, E019, E012, E038, E029, E013, E039",8,M010,Brother,S1000,No
2023-10-21,Day,Shirt,533,"E046, E009, E037, E002, E019, E012, E038, E029, E013, E039",8,M011,Juki,S1000,Yes
2023-10-21,Day,Shirt,533,"E046, E009, E037, E002, E019, E012, E038, E029, E013, E039",8,M012,Singer,S1000,Yes
2023-10-21,Day,Shirt,533,"E046, E009, E037, E002, E019, E012, E038, E029, E013, E039",8,M013,Brother,J3000,No
2023-10-21,Day,Shirt,533,"E046, E009, E037, E002, E019, E012, E038, E029, E013, E039",8,M014,Brother,J3000,No
2023-10-21,Day,Shirt,533,"E046, E009, E037, E002, E019, E012, E038, E029, E013, E039",8,M015,Juki,B2000,No
2023-10-21,Day,Shirt,533,"E046, E009, E037, E002, E019, E012, E038, E029, E013, E039",8,M016,Brother,B2000,Yes
2023-10-21,Day,Shirt,533,"E046, E009, E037, E002, E019, E012, E038, E029, E013, E039",8,M017,Brother,S1000,Yes
2023-10-21,Day,Shirt,533,"E046, E009, E037, E002, E019, E012, E038, E029, E013, E039",8,M018,Singer,B2000,No
2023-10-21,Day,Shirt,533,"E046, E009, E037, E002, E019, E012, E038, E029, E013, E039",8,M019,Brother,J3000,Yes
2023-10-21,Day,Shirt,533,"E046, E009, E037, E002, E019, E012, E038, E029, E013, E039",8,M020,Brother,B2000,No
2023-10-21,Day,Shirt,533,"E046, E009, E037, E002, E019, E012, E038, E029, E013, E039",8,M021,Juki,S1000,No
2023-10-21,Day,Shirt,533,"E046, E009, E037, E002, E019, E012, E038, E029, E013, E039",8,M022,Juki,J3000,No
2023-10-21,Day,Shirt,533,"E046, E009, E037, E002, E019, E012, E038, E029, E013, E039",8,M023,Singer,B2000,No
2023-10-21,Day,Shirt,533,"E046, E009, E037, E002, E019, E012, E038, E029, E013, E039",8,M024,Singer,B2000,Yes
2023-10-21,Day,Shirt,533,"E046, E009, E037, E002, E019, E012, E038, E029, E013, E039",8,M025,Brother,S1000,No
2023-10-21,Day,Shirt,533,"E046, E009, E037, E002, E019, E012, E038, E029, E013, E039",8,M026,Brother,S1000,No
2023-10-21,Day,Shirt,533,"E046, E009, E037, E002, E019, E012, E038, E029, E013, E039",8,M027,Singer,S1000,No
2023-10-21,Day,Shirt,533,"E046, E009, E037, E002, E019, E012, E038, E029, E013, E039",8,M028,Juki,B2000,No
2023-10-21,Day,Shirt,533,"E046, E009, E037, E002, E019, E012, E038, E029, E013, E039",8,M029,Singer,J3000,No
2023-10-21,Day,Shirt,533,"E046, E009, E037, E002, E019, E012, E038, E029, E013, E039",8,M030,Singer,J3000,Yes
2023-10-21,Day,Shirt,533,"E046, E009, E037, E002, E019, E012, E038, E029, E013, E039",8,M031,Singer,B2000,No
2023-10-21,Day,Shirt,533,"E046, E009, E037, E002, E019, E012, E038, E029, E013, E039",8,M032,Singer,S1000,No
2023-10-21,Day,Shirt,533,"E046, E009, E037, E002, E019, E012, E038, E029, E013, E039",8,M033,Singer,J3000,No
2023-10-21,Day,Shirt,533,"E046, E009, E037, E002, E019, E012, E038, E029, E013, E039",8,M034,Singer,S1000,No
2023-10-21,Day,Shirt,533,"E046, E009, E037, E002, E019, E012, E038, E029, E013, E039",8,M035,Brother,B2000,No
2023-10-21,Day,Shirt,533,"E046, E009, E037, E002, E019, E012, E038, E029, E013, E039",8,M036,Juki,S1000,No
2023-10-21,Day,Shirt,533,"E046, E009, E037, E002, E019, E012, E038, E029, E013, E039",8,M037,Juki,S1000,No
2023-10-21,Day,Shirt,533,"E046, E009, E037, E002, E019, E012, E038, E029, E013, E039",8,M038,Singer,B2000,No
2023-10-21,Day,Shirt,533,"E046, E009, E037, E002, E019, E012, E038, E029, E013, E039",8,M039,Brother,S1000,No
2023-10-21,Day,Shirt,533,"E046, E009, E037, E002, E019, E012, E038, E029, E013, E039",8,M040,Juki,S1000,No
2023-10-21,Day,Shirt,533,"E046, E009, E037, E002, E019, E012, E038, E029, E013, E039",8,M041,Juki,J3000,No
2023-10-21,Day,Shirt,533,"E046, E009, E037, E002, E019, E012, E038, E029, E013, E039",8,M042,Brother,J3000,No
2023-10-21,Day,Shirt,533,"E046, E009, E037, E002, E019, E012, E038, E029, E013, E039",8,M043,Brother,S1000,No
2023-10-21,Day,Shirt,533,"E046, E009, E037, E002, E019, E012, E038, E029, E013, E039",8,M044,Singer,B2000,No
2023-10-21,Day,Shirt,533,"E046, E009, E037, E002, E019, E012, E038, E029, E013, E039",8,M045,Singer,S1000,No
2023-10-21,Day,Shirt,533,"E046, E009, E037, E002, E019, E012, E038, E029, E013, E039",8,M046,Singer,B2000,No
2023-10-21,Day,Shirt,533,"E046, E009, E037, E002, E019, E012, E038, E029, E013, E039",8,M047,Juki,B2000,No
2023-10-21,Day,Shirt,533,"E046, E009, E037, E002, E019, E012, E038, E029, E013, E039",8,M048,Brother,S1000,No
2023-10-21,Day,Shirt,533,"E046, E009, E037, E002, E019, E012, E038, E029, E013, E039",8,M049,Brother,S1000,No
2023-10-21,Day,Shirt,533,"E046, E009, E037, E002, E019, E012, E038, E029, E013, E039",8,M050,Singer,S1000,No
2023-10-21,Night,Jeans,549,"E002, E002, E023, E027, E014, E039, E013, E049, E044, E005",22,M001,Juki,S1000,No
2023-10-21,Night,Jeans,549,"E002, E002, E023, E027, E014, E039, E013, E049, E044, E005",22,M002,Juki,S1000,No
2023-10-21,Night,Jeans,549,"E002, E002, E023, E027, E014, E039, E013, E049, E044, E005",22,M003,Juki,B2000,No
2023-10-21,Night,Jeans,549,"E002, E002, E023, E027, E014, E039, E013, E049, E044, E005",22,M004,Brother,J3000,No
2023-10-21,Night,Jeans,549,"E002, E002, E023, E027, E014, E039, E013, E049, E044, E005",22,M005,Singer,B2000,No
2023-10-21,Night,Jeans,549,"E002, E002, E023, E027, E014, E039, E013, E049, E044, E005",22,M006,Brother,J3000,No
2023-10-21,Night,Jeans,549,"E002, E002, E023, E027, E014, E039, E013, E049, E044, E005",22,M007,Juki,S1000,No
2023-10-21,Night,Jeans,549,"E002, E002, E023, E027, E014, E039, E013, E049, E044, E005",22,M008,Brother,J3000,No
2023-10-21,Night,Jeans,549,"E002, E002, E023, E027, E014, E039, E013, E049, E044, E005",22,M009,Brother,J3000,No
2023-10-21,Night,Jeans,549,"E002, E002, E023, E027, E014, E039, E013, E049, E044, E005",22,M010,Juki,J3000,No
2023-10-21,Night,Jeans,549,"E002, E002, E023, E027, E014, E039, E013, E049, E044, E005",22,M011,Brother,B2000,No
2023-10-21,Night,Jeans,549,"E002, E002, E023, E027, E014, E039, E013, E049, E044, E005",22,M012,Juki,S1000,No
2023-10-21,Night,Jeans,549,"E002, E002, E023, E027, E014, E039, E013, E049, E044, E005",22,M013,Brother,S1000,No
2023-10-21,Night,Jeans,549,"E002, E002, E023, E027, E014, E039, E013, E049, E044, E005",22,M014,Singer,B2000,Yes
2023-10-21,Night,Jeans,549,"E002, E002, E023, E027, E014, E039, E013, E049, E044, E005",22,M015,Singer,S1000,No
2023-10-21,Night,Jeans,549,"E002, E002, E023, E027, E014, E039, E013, E049, E044, E005",22,M016,Singer,J3000,No
2023-10-21,Night,Jeans,549,"E002, E002, E023, E027, E014, E039, E013, E049, E044, E005",22,M017,Brother,S1000,No
2023-10-21,Night,Jeans,549,"E002, E002, E023, E027, E014, E039, E013, E049, E044, E005",22,M018,Singer,J3000,No
2023-10-21,Night,Jeans,549,"E002, E002, E023, E027, E014, E039, E013, E049, E044, E005",22,M019,Brother,J3000,No
2023-10-21,Night,Jeans,549,"E002, E002, E023, E027, E014, E039, E013, E049, E044, E005",22,M020,Brother,J3000,No
2023-10-21,Night,Jeans,549,"E002, E002, E023, E027, E014, E039, E013, E049, E044, E005",22,M021,Brother,J3000,No
2023-10-21,Night,Jeans,549,"E002, E002, E023, E027, E014, E039, E013, E049, E044, E005",22,M022,Brother,B2000,No
2023-10-21,Night,Jeans,549,"E002, E002, E023, E027, E014, E039, E013, E049, E044, E005",22,M023,Singer,S1000,No
2023-10-21,Night,Jeans,549,"E002, E002, E023, E027, E014, E039, E013, E049, E044, E005",22,M024,Brother,S1000,Yes
2023-10-21,Night,Jeans,549,"E002, E002, E023, E027, E014, E039, E013, E049, E044, E005",22,M025,Singer,S1000,Yes
2023-10-21,Night,Jeans,549,"E002, E002, E023, E027, E014, E039, E013, E049, E044, E005",22,M026,Brother,S1000,No
2023-10-21,Night,Jeans,549,"E002, E002, E023, E027, E014, E039, E013, E049, E044, E005",22,M027,Singer,B2000,No
2023-10-21,Night,Jeans,549,"E002, E002, E023, E027, E014, E039, E013, E049, E044, E005",22,M028,Brother,S1000,No
2023-10-21,Night,Jeans,549,"E002, E002, E023, E027, E014, E039, E013, E049, E044, E005",22,M029,Brother,S1000,Yes
2023-10-21,Night,Jeans,549,"E002, E002, E023, E027, E014, E039, E013, E049, E044, E005",22,M030,Singer,B2000,No
2023-10-21,Night,Jeans,549,"E002, E002, E023, E027, E014, E039, E013, E049, E044, E005",22,M031,Juki,S1000,No
2023-10-21,Night,Jeans,549,"E002, E002, E023, E027, E014, E039, E013, E049, E044, E005",22,M032,Juki,B2000,No
2023-10-21,Night,Jeans,549,"E002, E002, E023, E027, E014, E039, E013, E049, E044, E005",22,M033,Brother,B2000,Yes
2023-10-21,Night,Jeans,549,"E002, E002, E023, E027, E014, E039, E013, E049, E044, E005",22,M034,Brother,B2000,Yes
2023-10-21,Night,Jeans,549,"E002, E002, E023, E027, E014, E039, E013, E049, E044, E005",22,M035,Juki,J3000,No
2023-10-21,Night,Jeans,549,"E002, E002, E023, E027, E014, E039, E013, E049, E044, E005",22,M036,Brother,S1000,No
2023-10-21,Night,Jeans,549,"E002, E002, E023, E027, E014, E039, E013, E049, E044, E005",22,M037,Brother,S1000,No
2023-10-21,Night,Jeans,549,"E002, E002, E023, E027, E014, E039, E013, E049, E044, E005",22,M038,Brother,S1000,Yes
2023-10-21,Night,Jeans,549,"E002, E002, E023, E027, E014, E039, E013, E049, E044, E005",22,M039,Singer,B2000,Yes
2023-10-21,Night,Jeans,549,"E002, E002, E023, E027, E014, E039, E013, E049, E044, E005",22,M040,Singer,B2000,No
2023-10-21,Night,Jeans,549,"E002, E002, E023, E027, E014, E039, E013, E049, E044, E005",22,M041,Juki,S1000,No
2023-10-21,Night,Jeans,549,"E002, E002, E023, E027, E014, E039, E013, E049, E044, E005",22,M042,Singer,J3000,Yes
2023-10-21,Night,Jeans,549,"E002, E002, E023, E027, E014, E039, E013, E049, E044, E005",22,M043,Brother,B2000,No
2023-10-21,Night,Jeans,549,"E002, E002, E023, E027, E014, E039, E013, E049, E044, E005",22,M044,Juki,S1000,Yes
2023-10-21,Night,Jeans,549,"E002, E002, E023, E027, E014, E039, E013, E049, E044, E005",22,M045,Juki,B2000,No
2023-10-21,Night,Jeans,549,"E002, E002, E023, E027, E014, E039, E013, E049, E044, E005",22,M046,Brother,B2000,No
2023-10-21,Night,Jeans,549,"E002, E002, E023, E027, E014, E039, E013, E049, E044, E005",22,M047,Brother,B2000,No
2023-10-21,Night,Jeans,549,"E002, E002, E023, E027, E014, E039, E013, E049, E044, E005",22,M048,Singer,B2000,No
2023-10-21,Night,Jeans,549,"E002, E002, E023, E027, E014, E039, E013, E049, E044, E005",22,M049,Brother,B2000,No
2023-10-21,Night,Jeans,549,"E002, E002, E023, E027, E014, E039, E013, E049, E044, E005",22,M050,Singer,B2000,No
2023-10-22,Day,T-Shirt,333,"E046, E022, E050, E010, E020, E004, E034, E041, E002, E049",7,M001,Brother,B2000,No
2023-10-22,Day,T-Shirt,333,"E046, E022, E050, E010, E020, E004, E034, E041, E002, E049",7,M002,Singer,J3000,Yes
2023-10-22,Day,T-Shirt,333,"E046, E022, E050, E010, E020, E004, E034, E041, E002, E049",7,M003,Singer,B2000,No
2023-10-22,Day,T-Shirt,333,"E046, E022, E050, E010, E020, E004, E034, E041, E002, E049",7,M004,Brother,S1000,No
2023-10-22,Day,T-Shirt,333,"E046, E022, E050, E010, E020, E004, E034, E041, E002, E049",7,M005,Singer,J3000,Yes
2023-10-22,Day,T-Shirt,333,"E046, E022, E050, E010, E020, E004, E034, E041, E002, E049",7,M006,Juki,S1000,No
2023-10-22,Day,T-Shirt,333,"E046, E022, E050, E010, E020, E004, E034, E041, E002, E049",7,M007,Brother,B2000,No
2023-10-22,Day,T-Shirt,333,"E046, E022, E050, E010, E020, E004, E034, E041, E002, E049",7,M008,Singer,J3000,Yes
2023-10-22,Day,T-Shirt,333,"E046, E022, E050, E010, E020, E004, E034, E041, E002, E049",7,M009,Brother,B2000,No
2023-10-22,Day,T-Shirt,333,"E046, E022, E050, E010, E020, E004, E034, E041, E002, E049",7,M010,Juki,B2000,No
2023-10-22,Day,T-Shirt,333,"E046, E022, E050, E010, E020, E004, E034, E041, E002, E049",7,M011,Singer,J3000,No
2023-10-22,Day,T-Shirt,333,"E046, E022, E050, E010, E020, E004, E034, E041, E002, E049",7,M012,Brother,B2000,No
2023-10-22,Day,T-Shirt,333,"E046, E022, E050, E010, E020, E004, E034, E041, E002, E049",7,M013,Brother,J3000,No
2023-10-22,Day,T-Shirt,333,"E046, E022, E050, E010, E020, E004, E034, E041, E002, E049",7,M014,Singer,J3000,No
2023-10-22,Day,T-Shirt,333,"E046, E022, E050, E010, E020, E004, E034, E041, E002, E049",7,M015,Singer,J3000,No
2023-10-22,Day,T-Shirt,333,"E046, E022, E050, E010, E020, E004, E034, E041, E002, E049",7,M016,Juki,J3000,No
2023-10-22,Day,T-Shirt,333,"E046, E022, E050, E010, E020, E004, E034, E041, E002, E049",7,M017,Juki,B2000,Yes
2023-10-22,Day,T-Shirt,333,"E046, E022, E050, E010, E020, E004, E034, E041, E002, E049",7,M018,Brother,J3000,No
2023-10-22,Day,T-Shirt,333,"E046, E022, E050, E010, E020, E004, E034, E041, E002, E049",7,M019,Brother,S1000,No
2023-10-22,Day,T-Shirt,333,"E046, E022, E050, E010, E020, E004, E034, E041, E002, E049",7,M020,Singer,J3000,No
2023-10-22,Day,T-Shirt,333,"E046, E022, E050, E010, E020, E004, E034, E041, E002, E049",7,M021,Juki,S1000,No
2023-10-22,Day,T-Shirt,333,"E046, E022, E050, E010, E020, E004, E034, E041, E002, E049",7,M022,Juki,J3000,Yes
2023-10-22,Day,T-Shirt,333,"E046, E022, E050, E010, E020, E004, E034, E041, E002, E049",7,M023,Singer,S1000,Yes
2023-10-22,Day,T-Shirt,333,"E046, E022, E050, E010, E020, E004, E034, E041, E002, E049",7,M024,Singer,B2000,Yes
2023-10-22,Day,T-Shirt,333,"E046, E022, E050, E010, E020, E004, E034, E041, E002, E049",7,M025,Brother,S1000,No
2023-10-22,Day,T-Shirt,333,"E046, E022, E050, E010, E020, E004, E034, E041, E002, E049",7,M026,Brother,B2000,No
2023-10-22,Day,T-Shirt,333,"E046, E022, E050, E010, E020, E004, E034, E041, E002, E049",7,M027,Singer,B2000,No
2023-10-22,Day,T-Shirt,333,"E046, E022, E050, E010, E020, E004, E034, E041, E002, E049",7,M028,Juki,S1000,No
2023-10-22,Day,T-Shirt,333,"E046, E022, E050, E010, E020, E004, E034, E041, E002, E049",7,M029,Singer,J3000,No
2023-10-22,Day,T-Shirt,333,"E046, E022, E050, E010, E020, E004, E034, E041, E002, E049",7,M030,Brother,B2000,No
2023-10-22,Day,T-Shirt,333,"E046, E022, E050, E010, E020, E004, E034, E041, E002, E049",7,M031,Juki,B2000,No
2023-10-22,Day,T-Shirt,333,"E046, E022, E050, E010, E020, E004, E034, E041, E002, E049",7,M032,Juki,S1000,No
2023-10-22,Day,T-Shirt,333,"E046, E022, E050, E010, E020, E004, E034, E041, E002, E049",7,M033,Brother,S1000,No
2023-10-22,Day,T-Shirt,333,"E046, E022, E050, E010, E020, E004, E034, E041, E002, E049",7,M034,Brother,S1000,No
2023-10-22,Day,T-Shirt,333,"E046, E022, E050, E010, E020, E004, E034, E041, E002, E049",7,M035,Juki,S1000,No
2023-10-22,Day,T-Shirt,333,"E046, E022, E050, E010, E020, E004, E034, E041, E002, E049",7,M036,Juki,J3000,No
2023-10-22,Day,T-Shirt,333,"E046, E022, E050, E010, E020, E004, E034, E041, E002, E049",7,M037,Singer,J3000,No
2023-10-22,Day,T-Shirt,333,"E046, E022, E050, E010, E020, E004, E034, E041, E002, E049",7,M038,Brother,S1000,No
2023-10-22,Day,T-Shirt,333,"E046, E022, E050, E010, E020, E004, E034, E041, E002, E049",7,M039,Singer,S1000,No
2023-10-22,Day,T-Shirt,333,"E046, E022, E050, E010, E020, E004, E034, E041, E002, E049",7,M040,Singer,J3000,No
2023-10-22,Day,T-Shirt,333,"E046, E022, E050, E010, E020, E004, E034, E041, E002, E049",7,M041,Singer,S1000,No
2023-10-22,Day,T-Shirt,333,"E046, E022, E050, E010, E020, E004, E034, E041, E002, E049",7,M042,Juki,J3000,Yes
2023-10-22,Day,T-Shirt,333,"E046, E022, E050, E010, E020, E004, E034, E041, E002, E049",7,M043,Singer,B2000,No
2023-10-22,Day,T-Shirt,333,"E046, E022, E050, E010, E020, E004, E034, E041, E002, E049",7,M044,Brother,J3000,No
2023-10-22,Day,T-Shirt,333,"E046, E022, E050, E010, E020, E004, E034, E041, E002, E049",7,M045,Singer,S1000,No
2023-10-22,Day,T-Shirt,333,"E046, E022, E050, E010, E020, E004, E034, E041, E002, E049",7,M046,Juki,S1000,No
2023-10-22,Day,T-Shirt,333,"E046, E022, E050, E010, E020, E004, E034, E041, E002, E049",7,M047,Juki,S1000,No
2023-10-22,Day,T-Shirt,333,"E046, E022, E050, E010, E020, E004, E034, E041, E002, E049",7,M048,Brother,J3000,No
2023-10-22,Day,T-Shirt,333,"E046, E022, E050, E010, E020, E004, E034, E041, E002, E049",7,M049,Juki,J3000,No
2023-10-22,Day,T-Shirt,333,"E046, E022, E050, E010, E020, E004, E034, E041, E002, E049",7,M050,Juki,S1000,No
2023-10-22,Night,Jacket,655,"E008, E031, E010, E032, E029, E029, E005, E032, E030, E008",12,M001,Juki,J3000,No
2023-10-22,Night,Jacket,655,"E008, E031, E010, E032, E029, E029, E005, E032, E030, E008",12,M002,Brother,J3000,No
2023-10-22,Night,Jacket,655,"E008, E031, E010, E032, E029, E029, E005, E032, E030, E008",12,M003,Brother,B2000,No
2023-10-22,Night,Jacket,655,"E008, E031, E010, E032, E029, E029, E005, E032, E030, E008",12,M004,Juki,J3000,No
2023-10-22,Night,Jacket,655,"E008, E031, E010, E032, E029, E029, E005, E032, E030, E008",12,M005,Brother,J3000,Yes
2023-10-22,Night,Jacket,655,"E008, E031, E010, E032, E029, E029, E005, E032, E030, E008",12,M006,Brother,J3000,No
2023-10-22,Night,Jacket,655,"E008, E031, E010, E032, E029, E029, E005, E032, E030, E008",12,M007,Juki,J3000,Yes
2023-10-22,Night,Jacket,655,"E008, E031, E010, E032, E029, E029, E005, E032, E030, E008",12,M008,Brother,S1000,No
2023-10-22,Night,Jacket,655,"E008, E031, E010, E032, E029, E029, E005, E032, E030, E008",12,M009,Singer,J3000,No
2023-10-22,Night,Jacket,655,"E008, E031, E010, E032, E029, E029, E005, E032, E030, E008",12,M010,Brother,J3000,No
2023-10-22,Night,Jacket,655,"E008, E031, E010, E032, E029, E029, E005, E032, E030, E008",12,M011,Juki,J3000,No
2023-10-22,Night,Jacket,655,"E008, E031, E010, E032, E029, E029, E005, E032, E030, E008",12,M012,Singer,S1000,Yes
2023-10-22,Night,Jacket,655,"E008, E031, E010, E032, E029, E029, E005, E032, E030, E008",12,M013,Juki,B2000,No
2023-10-22,Night,Jacket,655,"E008, E031, E010, E032, E029, E029, E005, E032, E030, E008",12,M014,Singer,S1000,Yes
2023-10-22,Night,Jacket,655,"E008, E031, E010, E032, E029, E029, E005, E032, E030, E008",12,M015,Brother,J3000,No
2023-10-22,Night,Jacket,655,"E008, E031, E010, E032, E029, E029, E005, E032, E030, E008",12,M016,Juki,B2000,No
2023-10-22,Night,Jacket,655,"E008, E031, E010, E032, E029, E029, E005, E032, E030, E008",12,M017,Juki,S1000,No
2023-10-22,Night,Jacket,655,"E008, E031, E010, E032, E029, E029, E005, E032, E030, E008",12,M018,Juki,B2000,No
2023-10-22,Night,Jacket,655,"E008, E031, E010, E032, E029, E029, E005, E032, E030, E008",12,M019,Brother,S1000,No
2023-10-22,Night,Jacket,655,"E008, E031, E010, E032, E029, E029, E005, E032, E030, E008",12,M020,Singer,S1000,No
2023-10-22,Night,Jacket,655,"E008, E031, E010, E032, E029, E029, E005, E032, E030, E008",12,M021,Singer,S1000,No
2023-10-22,Night,Jacket,655,"E008, E031, E010, E032, E029, E029, E005, E032, E030, E008",12,M022,Brother,B2000,No
2023-10-22,Night,Jacket,655,"E008, E031, E010, E032, E029, E029, E005, E032, E030, E008",12,M023,Singer,S1000,No
2023-10-22,Night,Jacket,655,"E008, E031, E010, E032, E029, E029, E005, E032, E030, E008",12,M024,Brother,J3000,No
2023-10-22,Night,Jacket,655,"E008, E031, E010, E032, E029, E029, E005, E032, E030, E008",12,M025,Singer,S1000,Yes
2023-10-22,Night,Jacket,655,"E008, E031, E010, E032, E029, E029, E005, E032, E030, E008",12,M026,Singer,J3000,No
2023-10-22,Night,Jacket,655,"E008, E031, E010, E032, E029, E029, E005, E032, E030, E008",12,M027,Singer,S1000,No
2023-10-22,Night,Jacket,655,"E008, E031, E010, E032, E029, E029, E005, E032, E030, E008",12,M028,Brother,B2000,Yes
2023-10-22,Night,Jacket,655,"E008, E031, E010, E032, E029, E029, E005, E032, E030, E008",12,M029,Juki,B2000,No
2023-10-22,Night,Jacket,655,"E008, E031, E010, E032, E029, E029, E005, E032, E030, E008",12,M030,Brother,B2000,No
2023-10-22,Night,Jacket,655,"E008, E031, E010, E032, E029, E029, E005, E032, E030, E008",12,M031,Singer,J3000,No
2023-10-22,Night,Jacket,655,"E008, E031, E010, E032, E029, E029, E005, E032, E030, E008",12,M032,Singer,J3000,No
2023-10-22,Night,Jacket,655,"E008, E031, E010, E032, E029, E029, E005, E032, E030, E008",12,M033,Brother,S1000,No
2023-10-22,Night,Jacket,655,"E008, E031, E010, E032, E029, E029, E005, E032, E030, E008",12,M034,Singer,B2000,No
2023-10-22,Night,Jacket,655,"E008, E031, E010, E032, E029, E029, E005, E032, E030, E008",12,M035,Brother,S1000,No
2023-10-22,Night,Jacket,655,"E008, E031, E010, E032, E029, E029, E005, E032, E030, E008",12,M036,Juki,S1000,No
2023-10-22,Night,Jacket,655,"E008, E031, E010, E032, E029, E029, E005, E032, E030, E008",12,M037,Juki,J3000,No
2023-10-22,Night,Jacket,655,"E008, E031, E010, E032, E029, E029, E005, E032, E030, E008",12,M038,Singer,B2000,No
2023-10-22,Night,Jacket,655,"E008, E031, E010, E032, E029, E029, E005, E032, E030, E008",12,M039,Juki,B2000,No
2023-10-22,Night,Jacket,655,"E008, E031, E010, E032, E029, E029, E005, E032, E030, E008",12,M040,Juki,B2000,Yes
2023-10-22,Night,Jacket,655,"E008, E031, E010, E032, E029, E029, E005, E032, E030, E008",12,M041,Singer,S1000,No
2023-10-22,Night,Jacket,655,"E008, E031, E010, E032, E029, E029, E005, E032, E030, E008",12,M042,Singer,B2000,No
2023-10-22,Night,Jacket,655,"E008, E031, E010, E032, E029, E029, E005, E032, E030, E008",12,M043,Singer,S1000,No
2023-10-22,Night,Jacket,655,"E008, E031, E010, E032, E029, E029, E005, E032, E030, E008",12,M044,Brother,S1000,No
2023-10-22,Night,Jacket,655,"E008, E031, E010, E032, E029, E029, E005, E032, E030, E008",12,M045,Juki,B2000,Yes
2023-10-22,Night,Jacket,655,"E008, E031, E010, E032, E029, E029, E005, E032, E030, E008",12,M046,Brother,J3000,No
2023-10-22,Night,Jacket,655,"E008, E031, E010, E032, E029, E029, E005, E032, E030, E008",12,M047,Juki,B2000,No
2023-10-22,Night,Jacket,655,"E008, E031, E010, E032, E029, E029, E005, E032, E030, E008",12,M048,Singer,S1000,No
2023-10-22,Night,Jacket,655,"E008, E031, E010, E032, E029, E029, E005, E032, E030, E008",12,M049,Juki,J3000,No
2023-10-22,Night,Jacket,655,"E008, E031, E010, E032, E029, E029, E005, E032, E030, E008",12,M050,Brother,S1000,Yes
2023-10-23,Day,Dress,567,"E034, E037, E010, E017, E033, E035, E014, E004, E026, E025",25,M001,Juki,J3000,No
2023-10-23,Day,Dress,567,"E034, E037, E010, E017, E033, E035, E014, E004, E026, E025",25,M002,Brother,B2000,No
2023-10-23,Day,Dress,567,"E034, E037, E010, E017, E033, E035, E014, E004, E026, E025",25,M003,Brother,S1000,No
2023-10-23,Day,Dress,567,"E034, E037, E010, E017, E033, E035, E014, E004, E026, E025",25,M004,Brother,S1000,No
2023-10-23,Day,Dress,567,"E034, E037, E010, E017, E033, E035, E014, E004, E026, E025",25,M005,Singer,B2000,Yes
2023-10-23,Day,Dress,567,"E034, E037, E010, E017, E033, E035, E014, E004, E026, E025",25,M006,Juki,S1000,No
2023-10-23,Day,Dress,567,"E034, E037, E010, E017, E033, E035, E014, E004, E026, E025",25,M007,Singer,J3000,No
2023-10-23,Day,Dress,567,"E034, E037, E010, E017, E033, E035, E014, E004, E026, E025",25,M008,Juki,B2000,Yes
2023-10-23,Day,Dress,567,"E034, E037, E010, E017, E033, E035, E014, E004, E026, E025",25,M009,Juki,B2000,No
2023-10-23,Day,Dress,567,"E034, E037, E010, E017, E033, E035, E014, E004, E026, E025",25,M010,Singer,S1000,No
2023-10-23,Day,Dress,567,"E034, E037, E010, E017, E033, E035, E014, E004, E026, E025",25,M011,Brother,S1000,No
2023-10-23,Day,Dress,567,"E034, E037, E010, E017, E033, E035, E014, E004, E026, E025",25,M012,Singer,J3000,No
2023-10-23,Day,Dress,567,"E034, E037, E010, E017, E033, E035, E014, E004, E026, E025",25,M013,Juki,S1000,No
2023-10-23,Day,Dress,567,"E034, E037, E010, E017, E033, E035, E014, E004, E026, E025",25,M014,Brother,J3000,No
2023-10-23,Day,Dress,567,"E034, E037, E010, E017, E033, E035, E014, E004, E026, E025",25,M015,Brother,B2000,No
2023-10-23,Day,Dress,567,"E034, E037, E010, E017, E033, E035, E014, E004, E026, E025",25,M016,Brother,B2000,No
2023-10-23,Day,Dress,567,"E034, E037, E010, E017, E033, E035, E014, E004, E026, E025",25,M017,Singer,S1000,No
2023-10-23,Day,Dress,567,"E034, E037, E010, E017, E033, E035, E014, E004, E026, E025",25,M018,Brother,J3000,Yes
2023-10-23,Day,Dress,567,"E034, E037, E010, E017, E033, E035, E014, E004, E026, E025",25,M019,Singer,B2000,No
2023-10-23,Day,Dress,567,"E034, E037, E010, E017, E033, E035, E014, E004, E026, E025",25,M020,Brother,S1000,No
2023-10-23,Day,Dress,567,"E034, E037, E010, E017, E033, E035, E014, E004, E026, E025",25,M021,Singer,J3000,No
2023-10-23,Day,Dress,567,"E034, E037, E010, E017, E033, E035, E014, E004, E026, E025",25,M022,Juki,B2000,Yes
2023-10-23,Day,Dress,567,"E034, E037, E010, E017, E033, E035, E014, E004, E026, E025",25,M023,Brother,S1000,No
2023-10-23,Day,Dress,567,"E034, E037, E010, E017, E033, E035, E014, E004, E026, E025",25,M024,Singer,J3000,Yes
2023-10-23,Day,Dress,567,"E034, E037, E010, E017, E033, E035, E014, E004, E026, E025",25,M025,Brother,B2000,No
2023-10-23,Day,Dress,567,"E034, E037, E010, E017, E033, E035, E014, E004, E026, E025",25,M026,Juki,J3000,No
2023-10-23,Day,Dress,567,"E034, E037, E010, E017, E033, E035, E014, E004, E026, E025",25,M027,Brother,J3000,No
2023-10-23,Day,Dress,567,"E034, E037, E010, E017, E033, E035, E014, E004, E026, E025",25,M028,Singer,J3000,No
2023-10-23,Day,Dress,567,"E034, E037, E010, E017, E033, E035, E014, E004, E026, E025",25,M029,Singer,S1000,No
2023-10-23,Day,Dress,567,"E034, E037, E010, E017, E033, E035, E014, E004, E026, E025",25,M030,Juki,S1000,No
2023-10-23,Day,Dress,567,"E034, E037, E010, E017, E033, E035, E014, E004, E026, E025",25,M031,Juki,J3000,No
2023-10-23,Day,Dress,567,"E034, E037, E010, E017, E033, E035, E014, E004, E026, E025",25,M032,Singer,B2000,No
2023-10-23,Day,Dress,567,"E034, E037, E010, E017, E033, E035, E014, E004, E026, E025",25,M033,Juki,S1000,No
2023-10-23,Day,Dress,567,"E034, E037, E010, E017, E033, E035, E014, E004, E026, E025",25,M034,Juki,S1000,No
2023-10-23,Day,Dress,567,"E034, E037, E010, E017, E033, E035, E014, E004, E026, E025",25,M035,Juki,J3000,No
2023-10-23,Day,Dress,567,"E034, E037, E010, E017, E033, E035, E014, E004, E026, E025",25,M036,Juki,S1000,No
2023-10-23,Day,Dress,567,"E034, E037, E010, E017, E033, E035, E014, E004, E026, E025",25,M037,Brother,J3000,No
2023-10-23,Day,Dress,567,"E034, E037, E010, E017, E033, E035, E014, E004, E026, E025",25,M038,Singer,J3000,No
2023-10-23,Day,Dress,567,"E034, E037, E010, E017, E033, E035, E014, E004, E026, E025",25,M039,Juki,S1000,Yes
2023-10-23,Day,Dress,567,"E034, E037, E010, E017, E033, E035, E014, E004, E026, E025",25,M040,Juki,J3000,No
2023-10-23,Day,Dress,567,"E034, E037, E010, E017, E033, E035, E014, E004, E026, E025",25,M041,Juki,B2000,Yes
2023-10-23,Day,Dress,567,"E034, E037, E010, E017, E033, E035, E014, E004, E026, E025",25,M042,Juki,J3000,No
2023-10-23,Day,Dress,567,"E034, E037, E010, E017, E033, E035, E014, E004, E026, E025",25,M043,Brother,S1000,No
2023-10-23,Day,Dress,567,"E034, E037, E010, E017, E033, E035, E014, E004, E026, E025",25,M044,Juki,S1000,No
2023-10-23,Day,Dress,567,"E034, E037, E010, E017, E033, E035, E014, E004, E026, E025",25,M045,Brother,S1000,No
2023-10-23,Day,Dress,567,"E034, E037, E010, E017, E033, E035, E014, E004, E026, E025",25,M046,Juki,B2000,No
2023-10-23,Day,Dress,567,"E034, E037, E010, E017, E033, E035, E014, E004, E026, E025",25,M047,Singer,J3000,No
2023-10-23,Day,Dress,567,"E034, E037, E010, E017, E033, E035, E014, E004, E026, E025",25,M048,Brother,J3000,No
2023-10-23,Day,Dress,567,"E034, E037, E010, E017, E033, E035, E014, E004, E026, E025",25,M049,Brother,B2000,No
2023-10-23,Day,Dress,567,"E034, E037, E010, E017, E033, E035, E014, E004, E026, E025",25,M050,Juki,S1000,Yes
2023-10-23,Night,Jeans,542,"E013, E050, E026, E016, E024, E020, E044, E024, E048, E004",25,M001,Singer,S1000,Yes
2023-10-23,Night,Jeans,542,"E013, E050, E026, E016, E024, E020, E044, E024, E048, E004",25,M002,Brother,B2000,No
2023-10-23,Night,Jeans,542,"E013, E050, E026, E016, E024, E020, E044, E024, E048, E004",25,M003,Juki,S1000,No
2023-10-23,Night,Jeans,542,"E013, E050, E026, E016, E024, E020, E044, E024, E048, E004",25,M004,Brother,J3000,No
2023-10-23,Night,Jeans,542,"E013, E050, E026, E016, E024, E020, E044, E024, E048, E004",25,M005,Juki,S1000,No
2023-10-23,Night,Jeans,542,"E013, E050, E026, E016, E024, E020, E044, E024, E048, E004",25,M006,Singer,S1000,No
2023-10-23,Night,Jeans,542,"E013, E050, E026, E016, E024, E020, E044, E024, E048, E004",25,M007,Juki,B2000,Yes
2023-10-23,Night,Jeans,542,"E013, E050, E026, E016, E024, E020, E044, E024, E048, E004",25,M008,Brother,S1000,Yes
2023-10-23,Night,Jeans,542,"E013, E050, E026, E016, E024, E020, E044, E024, E048, E004",25,M009,Brother,J3000,No
2023-10-23,Night,Jeans,542,"E013, E050, E026, E016, E024, E020, E044, E024, E048, E004",25,M010,Singer,B2000,No
2023-10-23,Night,Jeans,542,"E013, E050, E026, E016, E024, E020, E044, E024, E048, E004",25,M011,Juki,J3000,No
2023-10-23,Night,Jeans,542,"E013, E050, E026, E016, E024, E020, E044, E024, E048, E004",25,M012,Singer,S1000,No
2023-10-23,Night,Jeans,542,"E013, E050, E026, E016, E024, E020, E044, E024, E048, E004",25,M013,Brother,B2000,Yes
2023-10-23,Night,Jeans,542,"E013, E050, E026, E016, E024, E020, E044, E024, E048, E004",25,M014,Singer,S1000,No
2023-10-23,Night,Jeans,542,"E013, E050, E026, E016, E024, E020, E044, E024, E048, E004",25,M015,Juki,S1000,No
2023-10-23,Night,Jeans,542,"E013, E050, E026, E016, E024, E020, E044, E024, E048, E004",25,M016,Singer,S1000,No
2023-10-23,Night,Jeans,542,"E013, E050, E026, E016, E024, E020, E044, E024, E048, E004",25,M017,Singer,J3000,No
2023-10-23,Night,Jeans,542,"E013, E050, E026, E016, E024, E020, E044, E024, E048, E004",25,M018,Brother,B2000,No
2023-10-23,Night,Jeans,542,"E013, E050, E026, E016, E024, E020, E044, E024, E048, E004",25,M019,Singer,S1000,No
2023-10-23,Night,Jeans,542,"E013, E050, E026, E016, E024, E020, E044, E024, E048, E004",25,M020,Brother,B2000,No
2023-10-23,Night,Jeans,542,"E013, E050, E026, E016, E024, E020, E044, E024, E048, E004",25,M021,Juki,J3000,No
2023-10-23,Night,Jeans,542,"E013, E050, E026, E016, E024, E020, E044, E024, E048, E004",25,M022,Singer,J3000,No
2023-10-23,Night,Jeans,542,"E013, E050, E026, E016, E024, E020, E044, E024, E048, E004",25,M023,Brother,J3000,No
2023-10-23,Night,Jeans,542,"E013, E050, E026, E016, E024, E020, E044, E024, E048, E004",25,M024,Singer,S1000,No
2023-10-23,Night,Jeans,542,"E013, E050, E026, E016, E024, E020, E044, E024, E048, E004",25,M025,Brother,J3000,No
2023-10-23,Night,Jeans,542,"E013, E050, E026, E016, E024, E020, E044, E024, E048, E004",25,M026,Brother,B2000,No
2023-10-23,Night,Jeans,542,"E013, E050, E026, E016, E024, E020, E044, E024, E048, E004",25,M027,Singer,S1000,No
2023-10-23,Night,Jeans,542,"E013, E050, E026, E016, E024, E020, E044, E024, E048, E004",25,M028,Juki,S1000,Yes
2023-10-23,Night,Jeans,542,"E013, E050, E026, E016, E024, E020, E044, E024, E048, E004",25,M029,Brother,J3000,No
2023-10-23,Night,Jeans,542,"E013, E050, E026, E016, E024, E020, E044, E024, E048, E004",25,M030,Singer,J3000,No
2023-10-23,Night,Jeans,542,"E013, E050, E026, E016, E024, E020, E044, E024, E048, E004",25,M031,Juki,B2000,No
2023-10-23,Night,Jeans,542,"E013, E050, E026, E016, E024, E020, E044, E024, E048, E004",25,M032,Singer,S1000,No
2023-10-23,Night,Jeans,542,"E013, E050, E026, E016, E024, E020, E044, E024, E048, E004",25,M033,Singer,J3000,Yes
2023-10-23,Night,Jeans,542,"E013, E050, E026, E016, E024, E020, E044, E024, E048, E004",25,M034,Juki,J3000,No
2023-10-23,Night,Jeans,542,"E013, E050, E026, E016, E024, E020, E044, E024, E048, E004",25,M035,Juki,J3000,No
2023-10-23,Night,Jeans,542,"E013, E050, E026, E016, E024, E020, E044, E024, E048, E004",25,M036,Singer,J3000,No
2023-10-23,Night,Jeans,542,"E013, E050, E026, E016, E024, E020, E044, E024, E048, E004",25,M037,Brother,J3000,Yes
2023-10-23,Night,Jeans,542,"E013, E050, E026, E016, E024, E020, E044, E024, E048, E004",25,M038,Juki,B2000,No
2023-10-23,Night,Jeans,542,"E013, E050, E026, E016, E024, E020, E044, E024, E048, E004",25,M039,Singer,B2000,No
2023-10-23,Night,Jeans,542,"E013, E050, E026, E016, E024, E020, E044, E024, E048, E004",25,M040,Singer,J3000,No
2023-10-23,Night,Jeans,542,"E013, E050, E026, E016, E024, E020, E044, E024, E048, E004",25,M041,Juki,S1000,No
2023-10-23,Night,Jeans,542,"E013, E050, E026, E016, E024, E020, E044, E024, E048, E004",25,M042,Juki,B2000,No
2023-10-23,Night,Jeans,542,"E013, E050, E026, E016, E024, E020, E044, E024, E048, E004",25,M043,Brother,B2000,Yes
2023-10-23,Night,Jeans,542,"E013, E050, E026, E016, E024, E020, E044, E024, E048, E004",25,M044,Singer,B2000,No
2023-10-23,Night,Jeans,542,"E013, E050, E026, E016, E024, E020, E044, E024, E048, E004",25,M045,Singer,S1000,No
2023-10-23,Night,Jeans,542,"E013, E050, E026, E016, E024, E020, E044, E024, E048, E004",25,M046,Singer,J3000,Yes
2023-10-23,Night,Jeans,542,"E013, E050, E026, E016, E024, E020, E044, E024, E048, E004",25,M047,Singer,J3000,Yes
2023-10-23,Night,Jeans,542,"E013, E050, E026, E016, E024, E020, E044, E024, E048, E004",25,M048,Brother,B2000,No
2023-10-23,Night,Jeans,542,"E013, E050, E026, E016, E024, E020, E044, E024, E048, E004",25,M049,Singer,S1000,No
2023-10-23,Night,Jeans,542,"E013, E050, E026, E016, E024, E020, E044, E024, E048, E004",25,M050,Juki,B2000,No
2023-10-24,Day,Dress,458,"E033, E028, E030, E014, E003, E047, E037, E045, E007, E005",25,M001,Juki,J3000,No
2023-10-24,Day,Dress,458,"E033, E028, E030, E014, E003, E047, E037, E045, E007, E005",25,M002,Brother,B2000,No
2023-10-24,Day,Dress,458,"E033, E028, E030, E014, E003, E047, E037, E045, E007, E005",25,M003,Brother,J3000,No
2023-10-24,Day,Dress,458,"E033, E028, E030, E014, E003, E047, E037, E045, E007, E005",25,M004,Singer,J3000,No
2023-10-24,Day,Dress,458,"E033, E028, E030, E014, E003, E047, E037, E045, E007, E005",25,M005,Juki,J3000,No
2023-10-24,Day,Dress,458,"E033, E028, E030, E014, E003, E047, E037, E045, E007, E005",25,M006,Singer,B2000,No
2023-10-24,Day,Dress,458,"E033, E028, E030, E014, E003, E047, E037, E045, E007, E005",25,M007,Brother,S1000,No
2023-10-24,Day,Dress,458,"E033, E028, E030, E014, E003, E047, E037, E045, E007, E005",25,M008,Singer,J3000,Yes
2023-10-24,Day,Dress,458,"E033, E028, E030, E014, E003, E047, E037, E045, E007, E005",25,M009,Singer,J3000,No
2023-10-24,Day,Dress,458,"E033, E028, E030, E014, E003, E047, E037, E045, E007, E005",25,M010,Brother,B2000,No
2023-10-24,Day,Dress,458,"E033, E028, E030, E014, E003, E047, E037, E045, E007, E005",25,M011,Singer,B2000,Yes
2023-10-24,Day,Dress,458,"E033, E028, E030, E014, E003, E047, E037, E045, E007, E005",25,M012,Juki,S1000,No
2023-10-24,Day,Dress,458,"E033, E028, E030, E014, E003, E047, E037, E045, E007, E005",25,M013,Singer,J3000,No
2023-10-24,Day,Dress,458,"E033, E028, E030, E014, E003, E047, E037, E045, E007, E005",25,M014,Singer,J3000,No
2023-10-24,Day,Dress,458,"E033, E028, E030, E014, E003, E047, E037, E045, E007, E005",25,M015,Juki,B2000,No
2023-10-24,Day,Dress,458,"E033, E028, E030, E014, E003, E047, E037, E045, E007, E005",25,M016,Brother,B2000,No
2023-10-24,Day,Dress,458,"E033, E028, E030, E014, E003, E047, E037, E045, E007, E005",25,M017,Singer,J3000,No
2023-10-24,Day,Dress,458,"E033, E028, E030, E014, E003, E047, E037, E045, E007, E005",25,M018,Singer,S1000,No
2023-10-24,Day,Dress,458,"E033, E028, E030, E014, E003, E047, E037, E045, E007, E005",25,M019,Singer,S1000,Yes
2023-10-24,Day,Dress,458,"E033, E028, E030, E014, E003, E047, E037, E045, E007, E005",25,M020,Brother,S1000,No
2023-10-24,Day,Dress,458,"E033, E028, E030, E014, E003, E047, E037, E045, E007, E005",25,M021,Juki,B2000,No
2023-10-24,Day,Dress,458,"E033, E028, E030, E014, E003, E047, E037, E045, E007, E005",25,M022,Juki,S1000,No
2023-10-24,Day,Dress,458,"E033, E028, E030, E014, E003, E047, E037, E045, E007, E005",25,M023,Singer,J3000,No
2023-10-24,Day,Dress,458,"E033, E028, E030, E014, E003, E047, E037, E045, E007, E005",25,M024,Singer,J3000,No
2023-10-24,Day,Dress,458,"E033, E028, E030, E014, E003, E047, E037, E045, E007, E005",25,M025,Singer,J3000,No
2023-10-24,Day,Dress,458,"E033, E028, E030, E014, E003, E047, E037, E045, E007, E005",25,M026,Singer,S1000,No
2023-10-24,Day,Dress,458,"E033, E028, E030, E014, E003, E047, E037, E045, E007, E005",25,M027,Juki,B2000,No
2023-10-24,Day,Dress,458,"E033, E028, E030, E014, E003, E047, E037, E045, E007, E005",25,M028,Juki,S1000,No
2023-10-24,Day,Dress,458,"E033, E028, E030, E014, E003, E047, E037, E045, E007, E005",25,M029,Juki,J3000,No
2023-10-24,Day,Dress,458,"E033, E028, E030, E014, E003, E047, E037, E045, E007, E005",25,M030,Brother,J3000,No
2023-10-24,Day,Dress,458,"E033, E028, E030, E014, E003, E047, E037, E045, E007, E005",25,M031,Singer,S1000,Yes
2023-10-24,Day,Dress,458,"E033, E028, E030, E014, E003, E047, E037, E045, E007, E005",25,M032,Juki,B2000,No
2023-10-24,Day,Dress,458,"E033, E028, E030, E014, E003, E047, E037, E045, E007, E005",25,M033,Juki,J3000,Yes
2023-10-24,Day,Dress,458,"E033, E028, E030, E014, E003, E047, E037, E045, E007, E005",25,M034,Juki,J3000,No
2023-10-24,Day,Dress,458,"E033, E028, E030, E014, E003, E047, E037, E045, E007, E005",25,M035,Brother,S1000,No
2023-10-24,Day,Dress,458,"E033, E028, E030, E014, E003, E047, E037, E045, E007, E005",25,M036,Singer,J3000,No
2023-10-24,Day,Dress,458,"E033, E028, E030, E014, E003, E047, E037, E045, E007, E005",25,M037,Brother,B2000,No
2023-10-24,Day,Dress,458,"E033, E028, E030, E014, E003, E047, E037, E045, E007, E005",25,M038,Juki,S1000,No
2023-10-24,Day,Dress,458,"E033, E028, E030, E014, E003, E047, E037, E045, E007, E005",25,M039,Singer,B2000,No
2023-10-24,Day,Dress,458,"E033, E028, E030, E014, E003, E047, E037, E045, E007, E005",25,M040,Brother,S1000,Yes
2023-10-24,Day,Dress,458,"E033, E028, E030, E014, E003, E047, E037, E045, E007, E005",25,M041,Singer,S1000,Yes
2023-10-24,Day,Dress,458,"E033, E028, E030, E014, E003, E047, E037, E045, E007, E005",25,M042,Brother,S1000,No
2023-10-24,Day,Dress,458,"E033, E028, E030, E014, E003, E047, E037, E045, E007, E005",25,M043,Brother,J3000,No
2023-10-24,Day,Dress,458,"E033, E028, E030, E014, E003, E047, E037, E045, E007, E005",25,M044,Juki,S1000,Yes
2023-10-24,Day,Dress,458,"E033, E028, E030, E014, E003, E047, E037, E045, E007, E005",25,M045,Brother,B2000,No
2023-10-24,Day,Dress,458,"E033, E028, E030, E014, E003, E047, E037, E045, E007, E005",25,M046,Singer,B2000,No
2023-10-24,Day,Dress,458,"E033, E028, E030, E014, E003, E047, E037, E045, E007, E005",25,M047,Brother,J3000,Yes
2023-10-24,Day,Dress,458,"E033, E028, E030, E014, E003, E047, E037, E045, E007, E005",25,M048,Singer,B2000,No
2023-10-24,Day,Dress,458,"E033, E028, E030, E014, E003, E047, E037, E045, E007, E005",25,M049,Juki,B2000,No
2023-10-24,Day,Dress,458,"E033, E028, E030, E014, E003, E047, E037, E045, E007, E005",25,M050,Singer,B2000,No
2023-10-24,Night,Jacket,336,"E027, E025, E038, E038, E011, E016, E004, E003, E041, E041",25,M001,Juki,B2000,No
2023-10-24,Night,Jacket,336,"E027, E025, E038, E038, E011, E016, E004, E003, E041, E041",25,M002,Juki,J3000,No
2023-10-24,Night,Jacket,336,"E027, E025, E038, E038, E011, E016, E004, E003, E041, E041",25,M003,Juki,S1000,No
2023-10-24,Night,Jacket,336,"E027, E025, E038, E038, E011, E016, E004, E003, E041, E041",25,M004,Brother,J3000,No
2023-10-24,Night,Jacket,336,"E027, E025, E038, E038, E011, E016, E004, E003, E041, E041",25,M005,Singer,B2000,No
2023-10-24,Night,Jacket,336,"E027, E025, E038, E038, E011, E016, E004, E003, E041, E041",25,M006,Brother,B2000,Yes
2023-10-24,Night,Jacket,336,"E027, E025, E038, E038, E011, E016, E004, E003, E041, E041",25,M007,Brother,B2000,No
2023-10-24,Night,Jacket,336,"E027, E025, E038, E038, E011, E016, E004, E003, E041, E041",25,M008,Brother,B2000,No
2023-10-24,Night,Jacket,336,"E027, E025, E038, E038, E011, E016, E004, E003, E041, E041",25,M009,Brother,S1000,No
2023-10-24,Night,Jacket,336,"E027, E025, E038, E038, E011, E016, E004, E003, E041, E041",25,M010,Singer,J3000,No
2023-10-24,Night,Jacket,336,"E027, E025, E038, E038, E011, E016, E004, E003, E041, E041",25,M011,Juki,B2000,No
2023-10-24,Night,Jacket,336,"E027, E025, E038, E038, E011, E016, E004, E003, E041, E041",25,M012,Brother,J3000,No
2023-10-24,Night,Jacket,336,"E027, E025, E038, E038, E011, E016, E004, E003, E041, E041",25,M013,Juki,J3000,No
2023-10-24,Night,Jacket,336,"E027, E025, E038, E038, E011, E016, E004, E003, E041, E041",25,M014,Singer,B2000,No
2023-10-24,Night,Jacket,336,"E027, E025, E038, E038, E011, E016, E004, E003, E041, E041",25,M015,Juki,B2000,No
2023-10-24,Night,Jacket,336,"E027, E025, E038, E038, E011, E016, E004, E003, E041, E041",25,M016,Singer,J3000,Yes
2023-10-24,Night,Jacket,336,"E027, E025, E038, E038, E011, E016, E004, E003, E041, E041",25,M017,Singer,B2000,No
2023-10-24,Night,Jacket,336,"E027, E025, E038, E038, E011, E016, E004, E003, E041, E041",25,M018,Juki,J3000,Yes
2023-10-24,Night,Jacket,336,"E027, E025, E038, E038, E011, E016, E004, E003, E041, E041",25,M019,Singer,J3000,No
2023-10-24,Night,Jacket,336,"E027, E025, E038, E038, E011, E016, E004, E003, E041, E041",25,M020,Brother,S1000,No
2023-10-24,Night,Jacket,336,"E027, E025, E038, E038, E011, E016, E004, E003, E041, E041",25,M021,Juki,S1000,No
2023-10-24,Night,Jacket,336,"E027, E025, E038, E038, E011, E016, E004, E003, E041, E041",25,M022,Singer,B2000,No
2023-10-24,Night,Jacket,336,"E027, E025, E038, E038, E011, E016, E004, E003, E041, E041",25,M023,Singer,S1000,No
2023-10-24,Night,Jacket,336,"E027, E025, E038, E038, E011, E016, E004, E003, E041, E041",25,M024,Juki,B2000,Yes
2023-10-24,Night,Jacket,336,"E027, E025, E038, E038, E011, E016, E004, E003, E041, E041",25,M025,Juki,B2000,No
2023-10-24,Night,Jacket,336,"E027, E025, E038, E038, E011, E016, E004, E003, E041, E041",25,M026,Singer,B2000,No
2023-10-24,Night,Jacket,336,"E027, E025, E038, E038, E011, E016, E004, E003, E041, E041",25,M027,Brother,B2000,No
2023-10-24,Night,Jacket,336,"E027, E025, E038, E038, E011, E016, E004, E003, E041, E041",25,M028,Brother,B2000,No
2023-10-24,Night,Jacket,336,"E027, E025, E038, E038, E011, E016, E004, E003, E041, E041",25,M029,Singer,B2000,No
2023-10-24,Night,Jacket,336,"E027, E025, E038, E038, E011, E016, E004, E003, E041, E041",25,M030,Brother,B2000,No
2023-10-24,Night,Jacket,336,"E027, E025, E038, E038, E011, E016, E004, E003, E041, E041",25,M031,Juki,J3000,No
2023-10-24,Night,Jacket,336,"E027, E025, E038, E038, E011, E016, E004, E003, E041, E041",25,M032,Juki,J3000,Yes
2023-10-24,Night,Jacket,336,"E027, E025, E038, E038, E011, E016, E004, E003, E041, E041",25,M033,Singer,B2000,No
2023-10-24,Night,Jacket,336,"E027, E025, E038, E038, E011, E016, E004, E003, E041, E041",25,M034,Brother,J3000,No
2023-10-24,Night,Jacket,336,"E027, E025, E038, E038, E011, E016, E004, E003, E041, E041",25,M035,Brother,J3000,No
2023-10-24,Night,Jacket,336,"E027, E025, E038, E038, E011, E016, E004, E003, E041, E041",25,M036,Brother,B2000,No
2023-10-24,Night,Jacket,336,"E027, E025, E038, E038, E011, E016, E004, E003, E041, E041",25,M037,Juki,B2000,No
2023-10-24,Night,Jacket,336,"E027, E025, E038, E038, E011, E016, E004, E003, E041, E041",25,M038,Singer,B2000,No
2023-10-24,Night,Jacket,336,"E027, E025, E038, E038, E011, E016, E004, E003, E041, E041",25,M039,Juki,S1000,No
2023-10-24,Night,Jacket,336,"E027, E025, E038, E038, E011, E016, E004, E003, E041, E041",25,M040,Brother,S1000,Yes
2023-10-24,Night,Jacket,336,"E027, E025, E038, E038, E011, E016, E004, E003, E041, E041",25,M041,Singer,J3000,Yes
2023-10-24,Night,Jacket,336,"E027, E025, E038, E038, E011, E016, E004, E003, E041, E041",25,M042,Brother,B2000,No
2023-10-24,Night,Jacket,336,"E027, E025, E038, E038, E011, E016, E004, E003, E041, E041",25,M043,Juki,J3000,No
2023-10-24,Night,Jacket,336,"E027, E025, E038, E038, E011, E016, E004, E003, E041, E041",25,M044,Singer,S1000,No
2023-10-24,Night,Jacket,336,"E027, E025, E038, E038, E011, E016, E004, E003, E041, E041",25,M045,Juki,J3000,No
2023-10-24,Night,Jacket,336,"E027, E025, E038, E038, E011, E016, E004, E003, E041, E041",25,M046,Juki,S1000,No
2023-10-24,Night,Jacket,336,"E027, E025, E038, E038, E011, E016, E004, E003, E041, E041",25,M047,Juki,S1000,No
2023-10-24,Night,Jacket,336,"E027, E025, E038, E038, E011, E016, E004, E003, E041, E041",25,M048,Juki,B2000,No
2023-10-24,Night,Jacket,336,"E027, E025, E038, E038, E011, E016, E004, E003, E041, E041",25,M049,Singer,B2000,No
2023-10-24,Night,Jacket,336,"E027, E025, E038, E038, E011, E016, E004, E003, E041, E041",25,M050,Brother,B2000,Yes
2023-10-25,Day,Jeans,373,"E038, E017, E026, E028, E032, E008, E001, E042, E040, E001",24,M001,Singer,B2000,No
2023-10-25,Day,Jeans,373,"E038, E017, E026, E028, E032, E008, E001, E042, E040, E001",24,M002,Singer,S1000,No
2023-10-25,Day,Jeans,373,"E038, E017, E026, E028, E032, E008, E001, E042, E040, E001",24,M003,Juki,J3000,No
2023-10-25,Day,Jeans,373,"E038, E017, E026, E028, E032, E008, E001, E042, E040, E001",24,M004,Juki,S1000,No
2023-10-25,Day,Jeans,373,"E038, E017, E026, E028, E032, E008, E001, E042, E040, E001",24,M005,Juki,J3000,No
2023-10-25,Day,Jeans,373,"E038, E017, E026, E028, E032, E008, E001, E042, E040, E001",24,M006,Juki,J3000,No
2023-10-25,Day,Jeans,373,"E038, E017, E026, E028, E032, E008, E001, E042, E040, E001",24,M007,Juki,B2000,No
2023-10-25,Day,Jeans,373,"E038, E017, E026, E028, E032, E008, E001, E042, E040, E001",24,M008,Brother,S1000,No
2023-10-25,Day,Jeans,373,"E038, E017, E026, E028, E032, E008, E001, E042, E040, E001",24,M009,Singer,S1000,No
2023-10-25,Day,Jeans,373,"E038, E017, E026, E028, E032, E008, E001, E042, E040, E001",24,M010,Brother,S1000,No
2023-10-25,Day,Jeans,373,"E038, E017, E026, E028, E032, E008, E001, E042, E040, E001",24,M011,Juki,J3000,No
2023-10-25,Day,Jeans,373,"E038, E017, E026, E028, E032, E008, E001, E042, E040, E001",24,M012,Juki,S1000,Yes
2023-10-25,Day,Jeans,373,"E038, E017, E026, E028, E032, E008, E001, E042, E040, E001",24,M013,Juki,B2000,Yes
2023-10-25,Day,Jeans,373,"E038, E017, E026, E028, E032, E008, E001, E042, E040, E001",24,M014,Juki,J3000,No
2023-10-25,Day,Jeans,373,"E038, E017, E026, E028, E032, E008, E001, E042, E040, E001",24,M015,Brother,J3000,No
2023-10-25,Day,Jeans,373,"E038, E017, E026, E028, E032, E008, E001, E042, E040, E001",24,M016,Brother,S1000,No
2023-10-25,Day,Jeans,373,"E038, E017, E026, E028, E032, E008, E001, E042, E040, E001",24,M017,Brother,S1000,No
2023-10-25,Day,Jeans,373,"E038, E017, E026, E028, E032, E008, E001, E042, E040, E001",24,M018,Singer,S1000,No
2023-10-25,Day,Jeans,373,"E038, E017, E026, E028, E032, E008, E001, E042, E040, E001",24,M019,Brother,J3000,No
2023-10-25,Day,Jeans,373,"E038, E017, E026, E028, E032, E008, E001, E042, E040, E001",24,M020,Juki,J3000,No
2023-10-25,Day,Jeans,373,"E038, E017, E026, E028, E032, E008, E001, E042, E040, E001",24,M021,Juki,J3000,No
2023-10-25,Day,Jeans,373,"E038, E017, E026, E028, E032, E008, E001, E042, E040, E001",24,M022,Singer,S1000,Yes
2023-10-25,Day,Jeans,373,"E038, E017, E026, E028, E032, E008, E001, E042, E040, E001",24,M023,Juki,B2000,Yes
2023-10-25,Day,Jeans,373,"E038, E017, E026, E028, E032, E008, E001, E042, E040, E001",24,M024,Brother,J3000,No
2023-10-25,Day,Jeans,373,"E038, E017, E026, E028, E032, E008, E001, E042, E040, E001",24,M025,Brother,S1000,No
2023-10-25,Day,Jeans,373,"E038, E017, E026, E028, E032, E008, E001, E042, E040, E001",24,M026,Brother,S1000,No
2023-10-25,Day,Jeans,373,"E038, E017, E026, E028, E032, E008, E001, E042, E040, E001",24,M027,Singer,S1000,No
2023-10-25,Day,Jeans,373,"E038, E017, E026, E028, E032, E008, E001, E042, E040, E001",24,M028,Singer,S1000,No
2023-10-25,Day,Jeans,373,"E038, E017, E026, E028, E032, E008, E001, E042, E040, E001",24,M029,Singer,B2000,Yes
2023-10-25,Day,Jeans,373,"E038, E017, E026, E028, E032, E008, E001, E042, E040, E001",24,M030,Singer,S1000,No
2023-10-25,Day,Jeans,373,"E038, E017, E026, E028, E032, E008, E001, E042, E040, E001",24,M031,Brother,J3000,No
2023-10-25,Day,Jeans,373,"E038, E017, E026, E028, E032, E008, E001, E042, E040, E001",24,M032,Singer,S1000,No
2023-10-25,Day,Jeans,373,"E038, E017, E026, E028, E032, E008, E001, E042, E040, E001",24,M033,Brother,J3000,No
2023-10-25,Day,Jeans,373,"E038, E017, E026, E028, E032, E008, E001, E042, E040, E001",24,M034,Brother,S1000,No
2023-10-25,Day,Jeans,373,"E038, E017, E026, E028, E032, E008, E001, E042, E040, E001",24,M035,Juki,B2000,No
2023-10-25,Day,Jeans,373,"E038, E017, E026, E028, E032, E008, E001, E042, E040, E001",24,M036,Juki,B2000,No
2023-10-25,Day,Jeans,373,"E038, E017, E026, E028, E032, E008, E001, E042, E040, E001",24,M037,Singer,B2000,No
2023-10-25,Day,Jeans,373,"E038, E017, E026, E028, E032, E008, E001, E042, E040, E001",24,M038,Singer,B2000,No
2023-10-25,Day,Jeans,373,"E038, E017, E026, E028, E032, E008, E001, E042, E040, E001",24,M039,Juki,J3000,Yes
2023-10-25,Day,Jeans,373,"E038, E017, E026, E028, E032, E008, E001, E042, E040, E001",24,M040,Singer,B2000,Yes
2023-10-25,Day,Jeans,373,"E038, E017, E026, E028, E032, E008, E001, E042, E040, E001",24,M041,Brother,S1000,No
2023-10-25,Day,Jeans,373,"E038, E017, E026, E028, E032, E008, E001, E042, E040, E001",24,M042,Juki,J3000,No
2023-10-25,Day,Jeans,373,"E038, E017, E026, E028, E032, E008, E001, E042, E040, E001",24,M043,Brother,S1000,No
2023-10-25,Day,Jeans,373,"E038, E017, E026, E028, E032, E008, E001, E042, E040, E001",24,M044,Singer,J3000,No
2023-10-25,Day,Jeans,373,"E038, E017, E026, E028, E032, E008, E001, E042, E040, E001",24,M045,Brother,J3000,No
2023-10-25,Day,Jeans,373,"E038, E017, E026, E028, E032, E008, E001, E042, E040, E001",24,M046,Juki,S1000,No
2023-10-25,Day,Jeans,373,"E038, E017, E026, E028, E032, E008, E001, E042, E040, E001",24,M047,Singer,B2000,No
2023-10-25,Day,Jeans,373,"E038, E017, E026, E028, E032, E008, E001, E042, E040, E001",24,M048,Singer,B2000,Yes
2023-10-25,Day,Jeans,373,"E038, E017, E026, E028, E032, E008, E001, E042, E040, E001",24,M049,Singer,S1000,No
2023-10-25,Day,Jeans,373,"E038, E017, E026, E028, E032, E008, E001, E042, E040, E001",24,M050,Singer,J3000,No
2023-10-25,Night,T-Shirt,652,"E050, E019, E046, E027, E048, E019, E047, E024, E034, E004",16,M001,Brother,S1000,No
2023-10-25,Night,T-Shirt,652,"E050, E019, E046, E027, E048, E019, E047, E024, E034, E004",16,M002,Brother,J3000,No
2023-10-25,Night,T-Shirt,652,"E050, E019, E046, E027, E048, E019, E047, E024, E034, E004",16,M003,Brother,S1000,Yes
2023-10-25,Night,T-Shirt,652,"E050, E019, E046, E027, E048, E019, E047, E024, E034, E004",16,M004,Singer,B2000,No
2023-10-25,Night,T-Shirt,652,"E050, E019, E046, E027, E048, E019, E047, E024, E034, E004",16,M005,Singer,J3000,No
2023-10-25,Night,T-Shirt,652,"E050, E019, E046, E027, E048, E019, E047, E024, E034, E004",16,M006,Singer,B2000,No
2023-10-25,Night,T-Shirt,652,"E050, E019, E046, E027, E048, E019, E047, E024, E034, E004",16,M007,Singer,S1000,No
2023-10-25,Night,T-Shirt,652,"E050, E019, E046, E027, E048, E019, E047, E024, E034, E004",16,M008,Brother,S1000,No
2023-10-25,Night,T-Shirt,652,"E050, E019, E046, E027, E048, E019, E047, E024, E034, E004",16,M009,Brother,B2000,No
2023-10-25,Night,T-Shirt,652,"E050, E019, E046, E027, E048, E019, E047, E024, E034, E004",16,M010,Brother,B2000,No
2023-10-25,Night,T-Shirt,652,"E050, E019, E046, E027, E048, E019, E047, E024, E034, E004",16,M011,Brother,J3000,No
2023-10-25,Night,T-Shirt,652,"E050, E019, E046, E027, E048, E019, E047, E024, E034, E004",16,M012,Juki,S1000,No
2023-10-25,Night,T-Shirt,652,"E050, E019, E046, E027, E048, E019, E047, E024, E034, E004",16,M013,Singer,J3000,No
2023-10-25,Night,T-Shirt,652,"E050, E019, E046, E027, E048, E019, E047, E024, E034, E004",16,M014,Brother,B2000,No
2023-10-25,Night,T-Shirt,652,"E050, E019, E046, E027, E048, E019, E047, E024, E034, E004",16,M015,Singer,S1000,No
2023-10-25,Night,T-Shirt,652,"E050, E019, E046, E027, E048, E019, E047, E024, E034, E004",16,M016,Juki,S1000,No
2023-10-25,Night,T-Shirt,652,"E050, E019, E046, E027, E048, E019, E047, E024, E034, E004",16,M017,Singer,S1000,No
2023-10-25,Night,T-Shirt,652,"E050, E019, E046, E027, E048, E019, E047, E024, E034, E004",16,M018,Brother,B2000,Yes
2023-10-25,Night,T-Shirt,652,"E050, E019, E046, E027, E048, E019, E047, E024, E034, E004",16,M019,Singer,S1000,No
2023-10-25,Night,T-Shirt,652,"E050, E019, E046, E027, E048, E019, E047, E024, E034, E004",16,M020,Juki,B2000,No
2023-10-25,Night,T-Shirt,652,"E050, E019, E046, E027, E048, E019, E047, E024, E034, E004",16,M021,Singer,J3000,No
2023-10-25,Night,T-Shirt,652,"E050, E019, E046, E027, E048, E019, E047, E024, E034, E004",16,M022,Juki,S1000,No
2023-10-25,Night,T-Shirt,652,"E050, E019, E046, E027, E048, E019, E047, E024, E034, E004",16,M023,Juki,S1000,No
2023-10-25,Night,T-Shirt,652,"E050, E019, E046, E027, E048, E019, E047, E024, E034, E004",16,M024,Singer,S1000,No
2023-10-25,Night,T-Shirt,652,"E050, E019, E046, E027, E048, E019, E047, E024, E034, E004",16,M025,Singer,B2000,Yes
2023-10-25,Night,T-Shirt,652,"E050, E019, E046, E027, E048, E019, E047, E024, E034, E004",16,M026,Brother,B2000,No
2023-10-25,Night,T-Shirt,652,"E050, E019, E046, E027, E048, E019, E047, E024, E034, E004",16,M027,Juki,S1000,No
2023-10-25,Night,T-Shirt,652,"E050, E019, E046, E027, E048, E019, E047, E024, E034, E004",16,M028,Singer,B2000,Yes
2023-10-25,Night,T-Shirt,652,"E050, E019, E046, E027, E048, E019, E047, E024, E034, E004",16,M029,Juki,B2000,No
2023-10-25,Night,T-Shirt,652,"E050, E019, E046, E027, E048, E019, E047, E024, E034, E004",16,M030,Juki,J3000,Yes
2023-10-25,Night,T-Shirt,652,"E050, E019, E046, E027, E048, E019, E047, E024, E034, E004",16,M031,Singer,J3000,No
2023-10-25,Night,T-Shirt,652,"E050, E019, E046, E027, E048, E019, E047, E024, E034, E004",16,M032,Singer,S1000,Yes
2023-10-25,Night,T-Shirt,652,"E050, E019, E046, E027, E048, E019, E047, E024, E034, E004",16,M033,Singer,S1000,No
2023-10-25,Night,T-Shirt,652,"E050, E019, E046, E027, E048, E019, E047, E024, E034, E004",16,M034,Singer,B2000,No
2023-10-25,Night,T-Shirt,652,"E050, E019, E046, E027, E048, E019, E047, E024, E034, E004",16,M035,Juki,S1000,No
2023-10-25,Night,T-Shirt,652,"E050, E019, E046, E027, E048, E019, E047, E024, E034, E004",16,M036,Brother,B2000,No
2023-10-25,Night,T-Shirt,652,"E050, E019, E046, E027, E048, E019, E047, E024, E034, E004",16,M037,Brother,B2000,No
2023-10-25,Night,T-Shirt,652,"E050, E019, E046, E027, E048, E019, E047, E024, E034, E004",16,M038,Singer,S1000,No
2023-10-25,Night,T-Shirt,652,"E050, E019, E046, E027, E048, E019, E047, E024, E034, E004",16,M039,Brother,B2000,No
2023-10-25,Night,T-Shirt,652,"E050, E019, E046, E027, E048, E019, E047, E024, E034, E004",16,M040,Brother,S1000,No
2023-10-25,Night,T-Shirt,652,"E050, E019, E046, E027, E048, E019, E047, E024, E034, E004",16,M041,Juki,B2000,No
2023-10-25,Night,T-Shirt,652,"E050, E019, E046, E027, E048, E019, E047, E024, E034, E004",16,M042,Juki,J3000,No
2023-10-25,Night,T-Shirt,652,"E050, E019, E046, E027, E048, E019, E047, E024, E034, E004",16,M043,Brother,S1000,Yes
2023-10-25,Night,T-Shirt,652,"E050, E019, E046, E027, E048, E019, E047, E024, E034, E004",16,M044,Singer,B2000,Yes
2023-10-25,Night,T-Shirt,652,"E050, E019, E046, E027, E048, E019, E047, E024, E034, E004",16,M045,Juki,J3000,Yes
2023-10-25,Night,T-Shirt,652,"E050, E019, E046, E027, E048, E019, E047, E024, E034, E004",16,M046,Brother,J3000,No
2023-10-25,Night,T-Shirt,652,"E050, E019, E046, E027, E048, E019, E047, E024, E034, E004",16,M047,Brother,B2000,No
2023-10-25,Night,T-Shirt,652,"E050, E019, E046, E027, E048, E019, E047, E024, E034, E004",16,M048,Juki,S1000,No
2023-10-25,Night,T-Shirt,652,"E050, E019, E046, E027, E048, E019, E047, E024, E034, E004",16,M049,Brother,S1000,No
2023-10-25,Night,T-Shirt,652,"E050, E019, E046, E027, E048, E019, E047, E024, E034, E004",16,M050,Singer,J3000,No
2023-10-26,Day,Jacket,628,"E026, E037, E025, E042, E024, E044, E021, E044, E003, E023",5,M001,Singer,J3000,Yes
2023-10-26,Day,Jacket,628,"E026, E037, E025, E042, E024, E044, E021, E044, E003, E023",5,M002,Juki,S1000,No
2023-10-26,Day,Jacket,628,"E026, E037, E025, E042, E024, E044, E021, E044, E003, E023",5,M003,Juki,S1000,No
2023-10-26,Day,Jacket,628,"E026, E037, E025, E042, E024, E044, E021, E044, E003, E023",5,M004,Singer,B2000,No
2023-10-26,Day,Jacket,628,"E026, E037, E025, E042, E024, E044, E021, E044, E003, E023",5,M005,Juki,J3000,No
2023-10-26,Day,Jacket,628,"E026, E037, E025, E042, E024, E044, E021, E044, E003, E023",5,M006,Singer,B2000,Yes
2023-10-26,Day,Jacket,628,"E026, E037, E025, E042, E024, E044, E021, E044, E003, E023",5,M007,Juki,S1000,No
2023-10-26,Day,Jacket,628,"E026, E037, E025, E042, E024, E044, E021, E044, E003, E023",5,M008,Singer,B2000,Yes
2023-10-26,Day,Jacket,628,"E026, E037, E025, E042, E024, E044, E021, E044, E003, E023",5,M009,Brother,S1000,No
2023-10-26,Day,Jacket,628,"E026, E037, E025, E042, E024, E044, E021, E044, E003, E023",5,M010,Singer,B2000,No
2023-10-26,Day,Jacket,628,"E026, E037, E025, E042, E024, E044, E021, E044, E003, E023",5,M011,Juki,J3000,No
2023-10-26,Day,Jacket,628,"E026, E037, E025, E042, E024, E044, E021, E044, E003, E023",5,M012,Juki,S1000,No
2023-10-26,Day,Jacket,628,"E026, E037, E025, E042, E024, E044, E021, E044, E003, E023",5,M013,Singer,S1000,Yes
2023-10-26,Day,Jacket,628,"E026, E037, E025, E042, E024, E044, E021, E044, E003, E023",5,M014,Brother,B2000,No
2023-10-26,Day,Jacket,628,"E026, E037, E025, E042, E024, E044, E021, E044, E003, E023",5,M015,Singer,J3000,No
2023-10-26,Day,Jacket,628,"E026, E037, E025, E042, E024, E044, E021, E044, E003, E023",5,M016,Brother,S1000,No
2023-10-26,Day,Jacket,628,"E026, E037, E025, E042, E024, E044, E021, E044, E003, E023",5,M017,Juki,B2000,No
2023-10-26,Day,Jacket,628,"E026, E037, E025, E042, E024, E044, E021, E044, E003, E023",5,M018,Singer,S1000,No
2023-10-26,Day,Jacket,628,"E026, E037, E025, E042, E024, E044, E021, E044, E003, E023",5,M019,Juki,S1000,No
2023-10-26,Day,Jacket,628,"E026, E037, E025, E042, E024, E044, E021, E044, E003, E023",5,M020,Brother,S1000,No
2023-10-26,Day,Jacket,628,"E026, E037, E025, E042, E024, E044, E021, E044, E003, E023",5,M021,Singer,J3000,No
2023-10-26,Day,Jacket,628,"E026, E037, E025, E042, E024, E044, E021, E044, E003, E023",5,M022,Juki,B2000,No
2023-10-26,Day,Jacket,628,"E026, E037, E025, E042, E024, E044, E021, E044, E003, E023",5,M023,Brother,J3000,Yes
2023-10-26,Day,Jacket,628,"E026, E037, E025, E042, E024, E044, E021, E044, E003, E023",5,M024,Singer,J3000,Yes
2023-10-26,Day,Jacket,628,"E026, E037, E025, E042, E024, E044, E021, E044, E003, E023",5,M025,Singer,J3000,No
2023-10-26,Day,Jacket,628,"E026, E037, E025, E042, E024, E044, E021, E044, E003, E023",5,M026,Singer,B2000,No
2023-10-26,Day,Jacket,628,"E026, E037, E025, E042, E024, E044, E021, E044, E003, E023",5,M027,Singer,B2000,No
2023-10-26,Day,Jacket,628,"E026, E037, E025, E042, E024, E044, E021, E044, E003, E023",5,M028,Juki,B2000,No
2023-10-26,Day,Jacket,628,"E026, E037, E025, E042, E024, E044, E021, E044, E003, E023",5,M029,Brother,B2000,No
2023-10-26,Day,Jacket,628,"E026, E037, E025, E042, E024, E044, E021, E044, E003, E023",5,M030,Singer,S1000,No
2023-10-26,Day,Jacket,628,"E026, E037, E025, E042, E024, E044, E021, E044, E003, E023",5,M031,Juki,S1000,No
2023-10-26,Day,Jacket,628,"E026, E037, E025, E042, E024, E044, E021, E044, E003, E023",5,M032,Singer,B2000,No
2023-10-26,Day,Jacket,628,"E026, E037, E025, E042, E024, E044, E021, E044, E003, E023",5,M033,Juki,B2000,No
2023-10-26,Day,Jacket,628,"E026, E037, E025, E042, E024, E044, E021, E044, E003, E023",5,M034,Juki,J3000,No
2023-10-26,Day,Jacket,628,"E026, E037, E025, E042, E024, E044, E021, E044, E003, E023",5,M035,Brother,B2000,No
2023-10-26,Day,Jacket,628,"E026, E037, E025, E042, E024, E044, E021, E044, E003, E023",5,M036,Brother,S1000,No
2023-10-26,Day,Jacket,628,"E026, E037, E025, E042, E024, E044, E021, E044, E003, E023",5,M037,Juki,S1000,No
2023-10-26,Day,Jacket,628,"E026, E037, E025, E042, E024, E044, E021, E044, E003, E023",5,M038,Juki,J3000,No
2023-10-26,Day,Jacket,628,"E026, E037, E025, E042, E024, E044, E021, E044, E003, E023",5,M039,Singer,J3000,No
2023-10-26,Day,Jacket,628,"E026, E037, E025, E042, E024, E044, E021, E044, E003, E023",5,M040,Singer,B2000,No
2023-10-26,Day,Jacket,628,"E026, E037, E025, E042, E024, E044, E021, E044, E003, E023",5,M041,Juki,J3000,No
2023-10-26,Day,Jacket,628,"E026, E037, E025, E042, E024, E044, E021, E044, E003, E023",5,M042,Juki,J3000,No
2023-10-26,Day,Jacket,628,"E026, E037, E025, E042, E024, E044, E021, E044, E003, E023",5,M043,Brother,J3000,No
2023-10-26,Day,Jacket,628,"E026, E037, E025, E042, E024, E044, E021, E044, E003, E023",5,M044,Singer,J3000,Yes
2023-10-26,Day,Jacket,628,"E026, E037, E025, E042, E024, E044, E021, E044, E003, E023",5,M045,Juki,B2000,No
2023-10-26,Day,Jacket,628,"E026, E037, E025, E042, E024, E044, E021, E044, E003, E023",5,M046,Brother,J3000,No
2023-10-26,Day,Jacket,628,"E026, E037, E025, E042, E024, E044, E021, E044, E003, E023",5,M047,Juki,J3000,No
2023-10-26,Day,Jacket,628,"E026, E037, E025, E042, E024, E044, E021, E044, E003, E023",5,M048,Brother,B2000,No
2023-10-26,Day,Jacket,628,"E026, E037, E025, E042, E024, E044, E021, E044, E003, E023",5,M049,Singer,B2000,No
2023-10-26,Day,Jacket,628,"E026, E037, E025, E042, E024, E044, E021, E044, E003, E023",5,M050,Singer,J3000,No
2023-10-26,Night,Dress,525,"E029, E009, E032, E010, E037, E022, E019, E019, E001, E007",15,M001,Singer,B2000,Yes
2023-10-26,Night,Dress,525,"E029, E009, E032, E010, E037, E022, E019, E019, E001, E007",15,M002,Singer,B2000,Yes
2023-10-26,Night,Dress,525,"E029, E009, E032, E010, E037, E022, E019, E019, E001, E007",15,M003,Juki,S1000,No
2023-10-26,Night,Dress,525,"E029, E009, E032, E010, E037, E022, E019, E019, E001, E007",15,M004,Singer,J3000,No
2023-10-26,Night,Dress,525,"E029, E009, E032, E010, E037, E022, E019, E019, E001, E007",15,M005,Juki,S1000,No
2023-10-26,Night,Dress,525,"E029, E009, E032, E010, E037, E022, E019, E019, E001, E007",15,M006,Juki,S1000,Yes
2023-10-26,Night,Dress,525,"E029, E009, E032, E010, E037, E022, E019, E019, E001, E007",15,M007,Juki,J3000,No
2023-10-26,Night,Dress,525,"E029, E009, E032, E010, E037, E022, E019, E019, E001, E007",15,M008,Juki,B2000,No
2023-10-26,Night,Dress,525,"E029, E009, E032, E010, E037, E022, E019, E019, E001, E007",15,M009,Brother,S1000,No
2023-10-26,Night,Dress,525,"E029, E009, E032, E010, E037, E022, E019, E019, E001, E007",15,M010,Juki,J3000,No
2023-10-26,Night,Dress,525,"E029, E009, E032, E010, E037, E022, E019, E019, E001, E007",15,M011,Singer,J3000,No
2023-10-26,Night,Dress,525,"E029, E009, E032, E010, E037, E022, E019, E019, E001, E007",15,M012,Singer,J3000,No
2023-10-26,Night,Dress,525,"E029, E009, E032, E010, E037, E022, E019, E019, E001, E007",15,M013,Juki,J3000,No
2023-10-26,Night,Dress,525,"E029, E009, E032, E010, E037, E022, E019, E019, E001, E007",15,M014,Brother,S1000,No
2023-10-26,Night,Dress,525,"E029, E009, E032, E010, E037, E022, E019, E019, E001, E007",15,M015,Brother,B2000,No
2023-10-26,Night,Dress,525,"E029, E009, E032, E010, E037, E022, E019, E019, E001, E007",15,M016,Juki,S1000,No
2023-10-26,Night,Dress,525,"E029, E009, E032, E010, E037, E022, E019, E019, E001, E007",15,M017,Brother,J3000,Yes
2023-10-26,Night,Dress,525,"E029, E009, E032, E010, E037, E022, E019, E019, E001, E007",15,M018,Juki,S1000,No
2023-10-26,Night,Dress,525,"E029, E009, E032, E010, E037, E022, E019, E019, E001, E007",15,M019,Brother,J3000,No
2023-10-26,Night,Dress,525,"E029, E009, E032, E010, E037, E022, E019, E019, E001, E007",15,M020,Juki,J3000,No
2023-10-26,Night,Dress,525,"E029, E009, E032, E010, E037, E022, E019, E019, E001, E007",15,M021,Singer,J3000,No
2023-10-26,Night,Dress,525,"E029, E009, E032, E010, E037, E022, E019, E019, E001, E007",15,M022,Singer,S1000,No
2023-10-26,Night,Dress,525,"E029, E009, E032, E010, E037, E022, E019, E019, E001, E007",15,M023,Brother,B2000,No
2023-10-26,Night,Dress,525,"E029, E009, E032, E010, E037, E022, E019, E019, E001, E007",15,M024,Juki,S1000,Yes
2023-10-26,Night,Dress,525,"E029, E009, E032, E010, E037, E022, E019, E019, E001, E007",15,M025,Brother,J3000,No
2023-10-26,Night,Dress,525,"E029, E009, E032, E010, E037, E022, E019, E019, E001, E007",15,M026,Juki,J3000,Yes
2023-10-26,Night,Dress,525,"E029, E009, E032, E010, E037, E022, E019, E019, E001, E007",15,M027,Brother,S1000,No
2023-10-26,Night,Dress,525,"E029, E009, E032, E010, E037, E022, E019, E019, E001, E007",15,M028,Singer,J3000,No
2023-10-26,Night,Dress,525,"E029, E009, E032, E010, E037, E022, E019, E019, E001, E007",15,M029,Singer,S1000,Yes
2023-10-26,Night,Dress,525,"E029, E009, E032, E010, E037, E022, E019, E019, E001, E007",15,M030,Brother,J3000,Yes
2023-10-26,Night,Dress,525,"E029, E009, E032, E010, E037, E022, E019, E019, E001, E007",15,M031,Brother,J3000,No
2023-10-26,Night,Dress,525,"E029, E009, E032, E010, E037, E022, E019, E019, E001, E007",15,M032,Brother,B2000,No
2023-10-26,Night,Dress,525,"E029, E009, E032, E010, E037, E022, E019, E019, E001, E007",15,M033,Brother,S1000,No
2023-10-26,Night,Dress,525,"E029, E009, E032, E010, E037, E022, E019, E019, E001, E007",15,M034,Juki,J3000,No
2023-10-26,Night,Dress,525,"E029, E009, E032, E010, E037, E022, E019, E019, E001, E007",15,M035,Singer,B2000,No
2023-10-26,Night,Dress,525,"E029, E009, E032, E010, E037, E022, E019, E019, E001, E007",15,M036,Brother,J3000,No
2023-10-26,Night,Dress,525,"E029, E009, E032, E010, E037, E022, E019, E019, E001, E007",15,M037,Juki,J3000,No
2023-10-26,Night,Dress,525,"E029, E009, E032, E010, E037, E022, E019, E019, E001, E007",15,M038,Juki,J3000,No
2023-10-26,Night,Dress,525,"E029, E009, E032, E010, E037, E022, E019, E019, E001, E007",15,M039,Singer,S1000,No
2023-10-26,Night,Dress,525,"E029, E009, E032, E010, E037, E022, E019, E019, E001, E007",15,M040,Juki,B2000,No
2023-10-26,Night,Dress,525,"E029, E009, E032, E010, E037, E022, E019, E019, E001, E007",15,M041,Brother,S1000,No
2023-10-26,Night,Dress,525,"E029, E009, E032, E010, E037, E022, E019, E019, E001, E007",15,M042,Singer,J3000,No
2023-10-26,Night,Dress,525,"E029, E009, E032, E010, E037, E022, E019, E019, E001, E007",15,M043,Brother,S1000,Yes
2023-10-26,Night,Dress,525,"E029, E009, E032, E010, E037, E022, E019, E019, E001, E007",15,M044,Brother,S1000,No
2023-10-26,Night,Dress,525,"E029, E009, E032, E010, E037, E022, E019, E019, E001, E007",15,M045,Singer,S1000,No
2023-10-26,Night,Dress,525,"E029, E009, E032, E010, E037, E022, E019, E019, E001, E007",15,M046,Brother,B2000,No
2023-10-26,Night,Dress,525,"E029, E009, E032, E010, E037, E022, E019, E019, E001, E007",15,M047,Brother,B2000,No
2023-10-26,Night,Dress,525,"E029, E009, E032, E010, E037, E022, E019, E019, E001, E007",15,M048,Brother,B2000,No
2023-10-26,Night,Dress,525,"E029, E009, E032, E010, E037, E022, E019, E019, E001, E007",15,M049,Singer,B2000,No
2023-10-26,Night,Dress,525,"E029, E009, E032, E010, E037, E022, E019, E019, E001, E007",15,M050,Juki,B2000,No
2023-10-27,Day,Jacket,673,"E050, E005, E008, E022, E025, E005, E023, E004, E024, E025",5,M001,Brother,S1000,No
2023-10-27,Day,Jacket,673,"E050, E005, E008, E022, E025, E005, E023, E004, E024, E025",5,M002,Singer,B2000,No
2023-10-27,Day,Jacket,673,"E050, E005, E008, E022, E025, E005, E023, E004, E024, E025",5,M003,Juki,J3000,No
2023-10-27,Day,Jacket,673,"E050, E005, E008, E022, E025, E005, E023, E004, E024, E025",5,M004,Singer,S1000,No
2023-10-27,Day,Jacket,673,"E050, E005, E008, E022, E025, E005, E023, E004, E024, E025",5,M005,Singer,B2000,No
2023-10-27,Day,Jacket,673,"E050, E005, E008, E022, E025, E005, E023, E004, E024, E025",5,M006,Singer,S1000,No
2023-10-27,Day,Jacket,673,"E050, E005, E008, E022, E025, E005, E023, E004, E024, E025",5,M007,Brother,J3000,No
2023-10-27,Day,Jacket,673,"E050, E005, E008, E022, E025, E005, E023, E004, E024, E025",5,M008,Singer,B2000,No
2023-10-27,Day,Jacket,673,"E050, E005, E008, E022, E025, E005, E023, E004, E024, E025",5,M009,Singer,B2000,No
2023-10-27,Day,Jacket,673,"E050, E005, E008, E022, E025, E005, E023, E004, E024, E025",5,M010,Singer,J3000,Yes
2023-10-27,Day,Jacket,673,"E050, E005, E008, E022, E025, E005, E023, E004, E024, E025",5,M011,Juki,B2000,No
2023-10-27,Day,Jacket,673,"E050, E005, E008, E022, E025, E005, E023, E004, E024, E025",5,M012,Juki,B2000,No
2023-10-27,Day,Jacket,673,"E050, E005, E008, E022, E025, E005, E023, E004, E024, E025",5,M013,Brother,S1000,No
2023-10-27,Day,Jacket,673,"E050, E005, E008, E022, E025, E005, E023, E004, E024, E025",5,M014,Singer,J3000,No
2023-10-27,Day,Jacket,673,"E050, E005, E008, E022, E025, E005, E023, E004, E024, E025",5,M015,Singer,J3000,No
2023-10-27,Day,Jacket,673,"E050, E005, E008, E022, E025, E005, E023, E004, E024, E025",5,M016,Brother,S1000,No
2023-10-27,Day,Jacket,673,"E050, E005, E008, E022, E025, E005, E023, E004, E024, E025",5,M017,Juki,S1000,No
2023-10-27,Day,Jacket,673,"E050, E005, E008, E022, E025, E005, E023, E004, E024, E025",5,M018,Singer,S1000,Yes
2023-10-27,Day,Jacket,673,"E050, E005, E008, E022, E025, E005, E023, E004, E024, E025",5,M019,Singer,B2000,No
2023-10-27,Day,Jacket,673,"E050, E005, E008, E022, E025, E005, E023, E004, E024, E025",5,M020,Brother,B2000,No
2023-10-27,Day,Jacket,673,"E050, E005, E008, E022, E025, E005, E023, E004, E024, E025",5,M021,Singer,S1000,No
2023-10-27,Day,Jacket,673,"E050, E005, E008, E022, E025, E005, E023, E004, E024, E025",5,M022,Juki,J3000,Yes
2023-10-27,Day,Jacket,673,"E050, E005, E008, E022, E025, E005, E023, E004, E024, E025",5,M023,Brother,B2000,Yes
2023-10-27,Day,Jacket,673,"E050, E005, E008, E022, E025, E005, E023, E004, E024, E025",5,M024,Brother,B2000,No
2023-10-27,Day,Jacket,673,"E050, E005, E008, E022, E025, E005, E023, E004, E024, E025",5,M025,Singer,B2000,Yes
2023-10-27,Day,Jacket,673,"E050, E005, E008, E022, E025, E005, E023, E004, E024, E025",5,M026,Singer,S1000,No
2023-10-27,Day,Jacket,673,"E050, E005, E008, E022, E025, E005, E023, E004, E024, E025",5,M027,Brother,S1000,Yes
2023-10-27,Day,Jacket,673,"E050, E005, E008, E022, E025, E005, E023, E004, E024, E025",5,M028,Brother,J3000,Yes
2023-10-27,Day,Jacket,673,"E050, E005, E008, E022, E025, E005, E023, E004, E024, E025",5,M029,Brother,B2000,Yes
2023-10-27,Day,Jacket,673,"E050, E005, E008, E022, E025, E005, E023, E004, E024, E025",5,M030,Juki,J3000,No
2023-10-27,Day,Jacket,673,"E050, E005, E008, E022, E025, E005, E023, E004, E024, E025",5,M031,Juki,S1000,Yes
2023-10-27,Day,Jacket,673,"E050, E005, E008, E022, E025, E005, E023, E004, E024, E025",5,M032,Singer,J3000,No
2023-10-27,Day,Jacket,673,"E050, E005, E008, E022, E025, E005, E023, E004, E024, E025",5,M033,Singer,S1000,No
2023-10-27,Day,Jacket,673,"E050, E005, E008, E022, E025, E005, E023, E004, E024, E025",5,M034,Brother,J3000,No
2023-10-27,Day,Jacket,673,"E050, E005, E008, E022, E025, E005, E023, E004, E024, E025",5,M035,Brother,B2000,No
2023-10-27,Day,Jacket,673,"E050, E005, E008, E022, E025, E005, E023, E004, E024, E025",5,M036,Singer,J3000,Yes
2023-10-27,Day,Jacket,673,"E050, E005, E008, E022, E025, E005, E023, E004, E024, E025",5,M037,Juki,B2000,No
2023-10-27,Day,Jacket,673,"E050, E005, E008, E022, E025, E005, E023, E004, E024, E025",5,M038,Singer,B2000,No
2023-10-27,Day,Jacket,673,"E050, E005, E008, E022, E025, E005, E023, E004, E024, E025",5,M039,Singer,J3000,No
2023-10-27,Day,Jacket,673,"E050, E005, E008, E022, E025, E005, E023, E004, E024, E025",5,M040,Brother,B2000,No
2023-10-27,Day,Jacket,673,"E050, E005, E008, E022, E025, E005, E023, E004, E024, E025",5,M041,Juki,J3000,No
2023-10-27,Day,Jacket,673,"E050, E005, E008, E022, E025, E005, E023, E004, E024, E025",5,M042,Brother,S1000,No
2023-10-27,Day,Jacket,673,"E050, E005, E008, E022, E025, E005, E023, E004, E024, E025",5,M043,Juki,S1000,No
2023-10-27,Day,Jacket,673,"E050, E005, E008, E022, E025, E005, E023, E004, E024, E025",5,M044,Juki,J3000,No
2023-10-27,Day,Jacket,673,"E050, E005, E008, E022, E025, E005, E023, E004, E024, E025",5,M045,Singer,S1000,No
2023-10-27,Day,Jacket,673,"E050, E005, E008, E022, E025, E005, E023, E004, E024, E025",5,M046,Brother,B2000,No
2023-10-27,Day,Jacket,673,"E050, E005, E008, E022, E025, E005, E023, E004, E024, E025",5,M047,Singer,B2000,No
2023-10-27,Day,Jacket,673,"E050, E005, E008, E022, E025, E005, E023, E004, E024, E025",5,M048,Juki,B2000,No
2023-10-27,Day,Jacket,673,"E050, E005, E008, E022, E025, E005, E023, E004, E024, E025",5,M049,Juki,B2000,No
2023-10-27,Day,Jacket,673,"E050, E005, E008, E022, E025, E005, E023, E004, E024, E025",5,M050,Juki,J3000,No
2023-10-27,Night,Jacket,690,"E024, E034, E039, E012, E026, E003, E045, E045, E008, E021",6,M001,Brother,B2000,No
2023-10-27,Night,Jacket,690,"E024, E034, E039, E012, E026, E003, E045, E045, E008, E021",6,M002,Brother,J3000,No
2023-10-27,Night,Jacket,690,"E024, E034, E039, E012, E026, E003, E045, E045, E008, E021",6,M003,Brother,B2000,No
2023-10-27,Night,Jacket,690,"E024, E034, E039, E012, E026, E003, E045, E045, E008, E021",6,M004,Brother,S1000,No
2023-10-27,Night,Jacket,690,"E024, E034, E039, E012, E026, E003, E045, E045, E008, E021",6,M005,Juki,B2000,No
2023-10-27,Night,Jacket,690,"E024, E034, E039, E012, E026, E003, E045, E045, E008, E021",6,M006,Singer,J3000,No
2023-10-27,Night,Jacket,690,"E024, E034, E039, E012, E026, E003, E045, E045, E008, E021",6,M007,Brother,S1000,No
2023-10-27,Night,Jacket,690,"E024, E034, E039, E012, E026, E003, E045, E045, E008, E021",6,M008,Singer,B2000,Yes
2023-10-27,Night,Jacket,690,"E024, E034, E039, E012, E026, E003, E045, E045, E008, E021",6,M009,Brother,B2000,No
2023-10-27,Night,Jacket,690,"E024, E034, E039, E012, E026, E003, E045, E045, E008, E021",6,M010,Brother,J3000,No
2023-10-27,Night,Jacket,690,"E024, E034, E039, E012, E026, E003, E045, E045, E008, E021",6,M011,Singer,S1000,No
2023-10-27,Night,Jacket,690,"E024, E034, E039, E012, E026, E003, E045, E045, E008, E021",6,M012,Brother,J3000,No
2023-10-27,Night,Jacket,690,"E024, E034, E039, E012, E026, E003, E045, E045, E008, E021",6,M013,Singer,S1000,Yes
2023-10-27,Night,Jacket,690,"E024, E034, E039, E012, E026, E003, E045, E045, E008, E021",6,M014,Singer,S1000,No
2023-10-27,Night,Jacket,690,"E024, E034, E039, E012, E026, E003, E045, E045, E008, E021",6,M015,Brother,B2000,No
2023-10-27,Night,Jacket,690,"E024, E034, E039, E012, E026, E003, E045, E045, E008, E021",6,M016,Juki,S1000,Yes
2023-10-27,Night,Jacket,690,"E024, E034, E039, E012, E026, E003, E045, E045, E008, E021",6,M017,Juki,B2000,No
2023-10-27,Night,Jacket,690,"E024, E034, E039, E012, E026, E003, E045, E045, E008, E021",6,M018,Juki,S1000,Yes
2023-10-27,Night,Jacket,690,"E024, E034, E039, E012, E026, E003, E045, E045, E008, E021",6,M019,Singer,S1000,No
2023-10-27,Night,Jacket,690,"E024, E034, E039, E012, E026, E003, E045, E045, E008, E021",6,M020,Singer,J3000,No
2023-10-27,Night,Jacket,690,"E024, E034, E039, E012, E026, E003, E045, E045, E008, E021",6,M021,Singer,B2000,No
2023-10-27,Night,Jacket,690,"E024, E034, E039, E012, E026, E003, E045, E045, E008, E021",6,M022,Juki,B2000,Yes
2023-10-27,Night,Jacket,690,"E024, E034, E039, E012, E026, E003, E045, E045, E008, E021",6,M023,Juki,B2000,No
2023-10-27,Night,Jacket,690,"E024, E034, E039, E012, E026, E003, E045, E045, E008, E021",6,M024,Juki,S1000,No
2023-10-27,Night,Jacket,690,"E024, E034, E039, E012, E026, E003, E045, E045, E008, E021",6,M025,Singer,S1000,No
2023-10-27,Night,Jacket,690,"E024, E034, E039, E012, E026, E003, E045, E045, E008, E021",6,M026,Juki,B2000,No
2023-10-27,Night,Jacket,690,"E024, E034, E039, E012, E026, E003, E045, E045, E008, E021",6,M027,Brother,B2000,No
2023-10-27,Night,Jacket,690,"E024, E034, E039, E012, E026, E003, E045, E045, E008, E021",6,M028,Juki,J3000,No
2023-10-27,Night,Jacket,690,"E024, E034, E039, E012, E026, E003, E045, E045, E008, E021",6,M029,Brother,J3000,No
2023-10-27,Night,Jacket,690,"E024, E034, E039, E012, E026, E003, E045, E045, E008, E021",6,M030,Brother,J3000,No
2023-10-27,Night,Jacket,690,"E024, E034, E039, E012, E026, E003, E045, E045, E008, E021",6,M031,Brother,S1000,No
2023-10-27,Night,Jacket,690,"E024, E034, E039, E012, E026, E003, E045, E045, E008, E021",6,M032,Singer,S1000,No
2023-10-27,Night,Jacket,690,"E024, E034, E039, E012, E026, E003, E045, E045, E008, E021",6,M033,Brother,S1000,No
2023-10-27,Night,Jacket,690,"E024, E034, E039, E012, E026, E003, E045, E045, E008, E021",6,M034,Singer,J3000,No
2023-10-27,Night,Jacket,690,"E024, E034, E039, E012, E026, E003, E045, E045, E008, E021",6,M035,Brother,J3000,No
2023-10-27,Night,Jacket,690,"E024, E034, E039, E012, E026, E003, E045, E045, E008, E021",6,M036,Juki,B2000,Yes
2023-10-27,Night,Jacket,690,"E024, E034, E039, E012, E026, E003, E045, E045, E008, E021",6,M037,Brother,S1000,No
2023-10-27,Night,Jacket,690,"E024, E034, E039, E012, E026, E003, E045, E045, E008, E021",6,M038,Brother,S1000,No
2023-10-27,Night,Jacket,690,"E024, E034, E039, E012, E026, E003, E045, E045, E008, E021",6,M039,Brother,B2000,Yes
2023-10-27,Night,Jacket,690,"E024, E034, E039, E012, E026, E003, E045, E045, E008, E021",6,M040,Singer,J3000,No
2023-10-27,Night,Jacket,690,"E024, E034, E039, E012, E026, E003, E045, E045, E008, E021",6,M041,Juki,S1000,No
2023-10-27,Night,Jacket,690,"E024, E034, E039, E012, E026, E003, E045, E045, E008, E021",6,M042,Juki,S1000,Yes
2023-10-27,Night,Jacket,690,"E024, E034, E039, E012, E026, E003, E045, E045, E008, E021",6,M043,Singer,S1000,Yes
2023-10-27,Night,Jacket,690,"E024, E034, E039, E012, E026, E003, E045, E045, E008, E021",6,M044,Brother,S1000,No
2023-10-27,Night,Jacket,690,"E024, E034, E039, E012, E026, E003, E045, E045, E008, E021",6,M045,Brother,S1000,No
2023-10-27,Night,Jacket,690,"E024, E034, E039, E012, E026, E003, E045, E045, E008, E021",6,M046,Brother,S1000,No
2023-10-27,Night,Jacket,690,"E024, E034, E039, E012, E026, E003, E045, E045, E008, E021",6,M047,Singer,B2000,No
2023-10-27,Night,Jacket,690,"E024, E034, E039, E012, E026, E003, E045, E045, E008, E021",6,M048,Singer,S1000,No
2023-10-27,Night,Jacket,690,"E024, E034, E039, E012, E026, E003, E045, E045, E008, E021",6,M049,Juki,J3000,No
2023-10-27,Night,Jacket,690,"E024, E034, E039, E012, E026, E003, E045, E045, E008, E021",6,M050,Juki,J3000,No
2023-10-28,Day,T-Shirt,535,"E014, E038, E018, E006, E014, E044, E042, E004, E009, E001",18,M001,Brother,S1000,No
2023-10-28,Day,T-Shirt,535,"E014, E038, E018, E006, E014, E044, E042, E004, E009, E001",18,M002,Juki,S1000,Yes
2023-10-28,Day,T-Shirt,535,"E014, E038, E018, E006, E014, E044, E042, E004, E009, E001",18,M003,Singer,B2000,No
2023-10-28,Day,T-Shirt,535,"E014, E038, E018, E006, E014, E044, E042, E004, E009, E001",18,M004,Singer,B2000,No
2023-10-28,Day,T-Shirt,535,"E014, E038, E018, E006, E014, E044, E042, E004, E009, E001",18,M005,Brother,S1000,No
2023-10-28,Day,T-Shirt,535,"E014, E038, E018, E006, E014, E044, E042, E004, E009, E001",18,M006,Singer,S1000,Yes
2023-10-28,Day,T-Shirt,535,"E014, E038, E018, E006, E014, E044, E042, E004, E009, E001",18,M007,Singer,B2000,No
2023-10-28,Day,T-Shirt,535,"E014, E038, E018, E006, E014, E044, E042, E004, E009, E001",18,M008,Singer,S1000,No
2023-10-28,Day,T-Shirt,535,"E014, E038, E018, E006, E014, E044, E042, E004, E009, E001",18,M009,Brother,S1000,No
2023-10-28,Day,T-Shirt,535,"E014, E038, E018, E006, E014, E044, E042, E004, E009, E001",18,M010,Brother,J3000,No
2023-10-28,Day,T-Shirt,535,"E014, E038, E018, E006, E014, E044, E042, E004, E009, E001",18,M011,Brother,J3000,No
2023-10-28,Day,T-Shirt,535,"E014, E038, E018, E006, E014, E044, E042, E004, E009, E001",18,M012,Brother,B2000,Yes
2023-10-28,Day,T-Shirt,535,"E014, E038, E018, E006, E014, E044, E042, E004, E009, E001",18,M013,Brother,J3000,No
2023-10-28,Day,T-Shirt,535,"E014, E038, E018, E006, E014, E044, E042, E004, E009, E001",18,M014,Juki,J3000,No
2023-10-28,Day,T-Shirt,535,"E014, E038, E018, E006, E014, E044, E042, E004, E009, E001",18,M015,Brother,B2000,No
2023-10-28,Day,T-Shirt,535,"E014, E038, E018, E006, E014, E044, E042, E004, E009, E001",18,M016,Juki,S1000,No
2023-10-28,Day,T-Shirt,535,"E014, E038, E018, E006, E014, E044, E042, E004, E009, E001",18,M017,Brother,S1000,No
2023-10-28,Day,T-Shirt,535,"E014, E038, E018, E006, E014, E044, E042, E004, E009, E001",18,M018,Brother,J3000,No
2023-10-28,Day,T-Shirt,535,"E014, E038, E018, E006, E014, E044, E042, E004, E009, E001",18,M019,Singer,J3000,No
2023-10-28,Day,T-Shirt,535,"E014, E038, E018, E006, E014, E044, E042, E004, E009, E001",18,M020,Singer,J3000,No
2023-10-28,Day,T-Shirt,535,"E014, E038, E018, E006, E014, E044, E042, E004, E009, E001",18,M021,Juki,B2000,Yes
2023-10-28,Day,T-Shirt,535,"E014, E038, E018, E006, E014, E044, E042, E004, E009, E001",18,M022,Juki,B2000,Yes
2023-10-28,Day,T-Shirt,535,"E014, E038, E018, E006, E014, E044, E042, E004, E009, E001",18,M023,Juki,B2000,No
2023-10-28,Day,T-Shirt,535,"E014, E038, E018, E006, E014, E044, E042, E004, E009, E001",18,M024,Juki,S1000,No
2023-10-28,Day,T-Shirt,535,"E014, E038, E018, E006, E014, E044, E042, E004, E009, E001",18,M025,Singer,B2000,No
2023-10-28,Day,T-Shirt,535,"E014, E038, E018, E006, E014, E044, E042, E004, E009, E001",18,M026,Juki,J3000,No
2023-10-28,Day,T-Shirt,535,"E014, E038, E018, E006, E014, E044, E042, E004, E009, E001",18,M027,Juki,J3000,No
2023-10-28,Day,T-Shirt,535,"E014, E038, E018, E006, E014, E044, E042, E004, E009, E001",18,M028,Juki,S1000,No
2023-10-28,Day,T-Shirt,535,"E014, E038, E018, E006, E014, E044, E042, E004, E009, E001",18,M029,Brother,J3000,No
2023-10-28,Day,T-Shirt,535,"E014, E038, E018, E006, E014, E044, E042, E004, E009, E001",18,M030,Brother,J3000,No
2023-10-28,Day,T-Shirt,535,"E014, E038, E018, E006, E014, E044, E042, E004, E009, E001",18,M031,Juki,S1000,Yes
2023-10-28,Day,T-Shirt,535,"E014, E038, E018, E006, E014, E044, E042, E004, E009, E001",18,M032,Brother,B2000,No
2023-10-28,Day,T-Shirt,535,"E014, E038, E018, E006, E014, E044, E042, E004, E009, E001",18,M033,Brother,S1000,No
2023-10-28,Day,T-Shirt,535,"E014, E038, E018, E006, E014, E044, E042, E004, E009, E001",18,M034,Juki,S1000,Yes
2023-10-28,Day,T-Shirt,535,"E014, E038, E018, E006, E014, E044, E042, E004, E009, E001",18,M035,Juki,B2000,Yes
2023-10-28,Day,T-Shirt,535,"E014, E038, E018, E006, E014, E044, E042, E004, E009, E001",18,M036,Juki,J3000,No
2023-10-28,Day,T-Shirt,535,"E014, E038, E018, E006, E014, E044, E042, E004, E009, E001",18,M037,Brother,J3000,Yes
2023-10-28,Day,T-Shirt,535,"E014, E038, E018, E006, E014, E044, E042, E004, E009, E001",18,M038,Juki,B2000,No
2023-10-28,Day,T-Shirt,535,"E014, E038, E018, E006, E014, E044, E042, E004, E009, E001",18,M039,Juki,J3000,No
2023-10-28,Day,T-Shirt,535,"E014, E038, E018, E006, E014, E044, E042, E004, E009, E001",18,M040,Juki,B2000,No
2023-10-28,Day,T-Shirt,535,"E014, E038, E018, E006, E014, E044, E042, E004, E009, E001",18,M041,Singer,S1000,No
2023-10-28,Day,T-Shirt,535,"E014, E038, E018, E006, E014, E044, E042, E004, E009, E001",18,M042,Juki,B2000,No
2023-10-28,Day,T-Shirt,535,"E014, E038, E018, E006, E014, E044, E042, E004, E009, E001",18,M043,Juki,S1000,No
2023-10-28,Day,T-Shirt,535,"E014, E038, E018, E006, E014, E044, E042, E004, E009, E001",18,M044,Juki,B2000,No
2023-10-28,Day,T-Shirt,535,"E014, E038, E018, E006, E014, E044, E042, E004, E009, E001",18,M045,Juki,S1000,Yes
2023-10-28,Day,T-Shirt,535,"E014, E038, E018, E006, E014, E044, E042, E004, E009, E001",18,M046,Singer,S1000,No
2023-10-28,Day,T-Shirt,535,"E014, E038, E018, E006, E014, E044, E042, E004, E009, E001",18,M047,Juki,J3000,No
2023-10-28,Day,T-Shirt,535,"E014, E038, E018, E006, E014, E044, E042, E004, E009, E001",18,M048,Singer,B2000,No
2023-10-28,Day,T-Shirt,535,"E014, E038, E018, E006, E014, E044, E042, E004, E009, E001",18,M049,Juki,J3000,No
2023-10-28,Day,T-Shirt,535,"E014, E038, E018, E006, E014, E044, E042, E004, E009, E001",18,M050,Singer,B2000,No
2023-10-28,Night,Jacket,341,"E015, E036, E031, E013, E031, E019, E010, E047, E043, E025",17,M001,Brother,B2000,Yes
2023-10-28,Night,Jacket,341,"E015, E036, E031, E013, E031, E019, E010, E047, E043, E025",17,M002,Brother,B2000,No
2023-10-28,Night,Jacket,341,"E015, E036, E031, E013, E031, E019, E010, E047, E043, E025",17,M003,Juki,B2000,No
2023-10-28,Night,Jacket,341,"E015, E036, E031, E013, E031, E019, E010, E047, E043, E025",17,M004,Juki,B2000,No
2023-10-28,Night,Jacket,341,"E015, E036, E031, E013, E031, E019, E010, E047, E043, E025",17,M005,Brother,S1000,Yes
2023-10-28,Night,Jacket,341,"E015, E036, E031, E013, E031, E019, E010, E047, E043, E025",17,M006,Juki,B2000,No
2023-10-28,Night,Jacket,341,"E015, E036, E031, E013, E031, E019, E010, E047, E043, E025",17,M007,Brother,S1000,No
2023-10-28,Night,Jacket,341,"E015, E036, E031, E013, E031, E019, E010, E047, E043, E025",17,M008,Singer,S1000,No
2023-10-28,Night,Jacket,341,"E015, E036, E031, E013, E031, E019, E010, E047, E043, E025",17,M009,Brother,J3000,No
2023-10-28,Night,Jacket,341,"E015, E036, E031, E013, E031, E019, E010, E047, E043, E025",17,M010,Juki,B2000,No
2023-10-28,Night,Jacket,341,"E015, E036, E031, E013, E031, E019, E010, E047, E043, E025",17,M011,Singer,J3000,No
2023-10-28,Night,Jacket,341,"E015, E036, E031, E013, E031, E019, E010, E047, E043, E025",17,M012,Singer,S1000,No
2023-10-28,Night,Jacket,341,"E015, E036, E031, E013, E031, E019, E010, E047, E043, E025",17,M013,Singer,B2000,No
2023-10-28,Night,Jacket,341,"E015, E036, E031, E013, E031, E019, E010, E047, E043, E025",17,M014,Singer,S1000,No
2023-10-28,Night,Jacket,341,"E015, E036, E031, E013, E031, E019, E010, E047, E043, E025",17,M015,Juki,B2000,No
2023-10-28,Night,Jacket,341,"E015, E036, E031, E013, E031, E019, E010, E047, E043, E025",17,M016,Brother,S1000,Yes
2023-10-28,Night,Jacket,341,"E015, E036, E031, E013, E031, E019, E010, E047, E043, E025",17,M017,Singer,S1000,Yes
2023-10-28,Night,Jacket,341,"E015, E036, E031, E013, E031, E019, E010, E047, E043, E025",17,M018,Juki,B2000,No
2023-10-28,Night,Jacket,341,"E015, E036, E031, E013, E031, E019, E010, E047, E043, E025",17,M019,Singer,S1000,No
2023-10-28,Night,Jacket,341,"E015, E036, E031, E013, E031, E019, E010, E047, E043, E025",17,M020,Brother,B2000,No
2023-10-28,Night,Jacket,341,"E015, E036, E031, E013, E031, E019, E010, E047, E043, E025",17,M021,Brother,B2000,Yes
2023-10-28,Night,Jacket,341,"E015, E036, E031, E013, E031, E019, E010, E047, E043, E025",17,M022,Singer,B2000,No
2023-10-28,Night,Jacket,341,"E015, E036, E031, E013, E031, E019, E010, E047, E043, E025",17,M023,Brother,J3000,No
2023-10-28,Night,Jacket,341,"E015, E036, E031, E013, E031, E019, E010, E047, E043, E025",17,M024,Singer,S1000,No
2023-10-28,Night,Jacket,341,"E015, E036, E031, E013, E031, E019, E010, E047, E043, E025",17,M025,Singer,J3000,No
2023-10-28,Night,Jacket,341,"E015, E036, E031, E013, E031, E019, E010, E047, E043, E025",17,M026,Singer,S1000,No
2023-10-28,Night,Jacket,341,"E015, E036, E031, E013, E031, E019, E010, E047, E043, E025",17,M027,Singer,J3000,No
2023-10-28,Night,Jacket,341,"E015, E036, E031, E013, E031, E019, E010, E047, E043, E025",17,M028,Singer,S1000,No
2023-10-28,Night,Jacket,341,"E015, E036, E031, E013, E031, E019, E010, E047, E043, E025",17,M029,Singer,S1000,No
2023-10-28,Night,Jacket,341,"E015, E036, E031, E013, E031, E019, E010, E047, E043, E025",17,M030,Brother,B2000,Yes
2023-10-28,Night,Jacket,341,"E015, E036, E031, E013, E031, E019, E010, E047, E043, E025",17,M031,Brother,S1000,No
2023-10-28,Night,Jacket,341,"E015, E036, E031, E013, E031, E019, E010, E047, E043, E025",17,M032,Brother,S1000,No
2023-10-28,Night,Jacket,341,"E015, E036, E031, E013, E031, E019, E010, E047, E043, E025",17,M033,Juki,J3000,No
2023-10-28,Night,Jacket,341,"E015, E036, E031, E013, E031, E019, E010, E047, E043, E025",17,M034,Singer,B2000,No
2023-10-28,Night,Jacket,341,"E015, E036, E031, E013, E031, E019, E010, E047, E043, E025",17,M035,Brother,J3000,No
2023-10-28,Night,Jacket,341,"E015, E036, E031, E013, E031, E019, E010, E047, E043, E025",17,M036,Singer,B2000,Yes
2023-10-28,Night,Jacket,341,"E015, E036, E031, E013, E031, E019, E010, E047, E043, E025",17,M037,Singer,J3000,No
2023-10-28,Night,Jacket,341,"E015, E036, E031, E013, E031, E019, E010, E047, E043, E025",17,M038,Singer,S1000,No
2023-10-28,Night,Jacket,341,"E015, E036, E031, E013, E031, E019, E010, E047, E043, E025",17,M039,Singer,B2000,No
2023-10-28,Night,Jacket,341,"E015, E036, E031, E013, E031, E019, E010, E047, E043, E025",17,M040,Juki,S1000,Yes
2023-10-28,Night,Jacket,341,"E015, E036, E031, E013, E031, E019, E010, E047, E043, E025",17,M041,Brother,B2000,No
2023-10-28,Night,Jacket,341,"E015, E036, E031, E013, E031, E019, E010, E047, E043, E025",17,M042,Juki,J3000,No
2023-10-28,Night,Jacket,341,"E015, E036, E031, E013, E031, E019, E010, E047, E043, E025",17,M043,Brother,B2000,No
2023-10-28,Night,Jacket,341,"E015, E036, E031, E013, E031, E019, E010, E047, E043, E025",17,M044,Juki,J3000,Yes
2023-10-28,Night,Jacket,341,"E015, E036, E031, E013, E031, E019, E010, E047, E043, E025",17,M045,Juki,S1000,No
2023-10-28,Night,Jacket,341,"E015, E036, E031, E013, E031, E019, E010, E047, E043, E025",17,M046,Singer,B2000,No
2023-10-28,Night,Jacket,341,"E015, E036, E031, E013, E031, E019, E010, E047, E043, E025",17,M047,Brother,J3000,No
2023-10-28,Night,Jacket,341,"E015, E036, E031, E013, E031, E019, E010, E047, E043, E025",17,M048,Juki,B2000,No
2023-10-28,Night,Jacket,341,"E015, E036, E031, E013, E031, E019, E010, E047, E043, E025",17,M049,Brother,S1000,No
2023-10-28,Night,Jacket,341,"E015, E036, E031, E013, E031, E019, E010, E047, E043, E025",17,M050,Singer,B2000,Yes
2023-10-29,Day,Shirt,501,"E024, E026, E028, E026, E018, E049, E010, E032, E006, E027",25,M001,Brother,B2000,No
2023-10-29,Day,Shirt,501,"E024, E026, E028, E026, E018, E049, E010, E032, E006, E027",25,M002,Singer,S1000,No
2023-10-29,Day,Shirt,501,"E024, E026, E028, E026, E018, E049, E010, E032, E006, E027",25,M003,Brother,S1000,No
2023-10-29,Day,Shirt,501,"E024, E026, E028, E026, E018, E049, E010, E032, E006, E027",25,M004,Singer,B2000,Yes
2023-10-29,Day,Shirt,501,"E024, E026, E028, E026, E018, E049, E010, E032, E006, E027",25,M005,Brother,B2000,No
2023-10-29,Day,Shirt,501,"E024, E026, E028, E026, E018, E049, E010, E032, E006, E027",25,M006,Singer,J3000,No
2023-10-29,Day,Shirt,501,"E024, E026, E028, E026, E018, E049, E010, E032, E006, E027",25,M007,Juki,S1000,Yes
2023-10-29,Day,Shirt,501,"E024, E026, E028, E026, E018, E049, E010, E032, E006, E027",25,M008,Brother,B2000,No
2023-10-29,Day,Shirt,501,"E024, E026, E028, E026, E018, E049, E010, E032, E006, E027",25,M009,Singer,J3000,Yes
2023-10-29,Day,Shirt,501,"E024, E026, E028, E026, E018, E049, E010, E032, E006, E027",25,M010,Singer,S1000,No
2023-10-29,Day,Shirt,501,"E024, E026, E028, E026, E018, E049, E010, E032, E006, E027",25,M011,Singer,B2000,No
2023-10-29,Day,Shirt,501,"E024, E026, E028, E026, E018, E049, E010, E032, E006, E027",25,M012,Singer,B2000,No
2023-10-29,Day,Shirt,501,"E024, E026, E028, E026, E018, E049, E010, E032, E006, E027",25,M013,Brother,J3000,Yes
2023-10-29,Day,Shirt,501,"E024, E026, E028, E026, E018, E049, E010, E032, E006, E027",25,M014,Singer,J3000,No
2023-10-29,Day,Shirt,501,"E024, E026, E028, E026, E018, E049, E010, E032, E006, E027",25,M015,Brother,J3000,No
2023-10-29,Day,Shirt,501,"E024, E026, E028, E026, E018, E049, E010, E032, E006, E027",25,M016,Brother,S1000,No
2023-10-29,Day,Shirt,501,"E024, E026, E028, E026, E018, E049, E010, E032, E006, E027",25,M017,Singer,S1000,No
2023-10-29,Day,Shirt,501,"E024, E026, E028, E026, E018, E049, E010, E032, E006, E027",25,M018,Brother,J3000,No
2023-10-29,Day,Shirt,501,"E024, E026, E028, E026, E018, E049, E010, E032, E006, E027",25,M019,Brother,J3000,No
2023-10-29,Day,Shirt,501,"E024, E026, E028, E026, E018, E049, E010, E032, E006, E027",25,M020,Brother,B2000,No
2023-10-29,Day,Shirt,501,"E024, E026, E028, E026, E018, E049, E010, E032, E006, E027",25,M021,Juki,J3000,No
2023-10-29,Day,Shirt,501,"E024, E026, E028, E026, E018, E049, E010, E032, E006, E027",25,M022,Singer,S1000,No
2023-10-29,Day,Shirt,501,"E024, E026, E028, E026, E018, E049, E010, E032, E006, E027",25,M023,Singer,S1000,No
2023-10-29,Day,Shirt,501,"E024, E026, E028, E026, E018, E049, E010, E032, E006, E027",25,M024,Brother,B2000,No
2023-10-29,Day,Shirt,501,"E024, E026, E028, E026, E018, E049, E010, E032, E006, E027",25,M025,Juki,J3000,No
2023-10-29,Day,Shirt,501,"E024, E026, E028, E026, E018, E049, E010, E032, E006, E027",25,M026,Brother,J3000,Yes
2023-10-29,Day,Shirt,501,"E024, E026, E028, E026, E018, E049, E010, E032, E006, E027",25,M027,Singer,B2000,No
2023-10-29,Day,Shirt,501,"E024, E026, E028, E026, E018, E049, E010, E032, E006, E027",25,M028,Brother,B2000,Yes
2023-10-29,Day,Shirt,501,"E024, E026, E028, E026, E018, E049, E010, E032, E006, E027",25,M029,Juki,B2000,No
2023-10-29,Day,Shirt,501,"E024, E026, E028, E026, E018, E049, E010, E032, E006, E027",25,M030,Brother,J3000,No
2023-10-29,Day,Shirt,501,"E024, E026, E028, E026, E018, E049, E010, E032, E006, E027",25,M031,Juki,B2000,No
2023-10-29,Day,Shirt,501,"E024, E026, E028, E026, E018, E049, E010, E032, E006, E027",25,M032,Juki,J3000,No
2023-10-29,Day,Shirt,501,"E024, E026, E028, E026, E018, E049, E010, E032, E006, E027",25,M033,Brother,B2000,No
2023-10-29,Day,Shirt,501,"E024, E026, E028, E026, E018, E049, E010, E032, E006, E027",25,M034,Juki,S1000,No
2023-10-29,Day,Shirt,501,"E024, E026, E028, E026, E018, E049, E010, E032, E006, E027",25,M035,Brother,J3000,No
2023-10-29,Day,Shirt,501,"E024, E026, E028, E026, E018, E049, E010, E032, E006, E027",25,M036,Singer,J3000,Yes
2023-10-29,Day,Shirt,501,"E024, E026, E028, E026, E018, E049, E010, E032, E006, E027",25,M037,Brother,J3000,No
2023-10-29,Day,Shirt,501,"E024, E026, E028, E026, E018, E049, E010, E032, E006, E027",25,M038,Juki,B2000,Yes
2023-10-29,Day,Shirt,501,"E024, E026, E028, E026, E018, E049, E010, E032, E006, E027",25,M039,Singer,B2000,No
2023-10-29,Day,Shirt,501,"E024, E026, E028, E026, E018, E049, E010, E032, E006, E027",25,M040,Juki,J3000,Yes
2023-10-29,Day,Shirt,501,"E024, E026, E028, E026, E018, E049, E010, E032, E006, E027",25,M041,Singer,B2000,No
2023-10-29,Day,Shirt,501,"E024, E026, E028, E026, E018, E049, E010, E032, E006, E027",25,M042,Brother,B2000,No
2023-10-29,Day,Shirt,501,"E024, E026, E028, E026, E018, E049, E010, E032, E006, E027",25,M043,Singer,S1000,No
2023-10-29,Day,Shirt,501,"E024, E026, E028, E026, E018, E049, E010, E032, E006, E027",25,M044,Juki,J3000,No
2023-10-29,Day,Shirt,501,"E024, E026, E028, E026, E018, E049, E010, E032, E006, E027",25,M045,Singer,B2000,No
2023-10-29,Day,Shirt,501,"E024, E026, E028, E026, E018, E049, E010, E032, E006, E027",25,M046,Brother,J3000,No
2023-10-29,Day,Shirt,501,"E024, E026, E028, E026, E018, E049, E010, E032, E006, E027",25,M047,Juki,S1000,No
2023-10-29,Day,Shirt,501,"E024, E026, E028, E026, E018, E049, E010, E032, E006, E027",25,M048,Brother,J3000,Yes
2023-10-29,Day,Shirt,501,"E024, E026, E028, E026, E018, E049, E010, E032, E006, E027",25,M049,Juki,S1000,No
2023-10-29,Day,Shirt,501,"E024, E026, E028, E026, E018, E049, E010, E032, E006, E027",25,M050,Singer,S1000,No
2023-10-29,Night,Shirt,626,"E005, E007, E050, E022, E033, E006, E028, E030, E010, E035",17,M001,Brother,B2000,No
2023-10-29,Night,Shirt,626,"E005, E007, E050, E022, E033, E006, E028, E030, E010, E035",17,M002,Singer,B2000,No
2023-10-29,Night,Shirt,626,"E005, E007, E050, E022, E033, E006, E028, E030, E010, E035",17,M003,Brother,B2000,No
2023-10-29,Night,Shirt,626,"E005, E007, E050, E022, E033, E006, E028, E030, E010, E035",17,M004,Juki,J3000,No
2023-10-29,Night,Shirt,626,"E005, E007, E050, E022, E033, E006, E028, E030, E010, E035",17,M005,Singer,S1000,Yes
2023-10-29,Night,Shirt,626,"E005, E007, E050, E022, E033, E006, E028, E030, E010, E035",17,M006,Brother,B2000,No
2023-10-29,Night,Shirt,626,"E005, E007, E050, E022, E033, E006, E028, E030, E010, E035",17,M007,Brother,B2000,No
2023-10-29,Night,Shirt,626,"E005, E007, E050, E022, E033, E006, E028, E030, E010, E035",17,M008,Juki,S1000,No
2023-10-29,Night,Shirt,626,"E005, E007, E050, E022, E033, E006, E028, E030, E010, E035",17,M009,Singer,S1000,No
2023-10-29,Night,Shirt,626,"E005, E007, E050, E022, E033, E006, E028, E030, E010, E035",17,M010,Brother,B2000,Yes
2023-10-29,Night,Shirt,626,"E005, E007, E050, E022, E033, E006, E028, E030, E010, E035",17,M011,Brother,J3000,No
2023-10-29,Night,Shirt,626,"E005, E007, E050, E022, E033, E006, E028, E030, E010, E035",17,M012,Singer,B2000,No
2023-10-29,Night,Shirt,626,"E005, E007, E050, E022, E033, E006, E028, E030, E010, E035",17,M013,Juki,J3000,No
2023-10-29,Night,Shirt,626,"E005, E007, E050, E022, E033, E006, E028, E030, E010, E035",17,M014,Brother,B2000,No
2023-10-29,Night,Shirt,626,"E005, E007, E050, E022, E033, E006, E028, E030, E010, E035",17,M015,Brother,J3000,No
2023-10-29,Night,Shirt,626,"E005, E007, E050, E022, E033, E006, E028, E030, E010, E035",17,M016,Brother,S1000,No
2023-10-29,Night,Shirt,626,"E005, E007, E050, E022, E033, E006, E028, E030, E010, E035",17,M017,Singer,J3000,Yes
2023-10-29,Night,Shirt,626,"E005, E007, E050, E022, E033, E006, E028, E030, E010, E035",17,M018,Brother,J3000,No
2023-10-29,Night,Shirt,626,"E005, E007, E050, E022, E033, E006, E028, E030, E010, E035",17,M019,Brother,J3000,Yes
2023-10-29,Night,Shirt,626,"E005, E007, E050, E022, E033, E006, E028, E030, E010, E035",17,M020,Singer,J3000,No
2023-10-29,Night,Shirt,626,"E005, E007, E050, E022, E033, E006, E028, E030, E010, E035",17,M021,Juki,S1000,No
2023-10-29,Night,Shirt,626,"E005, E007, E050, E022, E033, E006, E028, E030, E010, E035",17,M022,Brother,B2000,No
2023-10-29,Night,Shirt,626,"E005, E007, E050, E022, E033, E006, E028, E030, E010, E035",17,M023,Brother,J3000,No
2023-10-29,Night,Shirt,626,"E005, E007, E050, E022, E033, E006, E028, E030, E010, E035",17,M024,Singer,J3000,No
2023-10-29,Night,Shirt,626,"E005, E007, E050, E022, E033, E006, E028, E030, E010, E035",17,M025,Brother,J3000,Yes
2023-10-29,Night,Shirt,626,"E005, E007, E050, E022, E033, E006, E028, E030, E010, E035",17,M026,Brother,S1000,No
2023-10-29,Night,Shirt,626,"E005, E007, E050, E022, E033, E006, E028, E030, E010, E035",17,M027,Brother,J3000,Yes
2023-10-29,Night,Shirt,626,"E005, E007, E050, E022, E033, E006, E028, E030, E010, E035",17,M028,Singer,J3000,No
2023-10-29,Night,Shirt,626,"E005, E007, E050, E022, E033, E006, E028, E030, E010, E035",17,M029,Singer,S1000,No
2023-10-29,Night,Shirt,626,"E005, E007, E050, E022, E033, E006, E028, E030, E010, E035",17,M030,Singer,S1000,No
2023-10-29,Night,Shirt,626,"E005, E007, E050, E022, E033, E006, E028, E030, E010, E035",17,M031,Singer,B2000,No
2023-10-29,Night,Shirt,626,"E005, E007, E050, E022, E033, E006, E028, E030, E010, E035",17,M032,Singer,B2000,No
2023-10-29,Night,Shirt,626,"E005, E007, E050, E022, E033, E006, E028, E030, E010, E035",17,M033,Juki,J3000,Yes
2023-10-29,Night,Shirt,626,"E005, E007, E050, E022, E033, E006, E028, E030, E010, E035",17,M034,Brother,S1000,No
2023-10-29,Night,Shirt,626,"E005, E007, E050, E022, E033, E006, E028, E030, E010, E035",17,M035,Singer,B2000,No
2023-10-29,Night,Shirt,626,"E005, E007, E050, E022, E033, E006, E028, E030, E010, E035",17,M036,Juki,B2000,No
2023-10-29,Night,Shirt,626,"E005, E007, E050, E022, E033, E006, E028, E030, E010, E035",17,M037,Brother,B2000,No
2023-10-29,Night,Shirt,626,"E005, E007, E050, E022, E033, E006, E028, E030, E010, E035",17,M038,Brother,B2000,Yes
2023-10-29,Night,Shirt,626,"E005, E007, E050, E022, E033, E006, E028, E030, E010, E035",17,M039,Brother,J3000,No
2023-10-29,Night,Shirt,626,"E005, E007, E050, E022, E033, E006, E028, E030, E010, E035",17,M040,Singer,S1000,No
2023-10-29,Night,Shirt,626,"E005, E007, E050, E022, E033, E006, E028, E030, E010, E035",17,M041,Juki,S1000,No
2023-10-29,Night,Shirt,626,"E005, E007, E050, E022, E033, E006, E028, E030, E010, E035",17,M042,Juki,S1000,No
2023-10-29,Night,Shirt,626,"E005, E007, E050, E022, E033, E006, E028, E030, E010, E035",17,M043,Brother,S1000,No
2023-10-29,Night,Shirt,626,"E005, E007, E050, E022, E033, E006, E028, E030, E010, E035",17,M044,Brother,J3000,No
2023-10-29,Night,Shirt,626,"E005, E007, E050, E022, E033, E006, E028, E030, E010, E035",17,M045,Juki,B2000,No
2023-10-29,Night,Shirt,626,"E005, E007, E050, E022, E033, E006, E028, E030, E010, E035",17,M046,Brother,B2000,Yes
2023-10-29,Night,Shirt,626,"E005, E007, E050, E022, E033, E006, E028, E030, E010, E035",17,M047,Singer,S1000,No
2023-10-29,Night,Shirt,626,"E005, E007, E050, E022, E033, E006, E028, E030, E010, E035",17,M048,Singer,J3000,No
2023-10-29,Night,Shirt,626,"E005, E007, E050, E022, E033, E006, E028, E030, E010, E035",17,M049,Brother,S1000,Yes
2023-10-29,Night,Shirt,626,"E005, E007, E050, E022, E033, E006, E028, E030, E010, E035",17,M050,Singer,B2000,No
2023-10-30,Day,Dress,396,"E017, E026, E014, E039, E017, E037, E032, E014, E014, E044",23,M001,Brother,B2000,No
2023-10-30,Day,Dress,396,"E017, E026, E014, E039, E017, E037, E032, E014, E014, E044",23,M002,Brother,S1000,No
2023-10-30,Day,Dress,396,"E017, E026, E014, E039, E017, E037, E032, E014, E014, E044",23,M003,Juki,B2000,No
2023-10-30,Day,Dress,396,"E017, E026, E014, E039, E017, E037, E032, E014, E014, E044",23,M004,Brother,B2000,Yes
2023-10-30,Day,Dress,396,"E017, E026, E014, E039, E017, E037, E032, E014, E014, E044",23,M005,Juki,B2000,No
2023-10-30,Day,Dress,396,"E017, E026, E014, E039, E017, E037, E032, E014, E014, E044",23,M006,Brother,S1000,No
2023-10-30,Day,Dress,396,"E017, E026, E014, E039, E017, E037, E032, E014, E014, E044",23,M007,Singer,S1000,No
2023-10-30,Day,Dress,396,"E017, E026, E014, E039, E017, E037, E032, E014, E014, E044",23,M008,Singer,B2000,No
2023-10-30,Day,Dress,396,"E017, E026, E014, E039, E017, E037, E032, E014, E014, E044",23,M009,Singer,J3000,Yes
2023-10-30,Day,Dress,396,"E017, E026, E014, E039, E017, E037, E032, E014, E014, E044",23,M010,Brother,J3000,Yes
2023-10-30,Day,Dress,396,"E017, E026, E014, E039, E017, E037, E032, E014, E014, E044",23,M011,Brother,S1000,Yes
2023-10-30,Day,Dress,396,"E017, E026, E014, E039, E017, E037, E032, E014, E014, E044",23,M012,Singer,B2000,Yes
2023-10-30,Day,Dress,396,"E017, E026, E014, E039, E017, E037, E032, E014, E014, E044",23,M013,Singer,S1000,No
2023-10-30,Day,Dress,396,"E017, E026, E014, E039, E017, E037, E032, E014, E014, E044",23,M014,Brother,B2000,No
2023-10-30,Day,Dress,396,"E017, E026, E014, E039, E017, E037, E032, E014, E014, E044",23,M015,Juki,B2000,No
2023-10-30,Day,Dress,396,"E017, E026, E014, E039, E017, E037, E032, E014, E014, E044",23,M016,Singer,J3000,No
2023-10-30,Day,Dress,396,"E017, E026, E014, E039, E017, E037, E032, E014, E014, E044",23,M017,Juki,J3000,No
2023-10-30,Day,Dress,396,"E017, E026, E014, E039, E017, E037, E032, E014, E014, E044",23,M018,Juki,S1000,No
2023-10-30,Day,Dress,396,"E017, E026, E014, E039, E017, E037, E032, E014, E014, E044",23,M019,Brother,J3000,No
2023-10-30,Day,Dress,396,"E017, E026, E014, E039, E017, E037, E032, E014, E014, E044",23,M020,Juki,J3000,No
2023-10-30,Day,Dress,396,"E017, E026, E014, E039, E017, E037, E032, E014, E014, E044",23,M021,Singer,J3000,No
2023-10-30,Day,Dress,396,"E017, E026, E014, E039, E017, E037, E032, E014, E014, E044",23,M022,Juki,B2000,No
2023-10-30,Day,Dress,396,"E017, E026, E014, E039, E017, E037, E032, E014, E014, E044",23,M023,Brother,S1000,No
2023-10-30,Day,Dress,396,"E017, E026, E014, E039, E017, E037, E032, E014, E014, E044",23,M024,Juki,B2000,No
2023-10-30,Day,Dress,396,"E017, E026, E014, E039, E017, E037, E032, E014, E014, E044",23,M025,Brother,S1000,No
2023-10-30,Day,Dress,396,"E017, E026, E014, E039, E017, E037, E032, E014, E014, E044",23,M026,Singer,J3000,No
2023-10-30,Day,Dress,396,"E017, E026, E014, E039, E017, E037, E032, E014, E014, E044",23,M027,Juki,J3000,Yes
2023-10-30,Day,Dress,396,"E017, E026, E014, E039, E017, E037, E032, E014, E014, E044",23,M028,Juki,B2000,No
2023-10-30,Day,Dress,396,"E017, E026, E014, E039, E017, E037, E032, E014, E014, E044",23,M029,Brother,B2000,No
2023-10-30,Day,Dress,396,"E017, E026, E014, E039, E017, E037, E032, E014, E014, E044",23,M030,Brother,J3000,No
2023-10-30,Day,Dress,396,"E017, E026, E014, E039, E017, E037, E032, E014, E014, E044",23,M031,Brother,S1000,No
2023-10-30,Day,Dress,396,"E017, E026, E014, E039, E017, E037, E032, E014, E014, E044",23,M032,Singer,J3000,Yes
2023-10-30,Day,Dress,396,"E017, E026, E014, E039, E017, E037, E032, E014, E014, E044",23,M033,Singer,B2000,Yes
2023-10-30,Day,Dress,396,"E017, E026, E014, E039, E017, E037, E032, E014, E014, E044",23,M034,Juki,B2000,No
2023-10-30,Day,Dress,396,"E017, E026, E014, E039, E017, E037, E032, E014, E014, E044",23,M035,Singer,B2000,No
2023-10-30,Day,Dress,396,"E017, E026, E014, E039, E017, E037, E032, E014, E014, E044",23,M036,Singer,S1000,No
2023-10-30,Day,Dress,396,"E017, E026, E014, E039, E017, E037, E032, E014, E014, E044",23,M037,Singer,S1000,No
2023-10-30,Day,Dress,396,"E017, E026, E014, E039, E017, E037, E032, E014, E014, E044",23,M038,Juki,B2000,No
2023-10-30,Day,Dress,396,"E017, E026, E014, E039, E017, E037, E032, E014, E014, E044",23,M039,Brother,J3000,No
2023-10-30,Day,Dress,396,"E017, E026, E014, E039, E017, E037, E032, E014, E014, E044",23,M040,Juki,B2000,Yes
2023-10-30,Day,Dress,396,"E017, E026, E014, E039, E017, E037, E032, E014, E014, E044",23,M041,Juki,B2000,No
2023-10-30,Day,Dress,396,"E017, E026, E014, E039, E017, E037, E032, E014, E014, E044",23,M042,Juki,S1000,No
2023-10-30,Day,Dress,396,"E017, E026, E014, E039, E017, E037, E032, E014, E014, E044",23,M043,Singer,J3000,No
2023-10-30,Day,Dress,396,"E017, E026, E014, E039, E017, E037, E032, E014, E014, E044",23,M044,Juki,B2000,No
2023-10-30,Day,Dress,396,"E017, E026, E014, E039, E017, E037, E032, E014, E014, E044",23,M045,Singer,S1000,No
2023-10-30,Day,Dress,396,"E017, E026, E014, E039, E017, E037, E032, E014, E014, E044",23,M046,Brother,S1000,No
2023-10-30,Day,Dress,396,"E017, E026, E014, E039, E017, E037, E032, E014, E014, E044",23,M047,Juki,S1000,No
2023-10-30,Day,Dress,396,"E017, E026, E014, E039, E017, E037, E032, E014, E014, E044",23,M048,Juki,J3000,No
2023-10-30,Day,Dress,396,"E017, E026, E014, E039, E017, E037, E032, E014, E014, E044",23,M049,Singer,B2000,Yes
2023-10-30,Day,Dress,396,"E017, E026, E014, E039, E017, E037, E032, E014, E014, E044",23,M050,Singer,J3000,No
2023-10-30,Night,Jacket,371,"E026, E043, E045, E024, E022, E035, E013, E017, E050, E011",15,M001,Singer,B2000,No
2023-10-30,Night,Jacket,371,"E026, E043, E045, E024, E022, E035, E013, E017, E050, E011",15,M002,Juki,S1000,No
2023-10-30,Night,Jacket,371,"E026, E043, E045, E024, E022, E035, E013, E017, E050, E011",15,M003,Singer,S1000,No
2023-10-30,Night,Jacket,371,"E026, E043, E045, E024, E022, E035, E013, E017, E050, E011",15,M004,Singer,J3000,No
2023-10-30,Night,Jacket,371,"E026, E043, E045, E024, E022, E035, E013, E017, E050, E011",15,M005,Juki,S1000,No
2023-10-30,Night,Jacket,371,"E026, E043, E045, E024, E022, E035, E013, E017, E050, E011",15,M006,Juki,J3000,No
2023-10-30,Night,Jacket,371,"E026, E043, E045, E024, E022, E035, E013, E017, E050, E011",15,M007,Singer,S1000,No
2023-10-30,Night,Jacket,371,"E026, E043, E045, E024, E022, E035, E013, E017, E050, E011",15,M008,Singer,S1000,No
2023-10-30,Night,Jacket,371,"E026, E043, E045, E024, E022, E035, E013, E017, E050, E011",15,M009,Juki,J3000,No
2023-10-30,Night,Jacket,371,"E026, E043, E045, E024, E022, E035, E013, E017, E050, E011",15,M010,Singer,B2000,No
2023-10-30,Night,Jacket,371,"E026, E043, E045, E024, E022, E035, E013, E017, E050, E011",15,M011,Singer,B2000,Yes
2023-10-30,Night,Jacket,371,"E026, E043, E045, E024, E022, E035, E013, E017, E050, E011",15,M012,Singer,J3000,Yes
2023-10-30,Night,Jacket,371,"E026, E043, E045, E024, E022, E035, E013, E017, E050, E011",15,M013,Brother,S1000,No
2023-10-30,Night,Jacket,371,"E026, E043, E045, E024, E022, E035, E013, E017, E050, E011",15,M014,Juki,J3000,No
2023-10-30,Night,Jacket,371,"E026, E043, E045, E024, E022, E035, E013, E017, E050, E011",15,M015,Singer,B2000,No
2023-10-30,Night,Jacket,371,"E026, E043, E045, E024, E022, E035, E013, E017, E050, E011",15,M016,Brother,B2000,No
2023-10-30,Night,Jacket,371,"E026, E043, E045, E024, E022, E035, E013, E017, E050, E011",15,M017,Brother,J3000,Yes
2023-10-30,Night,Jacket,371,"E026, E043, E045, E024, E022, E035, E013, E017, E050, E011",15,M018,Juki,B2000,No
2023-10-30,Night,Jacket,371,"E026, E043, E045, E024, E022, E035, E013, E017, E050, E011",15,M019,Singer,B2000,No
2023-10-30,Night,Jacket,371,"E026, E043, E045, E024, E022, E035, E013, E017, E050, E011",15,M020,Brother,B2000,Yes
2023-10-30,Night,Jacket,371,"E026, E043, E045, E024, E022, E035, E013, E017, E050, E011",15,M021,Juki,S1000,No
2023-10-30,Night,Jacket,371,"E026, E043, E045, E024, E022, E035, E013, E017, E050, E011",15,M022,Brother,J3000,No
2023-10-30,Night,Jacket,371,"E026, E043, E045, E024, E022, E035, E013, E017, E050, E011",15,M023,Juki,S1000,No
2023-10-30,Night,Jacket,371,"E026, E043, E045, E024, E022, E035, E013, E017, E050, E011",15,M024,Singer,J3000,No
2023-10-30,Night,Jacket,371,"E026, E043, E045, E024, E022, E035, E013, E017, E050, E011",15,M025,Brother,J3000,Yes
2023-10-30,Night,Jacket,371,"E026, E043, E045, E024, E022, E035, E013, E017, E050, E011",15,M026,Juki,B2000,No
2023-10-30,Night,Jacket,371,"E026, E043, E045, E024, E022, E035, E013, E017, E050, E011",15,M027,Juki,B2000,Yes
2023-10-30,Night,Jacket,371,"E026, E043, E045, E024, E022, E035, E013, E017, E050, E011",15,M028,Brother,J3000,No
2023-10-30,Night,Jacket,371,"E026, E043, E045, E024, E022, E035, E013, E017, E050, E011",15,M029,Singer,B2000,Yes
2023-10-30,Night,Jacket,371,"E026, E043, E045, E024, E022, E035, E013, E017, E050, E011",15,M030,Juki,S1000,No
2023-10-30,Night,Jacket,371,"E026, E043, E045, E024, E022, E035, E013, E017, E050, E011",15,M031,Juki,J3000,No
2023-10-30,Night,Jacket,371,"E026, E043, E045, E024, E022, E035, E013, E017, E050, E011",15,M032,Singer,B2000,No
2023-10-30,Night,Jacket,371,"E026, E043, E045, E024, E022, E035, E013, E017, E050, E011",15,M033,Singer,S1000,No
2023-10-30,Night,Jacket,371,"E026, E043, E045, E024, E022, E035, E013, E017, E050, E011",15,M034,Singer,S1000,No
2023-10-30,Night,Jacket,371,"E026, E043, E045, E024, E022, E035, E013, E017, E050, E011",15,M035,Juki,J3000,No
2023-10-30,Night,Jacket,371,"E026, E043, E045, E024, E022, E035, E013, E017, E050, E011",15,M036,Singer,B2000,No
2023-10-30,Night,Jacket,371,"E026, E043, E045, E024, E022, E035, E013, E017, E050, E011",15,M037,Singer,J3000,No
2023-10-30,Night,Jacket,371,"E026, E043, E045, E024, E022, E035, E013, E017, E050, E011",15,M038,Juki,B2000,No
2023-10-30,Night,Jacket,371,"E026, E043, E045, E024, E022, E035, E013, E017, E050, E011",15,M039,Brother,B2000,No
2023-10-30,Night,Jacket,371,"E026, E043, E045, E024, E022, E035, E013, E017, E050, E011",15,M040,Singer,J3000,No
2023-10-30,Night,Jacket,371,"E026, E043, E045, E024, E022, E035, E013, E017, E050, E011",15,M041,Juki,B2000,No
2023-10-30,Night,Jacket,371,"E026, E043, E045, E024, E022, E035, E013, E017, E050, E011",15,M042,Singer,S1000,No
2023-10-30,Night,Jacket,371,"E026, E043, E045, E024, E022, E035, E013, E017, E050, E011",15,M043,Juki,J3000,No
2023-10-30,Night,Jacket,371,"E026, E043, E045, E024, E022, E035, E013, E017, E050, E011",15,M044,Juki,J3000,No
2023-10-30,Night,Jacket,371,"E026, E043, E045, E024, E022, E035, E013, E017, E050, E011",15,M045,Singer,B2000,No
2023-10-30,Night,Jacket,371,"E026, E043, E045, E024, E022, E035, E013, E017, E050, E011",15,M046,Brother,J3000,No
2023-10-30,Night,Jacket,371,"E026, E043, E045, E024, E022, E035, E013, E017, E050, E011",15,M047,Brother,S1000,No
2023-10-30,Night,Jacket,371,"E026, E043, E045, E024, E022, E035, E013, E017, E050, E011",15,M048,Singer,J3000,No
2023-10-30,Night,Jacket,371,"E026, E043, E045, E024, E022, E035, E013, E017, E050, E011",15,M049,Brother,B2000,Yes
2023-10-30,Night,Jacket,371,"E026, E043, E045, E024, E022, E035, E013, E017, E050, E011",15,M050,Singer,B2000,No
2023-10-31,Day,T-Shirt,535,"E032, E034, E049, E031, E012, E008, E026, E044, E028, E043",12,M001,Singer,S1000,No
2023-10-31,Day,T-Shirt,535,"E032, E034, E049, E031, E012, E008, E026, E044, E028, E043",12,M002,Singer,S1000,No
2023-10-31,Day,T-Shirt,535,"E032, E034, E049, E031, E012, E008, E026, E044, E028, E043",12,M003,Juki,S1000,No
2023-10-31,Day,T-Shirt,535,"E032, E034, E049, E031, E012, E008, E026, E044, E028, E043",12,M004,Brother,S1000,No
2023-10-31,Day,T-Shirt,535,"E032, E034, E049, E031, E012, E008, E026, E044, E028, E043",12,M005,Juki,S1000,Yes
2023-10-31,Day,T-Shirt,535,"E032, E034, E049, E031, E012, E008, E026, E044, E028, E043",12,M006,Juki,S1000,No
2023-10-31,Day,T-Shirt,535,"E032, E034, E049, E031, E012, E008, E026, E044, E028, E043",12,M007,Juki,S1000,No
2023-10-31,Day,T-Shirt,535,"E032, E034, E049, E031, E012, E008, E026, E044, E028, E043",12,M008,Singer,S1000,Yes
2023-10-31,Day,T-Shirt,535,"E032, E034, E049, E031, E012, E008, E026, E044, E028, E043",12,M009,Brother,J3000,No
2023-10-31,Day,T-Shirt,535,"E032, E034, E049, E031, E012, E008, E026, E044, E028, E043",12,M010,Singer,S1000,No
2023-10-31,Day,T-Shirt,535,"E032, E034, E049, E031, E012, E008, E026, E044, E028, E043",12,M011,Singer,B2000,No
2023-10-31,Day,T-Shirt,535,"E032, E034, E049, E031, E012, E008, E026, E044, E028, E043",12,M012,Brother,J3000,No
2023-10-31,Day,T-Shirt,535,"E032, E034, E049, E031, E012, E008, E026, E044, E028, E043",12,M013,Brother,J3000,No
2023-10-31,Day,T-Shirt,535,"E032, E034, E049, E031, E012, E008, E026, E044, E028, E043",12,M014,Singer,S1000,No
2023-10-31,Day,T-Shirt,535,"E032, E034, E049, E031, E012, E008, E026, E044, E028, E043",12,M015,Singer,J3000,No
2023-10-31,Day,T-Shirt,535,"E032, E034, E049, E031, E012, E008, E026, E044, E028, E043",12,M016,Brother,B2000,No
2023-10-31,Day,T-Shirt,535,"E032, E034, E049, E031, E012, E008, E026, E044, E028, E043",12,M017,Brother,B2000,Yes
2023-10-31,Day,T-Shirt,535,"E032, E034, E049, E031, E012, E008, E026, E044, E028, E043",12,M018,Juki,S1000,No
2023-10-31,Day,T-Shirt,535,"E032, E034, E049, E031, E012, E008, E026, E044, E028, E043",12,M019,Singer,J3000,No
2023-10-31,Day,T-Shirt,535,"E032, E034, E049, E031, E012, E008, E026, E044, E028, E043",12,M020,Juki,J3000,No
2023-10-31,Day,T-Shirt,535,"E032, E034, E049, E031, E012, E008, E026, E044, E028, E043",12,M021,Brother,J3000,No
2023-10-31,Day,T-Shirt,535,"E032, E034, E049, E031, E012, E008, E026, E044, E028, E043",12,M022,Juki,S1000,No
2023-10-31,Day,T-Shirt,535,"E032, E034, E049, E031, E012, E008, E026, E044, E028, E043",12,M023,Singer,J3000,Yes
2023-10-31,Day,T-Shirt,535,"E032, E034, E049, E031, E012, E008, E026, E044, E028, E043",12,M024,Juki,S1000,No
2023-10-31,Day,T-Shirt,535,"E032, E034, E049, E031, E012, E008, E026, E044, E028, E043",12,M025,Juki,J3000,No
2023-10-31,Day,T-Shirt,535,"E032, E034, E049, E031, E012, E008, E026, E044, E028, E043",12,M026,Singer,J3000,No
2023-10-31,Day,T-Shirt,535,"E032, E034, E049, E031, E012, E008, E026, E044, E028, E043",12,M027,Singer,B2000,Yes
2023-10-31,Day,T-Shirt,535,"E032, E034, E049, E031, E012, E008, E026, E044, E028, E043",12,M028,Brother,J3000,No
2023-10-31,Day,T-Shirt,535,"E032, E034, E049, E031, E012, E008, E026, E044, E028, E043",12,M029,Brother,J3000,No
2023-10-31,Day,T-Shirt,535,"E032, E034, E049, E031, E012, E008, E026, E044, E028, E043",12,M030,Singer,B2000,No
2023-10-31,Day,T-Shirt,535,"E032, E034, E049, E031, E012, E008, E026, E044, E028, E043",12,M031,Brother,B2000,No
2023-10-31,Day,T-Shirt,535,"E032, E034, E049, E031, E012, E008, E026, E044, E028, E043",12,M032,Juki,S1000,No
2023-10-31,Day,T-Shirt,535,"E032, E034, E049, E031, E012, E008, E026, E044, E028, E043",12,M033,Juki,J3000,Yes
2023-10-31,Day,T-Shirt,535,"E032, E034, E049, E031, E012, E008, E026, E044, E028, E043",12,M034,Juki,S1000,No
2023-10-31,Day,T-Shirt,535,"E032, E034, E049, E031, E012, E008, E026, E044, E028, E043",12,M035,Singer,S1000,No
2023-10-31,Day,T-Shirt,535,"E032, E034, E049, E031, E012, E008, E026, E044, E028, E043",12,M036,Singer,B2000,No
2023-10-31,Day,T-Shirt,535,"E032, E034, E049, E031, E012, E008, E026, E044, E028, E043",12,M037,Brother,S1000,No
2023-10-31,Day,T-Shirt,535,"E032, E034, E049, E031, E012, E008, E026, E044, E028, E043",12,M038,Brother,B2000,No
2023-10-31,Day,T-Shirt,535,"E032, E034, E049, E031, E012, E008, E026, E044, E028, E043",12,M039,Singer,B2000,No
2023-10-31,Day,T-Shirt,535,"E032, E034, E049, E031, E012, E008, E026, E044, E028, E043",12,M040,Juki,S1000,No
2023-10-31,Day,T-Shirt,535,"E032, E034, E049, E031, E012, E008, E026, E044, E028, E043",12,M041,Brother,S1000,No
2023-10-31,Day,T-Shirt,535,"E032, E034, E049, E031, E012, E008, E026, E044, E028, E043",12,M042,Singer,S1000,No
2023-10-31,Day,T-Shirt,535,"E032, E034, E049, E031, E012, E008, E026, E044, E028, E043",12,M043,Singer,S1000,No
2023-10-31,Day,T-Shirt,535,"E032, E034, E049, E031, E012, E008, E026, E044, E028, E043",12,M044,Brother,S1000,Yes
2023-10-31,Day,T-Shirt,535,"E032, E034, E049, E031, E012, E008, E026, E044, E028, E043",12,M045,Brother,B2000,No
2023-10-31,Day,T-Shirt,535,"E032, E034, E049, E031, E012, E008, E026, E044, E028, E043",12,M046,Brother,J3000,Yes
2023-10-31,Day,T-Shirt,535,"E032, E034, E049, E031, E012, E008, E026, E044, E028, E043",12,M047,Juki,S1000,No
2023-10-31,Day,T-Shirt,535,"E032, E034, E049, E031, E012, E008, E026, E044, E028, E043",12,M048,Juki,J3000,Yes
2023-10-31,Day,T-Shirt,535,"E032, E034, E049, E031, E012, E008, E026, E044, E028, E043",12,M049,Juki,B2000,No
2023-10-31,Day,T-Shirt,535,"E032, E034, E049, E031, E012, E008, E026, E044, E028, E043",12,M050,Brother,S1000,No
2023-10-31,Night,Dress,301,"E042, E014, E029, E016, E015, E028, E031, E032, E002, E006",5,M001,Singer,J3000,Yes
2023-10-31,Night,Dress,301,"E042, E014, E029, E016, E015, E028, E031, E032, E002, E006",5,M002,Singer,J3000,No
2023-10-31,Night,Dress,301,"E042, E014, E029, E016, E015, E028, E031, E032, E002, E006",5,M003,Juki,B2000,Yes
2023-10-31,Night,Dress,301,"E042, E014, E029, E016, E015, E028, E031, E032, E002, E006",5,M004,Brother,S1000,No
2023-10-31,Night,Dress,301,"E042, E014, E029, E016, E015, E028, E031, E032, E002, E006",5,M005,Brother,B2000,No
2023-10-31,Night,Dress,301,"E042, E014, E029, E016, E015, E028, E031, E032, E002, E006",5,M006,Juki,S1000,No
2023-10-31,Night,Dress,301,"E042, E014, E029, E016, E015, E028, E031, E032, E002, E006",5,M007,Singer,S1000,No
2023-10-31,Night,Dress,301,"E042, E014, E029, E016, E015, E028, E031, E032, E002, E006",5,M008,Juki,J3000,No
2023-10-31,Night,Dress,301,"E042, E014, E029, E016, E015, E028, E031, E032, E002, E006",5,M009,Juki,S1000,No
2023-10-31,Night,Dress,301,"E042, E014, E029, E016, E015, E028, E031, E032, E002, E006",5,M010,Singer,J3000,No
2023-10-31,Night,Dress,301,"E042, E014, E029, E016, E015, E028, E031, E032, E002, E006",5,M011,Juki,B2000,Yes
2023-10-31,Night,Dress,301,"E042, E014, E029, E016, E015, E028, E031, E032, E002, E006",5,M012,Brother,J3000,No
2023-10-31,Night,Dress,301,"E042, E014, E029, E016, E015, E028, E031, E032, E002, E006",5,M013,Singer,J3000,No
2023-10-31,Night,Dress,301,"E042, E014, E029, E016, E015, E028, E031, E032, E002, E006",5,M014,Brother,B2000,No
2023-10-31,Night,Dress,301,"E042, E014, E029, E016, E015, E028, E031, E032, E002, E006",5,M015,Singer,B2000,No
2023-10-31,Night,Dress,301,"E042, E014, E029, E016, E015, E028, E031, E032, E002, E006",5,M016,Juki,S1000,No
2023-10-31,Night,Dress,301,"E042, E014, E029, E016, E015, E028, E031, E032, E002, E006",5,M017,Singer,S1000,No
2023-10-31,Night,Dress,301,"E042, E014, E029, E016, E015, E028, E031, E032, E002, E006",5,M018,Singer,B2000,No
2023-10-31,Night,Dress,301,"E042, E014, E029, E016, E015, E028, E031, E032, E002, E006",5,M019,Singer,J3000,No
2023-10-31,Night,Dress,301,"E042, E014, E029, E016, E015, E028, E031, E032, E002, E006",5,M020,Brother,S1000,Yes
2023-10-31,Night,Dress,301,"E042, E014, E029, E016, E015, E028, E031, E032, E002, E006",5,M021,Singer,S1000,No
2023-10-31,Night,Dress,301,"E042, E014, E029, E016, E015, E028, E031, E032, E002, E006",5,M022,Singer,J3000,Yes
2023-10-31,Night,Dress,301,"E042, E014, E029, E016, E015, E028, E031, E032, E002, E006",5,M023,Singer,S1000,No
2023-10-31,Night,Dress,301,"E042, E014, E029, E016, E015, E028, E031, E032, E002, E006",5,M024,Juki,S1000,Yes
2023-10-31,Night,Dress,301,"E042, E014, E029, E016, E015, E028, E031, E032, E002, E006",5,M025,Juki,S1000,No
2023-10-31,Night,Dress,301,"E042, E014, E029, E016, E015, E028, E031, E032, E002, E006",5,M026,Singer,J3000,No
2023-10-31,Night,Dress,301,"E042, E014, E029, E016, E015, E028, E031, E032, E002, E006",5,M027,Brother,J3000,Yes
2023-10-31,Night,Dress,301,"E042, E014, E029, E016, E015, E028, E031, E032, E002, E006",5,M028,Brother,S1000,No
2023-10-31,Night,Dress,301,"E042, E014, E029, E016, E015, E028, E031, E032, E002, E006",5,M029,Brother,J3000,Yes
2023-10-31,Night,Dress,301,"E042, E014, E029, E016, E015, E028, E031, E032, E002, E006",5,M030,Juki,S1000,No
2023-10-31,Night,Dress,301,"E042, E014, E029, E016, E015, E028, E031, E032, E002, E006",5,M031,Brother,B2000,No
2023-10-31,Night,Dress,301,"E042, E014, E029, E016, E015, E028, E031, E032, E002, E006",5,M032,Brother,J3000,No
2023-10-31,Night,Dress,301,"E042, E014, E029, E016, E015, E028, E031, E032, E002, E006",5,M033,Brother,J3000,No
2023-10-31,Night,Dress,301,"E042, E014, E029, E016, E015, E028, E031, E032, E002, E006",5,M034,Singer,B2000,No
2023-10-31,Night,Dress,301,"E042, E014, E029, E016, E015, E028, E031, E032, E002, E006",5,M035,Singer,B2000,No
2023-10-31,Night,Dress,301,"E042, E014, E029, E016, E015, E028, E031, E032, E002, E006",5,M036,Singer,S1000,No
2023-10-31,Night,Dress,301,"E042, E014, E029, E016, E015, E028, E031, E032, E002, E006",5,M037,Juki,S1000,No
2023-10-31,Night,Dress,301,"E042, E014, E029, E016, E015, E028, E031, E032, E002, E006",5,M038,Juki,B2000,No
2023-10-31,Night,Dress,301,"E042, E014, E029, E016, E015, E028, E031, E032, E002, E006",5,M039,Juki,J3000,No
2023-10-31,Night,Dress,301,"E042, E014, E029, E016, E015, E028, E031, E032, E002, E006",5,M040,Singer,S1000,No
2023-10-31,Night,Dress,301,"E042, E014, E029, E016, E015, E028, E031, E032, E002, E006",5,M041,Brother,B2000,No
2023-10-31,Night,Dress,301,"E042, E014, E029, E016, E015, E028, E031, E032, E002, E006",5,M042,Brother,J3000,No
2023-10-31,Night,Dress,301,"E042, E014, E029, E016, E015, E028, E031, E032, E002, E006",5,M043,Singer,J3000,No
2023-10-31,Night,Dress,301,"E042, E014, E029, E016, E015, E028, E031, E032, E002, E006",5,M044,Brother,B2000,No
2023-10-31,Night,Dress,301,"E042, E014, E029, E016, E015, E028, E031, E032, E002, E006",5,M045,Brother,S1000,No
2023-10-31,Night,Dress,301,"E042, E014, E029, E016, E015, E028, E031, E032, E002, E006",5,M046,Juki,B2000,No
2023-10-31,Night,Dress,301,"E042, E014, E029, E016, E015, E028, E031, E032, E002, E006",5,M047,Brother,J3000,No
2023-10-31,Night,Dress,301,"E042, E014, E029, E016, E015, E028, E031, E032, E002, E006",5,M048,Singer,J3000,Yes
2023-10-31,Night,Dress,301,"E042, E014, E029, E016, E015, E028, E031, E032, E002, E006",5,M049,Brother,J3000,No
2023-10-31,Night,Dress,301,"E042, E014, E029, E016, E015, E028, E031, E032, E002, E006",5,M050,Brother,S1000,No
